entity,code,year,estimated_cases,positive_cases,zero_cases,log10_cases_plus1,annual_total_cases,burden_share
Afghanistan,AFG,1980,6160,TRUE,FALSE,3.7896512087934098,368410,0.016720501615048452
Afghanistan,AFG,1981,5859,TRUE,FALSE,3.767897616018091,460159,0.012732555486255837
Afghanistan,AFG,1982,9730,TRUE,FALSE,3.988157472556753,361396,0.026923374912837996
Afghanistan,AFG,1983,13937,TRUE,FALSE,4.144200460183879,279811,0.04980862081905286
Afghanistan,AFG,1984,3864,TRUE,FALSE,3.5871494982543437,245588,0.01573366776878349
Afghanistan,AFG,1985,13867,TRUE,FALSE,4.142013832984359,269381,0.051477275680170465
Afghanistan,AFG,1986,12901,TRUE,FALSE,4.110657037558031,229922,0.056110333069475736
Afghanistan,AFG,1987,4396,TRUE,FALSE,3.643156465619706,277781,0.015825416425169467
Afghanistan,AFG,1988,2149,TRUE,FALSE,3.3324384599156054,241624,0.008893984041320399
Afghanistan,AFG,1989,385,TRUE,FALSE,2.586587304671755,155499,0.0024759001665605566
Afghanistan,AFG,1990,336,TRUE,FALSE,2.5276299008713385,131538,0.002554394927701501
Afghanistan,AFG,1991,14,TRUE,FALSE,1.1760912590556811,81574,1.716233113492044e-4
Afghanistan,AFG,1995,0,FALSE,TRUE,0,49301,0
Afghanistan,AFG,1997,21,TRUE,FALSE,1.3424226808222062,5755,0.0036490008688097307
Afghanistan,AFG,1998,65,TRUE,FALSE,1.8195439355418688,7044,0.00922771152754117
Afghanistan,AFG,1999,167,TRUE,FALSE,2.225309281725863,7925,0.02107255520504732
Afghanistan,AFG,2000,133,TRUE,FALSE,2.1271047983648077,3297,0.040339702760084924
Afghanistan,AFG,2001,22,TRUE,FALSE,1.3617278360175928,878,0.025056947608200455
Afghanistan,AFG,2002,11,TRUE,FALSE,1.0791812460476249,3565,0.0030855539971949507
Afghanistan,AFG,2003,9,TRUE,FALSE,1,1138,0.007908611599297012
Afghanistan,AFG,2004,4,TRUE,FALSE,0.6989700043360189,1475,0.002711864406779661
Afghanistan,AFG,2005,10,TRUE,FALSE,1.0413926851582251,2696,0.00370919881305638
Afghanistan,AFG,2006,34,TRUE,FALSE,1.5440680443502757,2245,0.015144766146993319
Afghanistan,AFG,2007,19,TRUE,FALSE,1.3010299956639813,1541,0.012329656067488644
Afghanistan,AFG,2008,34,TRUE,FALSE,1.5440680443502757,1926,0.017653167185877467
Afghanistan,AFG,2009,42,TRUE,FALSE,1.6334684555795864,2020,0.020792079207920793
Afghanistan,AFG,2010,33,TRUE,FALSE,1.5314789170422551,1988,0.01659959758551308
Afghanistan,AFG,2011,90,TRUE,FALSE,1.9590413923210936,826,0.1089588377723971
Afghanistan,AFG,2012,51,TRUE,FALSE,1.7160033436347992,325,0.15692307692307692
Afghanistan,AFG,2013,19,TRUE,FALSE,1.3010299956639813,565,0.033628318584070796
Afghanistan,AFG,2014,31,TRUE,FALSE,1.505149978319906,469,0.06609808102345416
Afghanistan,AFG,2015,22,TRUE,FALSE,1.3617278360175928,139,0.15827338129496402
Afghanistan,AFG,2016,14,TRUE,FALSE,1.1760912590556811,49,0.2857142857142857
Afghanistan,AFG,2017,16,TRUE,FALSE,1.230448921378274,131,0.12213740458015267
Afghanistan,AFG,2018,23,TRUE,FALSE,1.380211241711606,203,0.11330049261083744
Afghanistan,AFG,2019,32,TRUE,FALSE,1.5185139398778875,656,0.04878048780487805
Afghanistan,AFG,2020,404,TRUE,FALSE,2.6074550232146687,1871,0.2159273115980759
Albania,ALB,1980,7,TRUE,FALSE,0.9030899869919436,368410,1.9000570017100515e-5
Albania,ALB,1981,7,TRUE,FALSE,0.9030899869919436,460159,1.5212133197438277e-5
Albania,ALB,1982,0,FALSE,TRUE,0,361396,0
Albania,ALB,1983,0,FALSE,TRUE,0,279811,0
Albania,ALB,1984,0,FALSE,TRUE,0,245588,0
Albania,ALB,1985,7,TRUE,FALSE,0.9030899869919436,269381,2.5985500090949252e-5
Albania,ALB,1986,0,FALSE,TRUE,0,229922,0
Albania,ALB,1987,0,FALSE,TRUE,0,277781,0
Albania,ALB,1988,0,FALSE,TRUE,0,241624,0
Albania,ALB,1989,0,FALSE,TRUE,0,155499,0
Albania,ALB,1990,0,FALSE,TRUE,0,131538,0
Albania,ALB,1991,7,TRUE,FALSE,0.9030899869919436,81574,8.58116556746022e-5
Albania,ALB,1992,0,FALSE,TRUE,0,100113,0
Albania,ALB,1993,7,TRUE,FALSE,0.9030899869919436,73500,9.523809523809524e-5
Albania,ALB,1994,0,FALSE,TRUE,0,60662,0
Albania,ALB,1995,0,FALSE,TRUE,0,49301,0
Albania,ALB,1996,153,TRUE,FALSE,2.187520720836463,4517,0.0338720389639141
Albania,ALB,1997,0,FALSE,TRUE,0,5755,0
Albania,ALB,1998,0,FALSE,TRUE,0,7044,0
Albania,ALB,1999,0,FALSE,TRUE,0,7925,0
Albania,ALB,2000,0,FALSE,TRUE,0,3297,0
Albania,ALB,2001,0,FALSE,TRUE,0,878,0
Albania,ALB,2002,0,FALSE,TRUE,0,3565,0
Albania,ALB,2003,0,FALSE,TRUE,0,1138,0
Albania,ALB,2004,0,FALSE,TRUE,0,1475,0
Albania,ALB,2005,0,FALSE,TRUE,0,2696,0
Albania,ALB,2006,0,FALSE,TRUE,0,2245,0
Albania,ALB,2007,0,FALSE,TRUE,0,1541,0
Albania,ALB,2008,0,FALSE,TRUE,0,1926,0
Albania,ALB,2009,0,FALSE,TRUE,0,2020,0
Albania,ALB,2010,0,FALSE,TRUE,0,1988,0
Albania,ALB,2011,0,FALSE,TRUE,0,826,0
Albania,ALB,2012,0,FALSE,TRUE,0,325,0
Albania,ALB,2013,0,FALSE,TRUE,0,565,0
Albania,ALB,2014,0,FALSE,TRUE,0,469,0
Albania,ALB,2015,0,FALSE,TRUE,0,139,0
Albania,ALB,2016,0,FALSE,TRUE,0,49,0
Albania,ALB,2017,0,FALSE,TRUE,0,131,0
Albania,ALB,2018,0,FALSE,TRUE,0,203,0
Albania,ALB,2019,0,FALSE,TRUE,0,656,0
Albania,ALB,2020,0,FALSE,TRUE,0,1871,0
Algeria,DZA,1980,812,TRUE,FALSE,2.910090545594068,368410,0.0022040661219836595
Algeria,DZA,1981,798,TRUE,FALSE,2.902546779313991,460159,0.0017341831845079636
Algeria,DZA,1982,497,TRUE,FALSE,2.6972293427597176,361396,0.001375222747346401
Algeria,DZA,1983,924,TRUE,FALSE,2.9661417327390325,279811,0.0033022290045780904
Algeria,DZA,1984,756,TRUE,FALSE,2.8790958795000727,245588,0.0030783263025880745
Algeria,DZA,1985,462,TRUE,FALSE,2.6655809910179533,269381,0.0017150430060026505
Algeria,DZA,1986,203,TRUE,FALSE,2.3096301674258988,229922,8.829081166656518e-4
Algeria,DZA,1987,245,TRUE,FALSE,2.3909351071033793,277781,8.819897689186806e-4
Algeria,DZA,1988,63,TRUE,FALSE,1.806179973983887,241624,2.6073568850776415e-4
Algeria,DZA,1989,126,TRUE,FALSE,2.103803720955957,155499,8.102945999652731e-4
Algeria,DZA,1990,14,TRUE,FALSE,1.1760912590556811,131538,1.0643312198756252e-4
Algeria,DZA,1991,0,FALSE,TRUE,0,81574,0
Algeria,DZA,1992,7,TRUE,FALSE,0.9030899869919436,100113,6.992098928211121e-5
Algeria,DZA,1993,7,TRUE,FALSE,0.9030899869919436,73500,9.523809523809524e-5
Algeria,DZA,1994,28,TRUE,FALSE,1.462397997898956,60662,4.6157396722824835e-4
Algeria,DZA,1995,28,TRUE,FALSE,1.462397997898956,49301,5.679397983813716e-4
Algeria,DZA,1996,8,TRUE,FALSE,0.9542425094393248,4517,0.0017710870046491033
Algeria,DZA,1997,0,FALSE,TRUE,0,5755,0
Algeria,DZA,1998,0,FALSE,TRUE,0,7044,0
Algeria,DZA,1999,11,TRUE,FALSE,1.0791812460476249,7925,0.00138801261829653
Algeria,DZA,2000,0,FALSE,TRUE,0,3297,0
Algeria,DZA,2001,2,TRUE,FALSE,0.4771212547196624,878,0.002277904328018223
Algeria,DZA,2002,0,FALSE,TRUE,0,3565,0
Algeria,DZA,2003,0,FALSE,TRUE,0,1138,0
Algeria,DZA,2004,0,FALSE,TRUE,0,1475,0
Algeria,DZA,2005,0,FALSE,TRUE,0,2696,0
Algeria,DZA,2006,0,FALSE,TRUE,0,2245,0
Algeria,DZA,2007,0,FALSE,TRUE,0,1541,0
Algeria,DZA,2008,0,FALSE,TRUE,0,1926,0
Algeria,DZA,2009,0,FALSE,TRUE,0,2020,0
Algeria,DZA,2010,0,FALSE,TRUE,0,1988,0
Algeria,DZA,2011,0,FALSE,TRUE,0,826,0
Algeria,DZA,2012,0,FALSE,TRUE,0,325,0
Algeria,DZA,2013,0,FALSE,TRUE,0,565,0
Algeria,DZA,2014,0,FALSE,TRUE,0,469,0
Algeria,DZA,2015,0,FALSE,TRUE,0,139,0
Algeria,DZA,2016,0,FALSE,TRUE,0,49,0
Algeria,DZA,2017,0,FALSE,TRUE,0,131,0
Algeria,DZA,2018,0,FALSE,TRUE,0,203,0
Algeria,DZA,2019,0,FALSE,TRUE,0,656,0
Algeria,DZA,2020,0,FALSE,TRUE,0,1871,0
Andorra,AND,1999,0,FALSE,TRUE,0,7925,0
Andorra,AND,2000,0,FALSE,TRUE,0,3297,0
Andorra,AND,2001,0,FALSE,TRUE,0,878,0
Andorra,AND,2002,0,FALSE,TRUE,0,3565,0
Andorra,AND,2003,0,FALSE,TRUE,0,1138,0
Andorra,AND,2004,0,FALSE,TRUE,0,1475,0
Andorra,AND,2005,0,FALSE,TRUE,0,2696,0
Andorra,AND,2006,0,FALSE,TRUE,0,2245,0
Andorra,AND,2007,0,FALSE,TRUE,0,1541,0
Andorra,AND,2008,0,FALSE,TRUE,0,1926,0
Andorra,AND,2009,0,FALSE,TRUE,0,2020,0
Andorra,AND,2010,0,FALSE,TRUE,0,1988,0
Andorra,AND,2011,0,FALSE,TRUE,0,826,0
Andorra,AND,2012,0,FALSE,TRUE,0,325,0
Andorra,AND,2013,0,FALSE,TRUE,0,565,0
Andorra,AND,2014,0,FALSE,TRUE,0,469,0
Andorra,AND,2015,0,FALSE,TRUE,0,139,0
Andorra,AND,2016,0,FALSE,TRUE,0,49,0
Andorra,AND,2017,0,FALSE,TRUE,0,131,0
Andorra,AND,2018,0,FALSE,TRUE,0,203,0
Andorra,AND,2019,0,FALSE,TRUE,0,656,0
Andorra,AND,2020,0,FALSE,TRUE,0,1871,0
Angola,AGO,1980,224,TRUE,FALSE,2.3521825181113627,368410,6.080182405472165e-4
Angola,AGO,1981,84,TRUE,FALSE,1.9294189257142929,460159,1.8254559836925933e-4
Angola,AGO,1982,42,TRUE,FALSE,1.6334684555795864,361396,1.1621600681800573e-4
Angola,AGO,1983,0,FALSE,TRUE,0,279811,0
Angola,AGO,1984,21,TRUE,FALSE,1.3424226808222062,245588,8.550906396077984e-5
Angola,AGO,1985,98,TRUE,FALSE,1.99563519459755,269381,3.637970012732895e-4
Angola,AGO,1986,259,TRUE,FALSE,2.4149733479708178,229922,0.0011264689764354868
Angola,AGO,1987,105,TRUE,FALSE,2.0253058652647704,277781,3.779956152508631e-4
Angola,AGO,1988,0,FALSE,TRUE,0,241624,0
Angola,AGO,1989,0,FALSE,TRUE,0,155499,0
Angola,AGO,1991,0,FALSE,TRUE,0,81574,0
Angola,AGO,1992,0,FALSE,TRUE,0,100113,0
Angola,AGO,1993,1043,TRUE,FALSE,3.0187004986662433,73500,0.01419047619047619
Angola,AGO,1994,378,TRUE,FALSE,2.578639209968072,60662,0.006231248557581353
Angola,AGO,1995,1064,TRUE,FALSE,3.0273496077747564,49301,0.02158171233849212
Angola,AGO,1996,90,TRUE,FALSE,1.9590413923210936,4517,0.019924728802302415
Angola,AGO,1997,17,TRUE,FALSE,1.255272505103306,5755,0.002953953084274544
Angola,AGO,1998,8,TRUE,FALSE,0.9542425094393248,7044,0.001135718341851221
Angola,AGO,1999,1224,TRUE,FALSE,3.0881360887005513,7925,0.15444794952681387
Angola,AGO,2000,128,TRUE,FALSE,2.110589710299249,3297,0.038823172581134366
Angola,AGO,2001,2,TRUE,FALSE,0.4771212547196624,878,0.002277904328018223
Angola,AGO,2002,0,FALSE,TRUE,0,3565,0
Angola,AGO,2003,0,FALSE,TRUE,0,1138,0
Angola,AGO,2004,0,FALSE,TRUE,0,1475,0
Angola,AGO,2005,11,TRUE,FALSE,1.0791812460476249,2696,0.004080118694362018
Angola,AGO,2006,2,TRUE,FALSE,0.4771212547196624,2245,8.908685968819599e-4
Angola,AGO,2007,9,TRUE,FALSE,1,1541,0.005840363400389357
Angola,AGO,2008,32,TRUE,FALSE,1.5185139398778875,1926,0.016614745586708203
Angola,AGO,2009,32,TRUE,FALSE,1.5185139398778875,2020,0.015841584158415842
Angola,AGO,2010,37,TRUE,FALSE,1.57978359661681,1988,0.018611670020120725
Angola,AGO,2011,6,TRUE,FALSE,0.8450980400142568,826,0.007263922518159807
Angola,AGO,2012,0,FALSE,TRUE,0,325,0
Angola,AGO,2013,0,FALSE,TRUE,0,565,0
Angola,AGO,2014,0,FALSE,TRUE,0,469,0
Angola,AGO,2015,0,FALSE,TRUE,0,139,0
Angola,AGO,2016,0,FALSE,TRUE,0,49,0
Angola,AGO,2017,0,FALSE,TRUE,0,131,0
Angola,AGO,2018,0,FALSE,TRUE,0,203,0
Angola,AGO,2019,153,TRUE,FALSE,2.187520720836463,656,0.23323170731707318
Angola,AGO,2020,6,TRUE,FALSE,0.8450980400142568,1871,0.003206841261357563
Antigua and Barbuda,ATG,1980,0,FALSE,TRUE,0,368410,0
Antigua and Barbuda,ATG,1981,0,FALSE,TRUE,0,460159,0
Antigua and Barbuda,ATG,1982,0,FALSE,TRUE,0,361396,0
Antigua and Barbuda,ATG,1983,0,FALSE,TRUE,0,279811,0
Antigua and Barbuda,ATG,1984,0,FALSE,TRUE,0,245588,0
Antigua and Barbuda,ATG,1985,0,FALSE,TRUE,0,269381,0
Antigua and Barbuda,ATG,1986,0,FALSE,TRUE,0,229922,0
Antigua and Barbuda,ATG,1987,0,FALSE,TRUE,0,277781,0
Antigua and Barbuda,ATG,1988,0,FALSE,TRUE,0,241624,0
Antigua and Barbuda,ATG,1989,0,FALSE,TRUE,0,155499,0
Antigua and Barbuda,ATG,1990,0,FALSE,TRUE,0,131538,0
Antigua and Barbuda,ATG,1991,0,FALSE,TRUE,0,81574,0
Antigua and Barbuda,ATG,1992,0,FALSE,TRUE,0,100113,0
Antigua and Barbuda,ATG,1993,0,FALSE,TRUE,0,73500,0
Antigua and Barbuda,ATG,1994,0,FALSE,TRUE,0,60662,0
Antigua and Barbuda,ATG,1995,0,FALSE,TRUE,0,49301,0
Antigua and Barbuda,ATG,1996,0,FALSE,TRUE,0,4517,0
Antigua and Barbuda,ATG,1997,0,FALSE,TRUE,0,5755,0
Antigua and Barbuda,ATG,1998,0,FALSE,TRUE,0,7044,0
Antigua and Barbuda,ATG,1999,0,FALSE,TRUE,0,7925,0
Antigua and Barbuda,ATG,2000,0,FALSE,TRUE,0,3297,0
Antigua and Barbuda,ATG,2001,0,FALSE,TRUE,0,878,0
Antigua and Barbuda,ATG,2002,0,FALSE,TRUE,0,3565,0
Antigua and Barbuda,ATG,2003,0,FALSE,TRUE,0,1138,0
Antigua and Barbuda,ATG,2004,0,FALSE,TRUE,0,1475,0
Antigua and Barbuda,ATG,2005,0,FALSE,TRUE,0,2696,0
Antigua and Barbuda,ATG,2006,0,FALSE,TRUE,0,2245,0
Antigua and Barbuda,ATG,2007,0,FALSE,TRUE,0,1541,0
Antigua and Barbuda,ATG,2008,0,FALSE,TRUE,0,1926,0
Antigua and Barbuda,ATG,2010,0,FALSE,TRUE,0,1988,0
Argentina,ARG,1980,224,TRUE,FALSE,2.3521825181113627,368410,6.080182405472165e-4
Argentina,ARG,1981,14,TRUE,FALSE,1.1760912590556811,460159,3.0424266394876555e-5
Argentina,ARG,1982,84,TRUE,FALSE,1.9294189257142929,361396,2.3243201363601146e-4
Argentina,ARG,1983,182,TRUE,FALSE,2.2624510897304293,279811,6.504390463562905e-4
Argentina,ARG,1984,7,TRUE,FALSE,0.9030899869919436,245588,2.8503021320259948e-5
Argentina,ARG,1985,14,TRUE,FALSE,1.1760912590556811,269381,5.1971000181898504e-5
Argentina,ARG,1986,0,FALSE,TRUE,0,229922,0
Argentina,ARG,1987,0,FALSE,TRUE,0,277781,0
Argentina,ARG,1988,0,FALSE,TRUE,0,241624,0
Argentina,ARG,1989,0,FALSE,TRUE,0,155499,0
Argentina,ARG,1990,0,FALSE,TRUE,0,131538,0
Argentina,ARG,1991,0,FALSE,TRUE,0,81574,0
Argentina,ARG,1992,0,FALSE,TRUE,0,100113,0
Argentina,ARG,1993,0,FALSE,TRUE,0,73500,0
Argentina,ARG,1994,0,FALSE,TRUE,0,60662,0
Argentina,ARG,1995,0,FALSE,TRUE,0,49301,0
Argentina,ARG,1996,0,FALSE,TRUE,0,4517,0
Argentina,ARG,1997,0,FALSE,TRUE,0,5755,0
Argentina,ARG,1998,0,FALSE,TRUE,0,7044,0
Argentina,ARG,1999,0,FALSE,TRUE,0,7925,0
Argentina,ARG,2000,0,FALSE,TRUE,0,3297,0
Argentina,ARG,2001,0,FALSE,TRUE,0,878,0
Argentina,ARG,2002,0,FALSE,TRUE,0,3565,0
Argentina,ARG,2003,0,FALSE,TRUE,0,1138,0
Argentina,ARG,2004,0,FALSE,TRUE,0,1475,0
Argentina,ARG,2005,0,FALSE,TRUE,0,2696,0
Argentina,ARG,2006,0,FALSE,TRUE,0,2245,0
Argentina,ARG,2007,0,FALSE,TRUE,0,1541,0
Argentina,ARG,2008,0,FALSE,TRUE,0,1926,0
Argentina,ARG,2009,0,FALSE,TRUE,0,2020,0
Argentina,ARG,2010,0,FALSE,TRUE,0,1988,0
Argentina,ARG,2011,0,FALSE,TRUE,0,826,0
Argentina,ARG,2012,0,FALSE,TRUE,0,325,0
Argentina,ARG,2013,0,FALSE,TRUE,0,565,0
Argentina,ARG,2014,0,FALSE,TRUE,0,469,0
Argentina,ARG,2015,0,FALSE,TRUE,0,139,0
Argentina,ARG,2016,0,FALSE,TRUE,0,49,0
Argentina,ARG,2017,0,FALSE,TRUE,0,131,0
Argentina,ARG,2018,0,FALSE,TRUE,0,203,0
Argentina,ARG,2019,0,FALSE,TRUE,0,656,0
Argentina,ARG,2020,0,FALSE,TRUE,0,1871,0
Armenia,ARM,1991,21,TRUE,FALSE,1.3424226808222062,81574,2.574349670238066e-4
Armenia,ARM,1992,7,TRUE,FALSE,0.9030899869919436,100113,6.992098928211121e-5
Armenia,ARM,1993,0,FALSE,TRUE,0,73500,0
Armenia,ARM,1994,35,TRUE,FALSE,1.5563025007672873,60662,5.769674590353104e-4
Armenia,ARM,1995,21,TRUE,FALSE,1.3424226808222062,49301,4.259548487860287e-4
Armenia,ARM,1996,0,FALSE,TRUE,0,4517,0
Armenia,ARM,1997,0,FALSE,TRUE,0,5755,0
Armenia,ARM,1998,0,FALSE,TRUE,0,7044,0
Armenia,ARM,1999,0,FALSE,TRUE,0,7925,0
Armenia,ARM,2000,0,FALSE,TRUE,0,3297,0
Armenia,ARM,2001,0,FALSE,TRUE,0,878,0
Armenia,ARM,2002,0,FALSE,TRUE,0,3565,0
Armenia,ARM,2003,0,FALSE,TRUE,0,1138,0
Armenia,ARM,2004,0,FALSE,TRUE,0,1475,0
Armenia,ARM,2005,0,FALSE,TRUE,0,2696,0
Armenia,ARM,2006,0,FALSE,TRUE,0,2245,0
Armenia,ARM,2007,0,FALSE,TRUE,0,1541,0
Armenia,ARM,2008,0,FALSE,TRUE,0,1926,0
Armenia,ARM,2009,0,FALSE,TRUE,0,2020,0
Armenia,ARM,2010,0,FALSE,TRUE,0,1988,0
Armenia,ARM,2011,0,FALSE,TRUE,0,826,0
Armenia,ARM,2012,0,FALSE,TRUE,0,325,0
Armenia,ARM,2013,0,FALSE,TRUE,0,565,0
Armenia,ARM,2014,0,FALSE,TRUE,0,469,0
Armenia,ARM,2015,0,FALSE,TRUE,0,139,0
Armenia,ARM,2016,0,FALSE,TRUE,0,49,0
Armenia,ARM,2017,0,FALSE,TRUE,0,131,0
Armenia,ARM,2018,0,FALSE,TRUE,0,203,0
Armenia,ARM,2019,0,FALSE,TRUE,0,656,0
Armenia,ARM,2020,0,FALSE,TRUE,0,1871,0
Australia,AUS,1980,0,FALSE,TRUE,0,368410,0
Australia,AUS,1981,0,FALSE,TRUE,0,460159,0
Australia,AUS,1982,0,FALSE,TRUE,0,361396,0
Australia,AUS,1983,0,FALSE,TRUE,0,279811,0
Australia,AUS,1984,0,FALSE,TRUE,0,245588,0
Australia,AUS,1985,0,FALSE,TRUE,0,269381,0
Australia,AUS,1986,7,TRUE,FALSE,0.9030899869919436,229922,3.0445107471229372e-5
Australia,AUS,1987,0,FALSE,TRUE,0,277781,0
Australia,AUS,1988,0,FALSE,TRUE,0,241624,0
Australia,AUS,1989,0,FALSE,TRUE,0,155499,0
Australia,AUS,1990,0,FALSE,TRUE,0,131538,0
Australia,AUS,1991,0,FALSE,TRUE,0,81574,0
Australia,AUS,1992,0,FALSE,TRUE,0,100113,0
Australia,AUS,1993,0,FALSE,TRUE,0,73500,0
Australia,AUS,1994,0,FALSE,TRUE,0,60662,0
Australia,AUS,1995,0,FALSE,TRUE,0,49301,0
Australia,AUS,1996,0,FALSE,TRUE,0,4517,0
Australia,AUS,1997,0,FALSE,TRUE,0,5755,0
Australia,AUS,1998,0,FALSE,TRUE,0,7044,0
Australia,AUS,1999,0,FALSE,TRUE,0,7925,0
Australia,AUS,2000,0,FALSE,TRUE,0,3297,0
Australia,AUS,2001,0,FALSE,TRUE,0,878,0
Australia,AUS,2002,0,FALSE,TRUE,0,3565,0
Australia,AUS,2003,0,FALSE,TRUE,0,1138,0
Australia,AUS,2004,0,FALSE,TRUE,0,1475,0
Australia,AUS,2005,0,FALSE,TRUE,0,2696,0
Australia,AUS,2006,0,FALSE,TRUE,0,2245,0
Australia,AUS,2007,0,FALSE,TRUE,0,1541,0
Australia,AUS,2008,0,FALSE,TRUE,0,1926,0
Australia,AUS,2009,0,FALSE,TRUE,0,2020,0
Australia,AUS,2010,0,FALSE,TRUE,0,1988,0
Australia,AUS,2011,0,FALSE,TRUE,0,826,0
Australia,AUS,2012,0,FALSE,TRUE,0,325,0
Australia,AUS,2013,0,FALSE,TRUE,0,565,0
Australia,AUS,2014,0,FALSE,TRUE,0,469,0
Australia,AUS,2015,0,FALSE,TRUE,0,139,0
Australia,AUS,2016,0,FALSE,TRUE,0,49,0
Australia,AUS,2017,0,FALSE,TRUE,0,131,0
Australia,AUS,2018,0,FALSE,TRUE,0,203,0
Australia,AUS,2019,0,FALSE,TRUE,0,656,0
Australia,AUS,2020,0,FALSE,TRUE,0,1871,0
Austria,AUT,1980,7,TRUE,FALSE,0.9030899869919436,368410,1.9000570017100515e-5
Austria,AUT,1981,0,FALSE,TRUE,0,460159,0
Austria,AUT,1982,0,FALSE,TRUE,0,361396,0
Austria,AUT,1983,0,FALSE,TRUE,0,279811,0
Austria,AUT,1984,0,FALSE,TRUE,0,245588,0
Austria,AUT,1985,0,FALSE,TRUE,0,269381,0
Austria,AUT,1986,0,FALSE,TRUE,0,229922,0
Austria,AUT,1987,0,FALSE,TRUE,0,277781,0
Austria,AUT,1988,0,FALSE,TRUE,0,241624,0
Austria,AUT,1989,0,FALSE,TRUE,0,155499,0
Austria,AUT,1990,0,FALSE,TRUE,0,131538,0
Austria,AUT,1991,0,FALSE,TRUE,0,81574,0
Austria,AUT,1992,0,FALSE,TRUE,0,100113,0
Austria,AUT,1993,0,FALSE,TRUE,0,73500,0
Austria,AUT,1994,0,FALSE,TRUE,0,60662,0
Austria,AUT,1995,0,FALSE,TRUE,0,49301,0
Austria,AUT,1996,0,FALSE,TRUE,0,4517,0
Austria,AUT,1997,0,FALSE,TRUE,0,5755,0
Austria,AUT,1998,0,FALSE,TRUE,0,7044,0
Austria,AUT,1999,0,FALSE,TRUE,0,7925,0
Austria,AUT,2000,0,FALSE,TRUE,0,3297,0
Austria,AUT,2001,0,FALSE,TRUE,0,878,0
Austria,AUT,2002,0,FALSE,TRUE,0,3565,0
Austria,AUT,2003,0,FALSE,TRUE,0,1138,0
Austria,AUT,2004,0,FALSE,TRUE,0,1475,0
Austria,AUT,2005,0,FALSE,TRUE,0,2696,0
Austria,AUT,2006,0,FALSE,TRUE,0,2245,0
Austria,AUT,2007,0,FALSE,TRUE,0,1541,0
Austria,AUT,2008,0,FALSE,TRUE,0,1926,0
Austria,AUT,2009,0,FALSE,TRUE,0,2020,0
Austria,AUT,2010,0,FALSE,TRUE,0,1988,0
Austria,AUT,2011,0,FALSE,TRUE,0,826,0
Austria,AUT,2012,0,FALSE,TRUE,0,325,0
Austria,AUT,2013,0,FALSE,TRUE,0,565,0
Austria,AUT,2014,0,FALSE,TRUE,0,469,0
Austria,AUT,2015,0,FALSE,TRUE,0,139,0
Austria,AUT,2016,0,FALSE,TRUE,0,49,0
Austria,AUT,2017,0,FALSE,TRUE,0,131,0
Austria,AUT,2018,0,FALSE,TRUE,0,203,0
Austria,AUT,2019,0,FALSE,TRUE,0,656,0
Austria,AUT,2020,0,FALSE,TRUE,0,1871,0
Azerbaijan,AZE,1991,147,TRUE,FALSE,2.1702617153949575,81574,0.0018020447691666462
Azerbaijan,AZE,1992,154,TRUE,FALSE,2.1903316981702914,100113,0.0015382617642064468
Azerbaijan,AZE,1993,483,TRUE,FALSE,2.6848453616444123,73500,0.006571428571428572
Azerbaijan,AZE,1994,112,TRUE,FALSE,2.0530784434834195,60662,0.0018462958689129934
Azerbaijan,AZE,1995,35,TRUE,FALSE,1.5563025007672873,49301,7.099247479767144e-4
Azerbaijan,AZE,1996,0,FALSE,TRUE,0,4517,0
Azerbaijan,AZE,1997,0,FALSE,TRUE,0,5755,0
Azerbaijan,AZE,1998,0,FALSE,TRUE,0,7044,0
Azerbaijan,AZE,1999,0,FALSE,TRUE,0,7925,0
Azerbaijan,AZE,2000,0,FALSE,TRUE,0,3297,0
Azerbaijan,AZE,2001,0,FALSE,TRUE,0,878,0
Azerbaijan,AZE,2002,0,FALSE,TRUE,0,3565,0
Azerbaijan,AZE,2003,0,FALSE,TRUE,0,1138,0
Azerbaijan,AZE,2004,0,FALSE,TRUE,0,1475,0
Azerbaijan,AZE,2005,0,FALSE,TRUE,0,2696,0
Azerbaijan,AZE,2006,0,FALSE,TRUE,0,2245,0
Azerbaijan,AZE,2007,0,FALSE,TRUE,0,1541,0
Azerbaijan,AZE,2008,0,FALSE,TRUE,0,1926,0
Azerbaijan,AZE,2009,0,FALSE,TRUE,0,2020,0
Azerbaijan,AZE,2010,0,FALSE,TRUE,0,1988,0
Azerbaijan,AZE,2011,0,FALSE,TRUE,0,826,0
Azerbaijan,AZE,2012,0,FALSE,TRUE,0,325,0
Azerbaijan,AZE,2013,0,FALSE,TRUE,0,565,0
Azerbaijan,AZE,2014,0,FALSE,TRUE,0,469,0
Azerbaijan,AZE,2015,0,FALSE,TRUE,0,139,0
Azerbaijan,AZE,2016,0,FALSE,TRUE,0,49,0
Azerbaijan,AZE,2017,0,FALSE,TRUE,0,131,0
Azerbaijan,AZE,2018,0,FALSE,TRUE,0,203,0
Azerbaijan,AZE,2019,0,FALSE,TRUE,0,656,0
Azerbaijan,AZE,2020,0,FALSE,TRUE,0,1871,0
Bahamas,BHS,1980,0,FALSE,TRUE,0,368410,0
Bahamas,BHS,1981,0,FALSE,TRUE,0,460159,0
Bahamas,BHS,1982,0,FALSE,TRUE,0,361396,0
Bahamas,BHS,1983,0,FALSE,TRUE,0,279811,0
Bahamas,BHS,1984,0,FALSE,TRUE,0,245588,0
Bahamas,BHS,1985,0,FALSE,TRUE,0,269381,0
Bahamas,BHS,1986,0,FALSE,TRUE,0,229922,0
Bahamas,BHS,1987,0,FALSE,TRUE,0,277781,0
Bahamas,BHS,1988,0,FALSE,TRUE,0,241624,0
Bahamas,BHS,1989,0,FALSE,TRUE,0,155499,0
Bahamas,BHS,1990,0,FALSE,TRUE,0,131538,0
Bahamas,BHS,1991,0,FALSE,TRUE,0,81574,0
Bahamas,BHS,1992,0,FALSE,TRUE,0,100113,0
Bahamas,BHS,1993,0,FALSE,TRUE,0,73500,0
Bahamas,BHS,1994,0,FALSE,TRUE,0,60662,0
Bahamas,BHS,1995,0,FALSE,TRUE,0,49301,0
Bahamas,BHS,1996,0,FALSE,TRUE,0,4517,0
Bahamas,BHS,1997,0,FALSE,TRUE,0,5755,0
Bahamas,BHS,1998,0,FALSE,TRUE,0,7044,0
Bahamas,BHS,1999,0,FALSE,TRUE,0,7925,0
Bahamas,BHS,2000,0,FALSE,TRUE,0,3297,0
Bahamas,BHS,2001,0,FALSE,TRUE,0,878,0
Bahamas,BHS,2002,0,FALSE,TRUE,0,3565,0
Bahamas,BHS,2003,0,FALSE,TRUE,0,1138,0
Bahamas,BHS,2004,0,FALSE,TRUE,0,1475,0
Bahamas,BHS,2005,0,FALSE,TRUE,0,2696,0
Bahamas,BHS,2006,0,FALSE,TRUE,0,2245,0
Bahamas,BHS,2007,0,FALSE,TRUE,0,1541,0
Bahamas,BHS,2008,0,FALSE,TRUE,0,1926,0
Bahamas,BHS,2010,0,FALSE,TRUE,0,1988,0
Bahrain,BHR,1980,42,TRUE,FALSE,1.6334684555795864,368410,1.1400342010260308e-4
Bahrain,BHR,1981,35,TRUE,FALSE,1.5563025007672873,460159,7.606066598719138e-5
Bahrain,BHR,1982,0,FALSE,TRUE,0,361396,0
Bahrain,BHR,1983,0,FALSE,TRUE,0,279811,0
Bahrain,BHR,1984,0,FALSE,TRUE,0,245588,0
Bahrain,BHR,1985,0,FALSE,TRUE,0,269381,0
Bahrain,BHR,1986,0,FALSE,TRUE,0,229922,0
Bahrain,BHR,1987,0,FALSE,TRUE,0,277781,0
Bahrain,BHR,1988,0,FALSE,TRUE,0,241624,0
Bahrain,BHR,1989,0,FALSE,TRUE,0,155499,0
Bahrain,BHR,1990,0,FALSE,TRUE,0,131538,0
Bahrain,BHR,1991,0,FALSE,TRUE,0,81574,0
Bahrain,BHR,1992,0,FALSE,TRUE,0,100113,0
Bahrain,BHR,1993,14,TRUE,FALSE,1.1760912590556811,73500,1.9047619047619048e-4
Bahrain,BHR,1994,0,FALSE,TRUE,0,60662,0
Bahrain,BHR,1995,0,FALSE,TRUE,0,49301,0
Bahrain,BHR,1996,0,FALSE,TRUE,0,4517,0
Bahrain,BHR,1997,0,FALSE,TRUE,0,5755,0
Bahrain,BHR,1998,0,FALSE,TRUE,0,7044,0
Bahrain,BHR,1999,0,FALSE,TRUE,0,7925,0
Bahrain,BHR,2000,0,FALSE,TRUE,0,3297,0
Bahrain,BHR,2001,0,FALSE,TRUE,0,878,0
Bahrain,BHR,2002,0,FALSE,TRUE,0,3565,0
Bahrain,BHR,2003,0,FALSE,TRUE,0,1138,0
Bahrain,BHR,2004,0,FALSE,TRUE,0,1475,0
Bahrain,BHR,2005,0,FALSE,TRUE,0,2696,0
Bahrain,BHR,2006,0,FALSE,TRUE,0,2245,0
Bahrain,BHR,2007,0,FALSE,TRUE,0,1541,0
Bahrain,BHR,2008,0,FALSE,TRUE,0,1926,0
Bahrain,BHR,2009,0,FALSE,TRUE,0,2020,0
Bahrain,BHR,2010,0,FALSE,TRUE,0,1988,0
Bahrain,BHR,2011,0,FALSE,TRUE,0,826,0
Bahrain,BHR,2012,0,FALSE,TRUE,0,325,0
Bahrain,BHR,2013,0,FALSE,TRUE,0,565,0
Bahrain,BHR,2014,0,FALSE,TRUE,0,469,0
Bahrain,BHR,2015,0,FALSE,TRUE,0,139,0
Bahrain,BHR,2016,0,FALSE,TRUE,0,49,0
Bahrain,BHR,2017,0,FALSE,TRUE,0,131,0
Bahrain,BHR,2018,0,FALSE,TRUE,0,203,0
Bahrain,BHR,2019,0,FALSE,TRUE,0,656,0
Bahrain,BHR,2020,0,FALSE,TRUE,0,1871,0
Bangladesh,BGD,1980,455,TRUE,FALSE,2.658964842664435,368410,0.0012350370511115334
Bangladesh,BGD,1981,686,TRUE,FALSE,2.8369567370595505,460159,0.001490789053348951
Bangladesh,BGD,1982,2233,TRUE,FALSE,3.34908316877959,361396,0.006178817695823972
Bangladesh,BGD,1983,896,TRUE,FALSE,2.952792443044092,279811,0.003202161458984815
Bangladesh,BGD,1984,896,TRUE,FALSE,2.952792443044092,245588,0.0036483867289932733
Bangladesh,BGD,1985,623,TRUE,FALSE,2.795184589682424,269381,0.002312709508094483
Bangladesh,BGD,1986,1106,TRUE,FALSE,3.044147620878723,229922,0.004810326980454241
Bangladesh,BGD,1987,714,TRUE,FALSE,2.8543060418010806,277781,0.002570370183705869
Bangladesh,BGD,1988,3780,TRUE,FALSE,3.5776066773625357,241624,0.015644141310465848
Bangladesh,BGD,1989,3143,TRUE,FALSE,3.4974825373673704,155499,0.02021234863246709
Bangladesh,BGD,1990,2618,TRUE,FALSE,3.418135498425232,131538,0.019902993811674194
Bangladesh,BGD,1991,2009,TRUE,FALSE,3.303196057420489,81574,0.024627945178610833
Bangladesh,BGD,1992,1463,TRUE,FALSE,3.165541076722373,100113,0.014613486759961243
Bangladesh,BGD,1993,1631,TRUE,FALSE,3.2127201544178425,73500,0.02219047619047619
Bangladesh,BGD,1994,2023,TRUE,FALSE,3.3062105081677613,60662,0.03334871913224094
Bangladesh,BGD,1995,343,TRUE,FALSE,2.53655844257153,49301,0.006957262530171802
Bangladesh,BGD,1996,108,TRUE,FALSE,2.037426497940624,4517,0.023909674562762894
Bangladesh,BGD,1997,192,TRUE,FALSE,2.285557309007774,5755,0.03336229365768897
Bangladesh,BGD,1998,332,TRUE,FALSE,2.5224442335063197,7044,0.04713231118682567
Bangladesh,BGD,1999,436,TRUE,FALSE,2.640481436970422,7925,0.05501577287066246
Bangladesh,BGD,2000,220,TRUE,FALSE,2.3443922736851106,3297,0.06672732787382468
Bangladesh,BGD,2001,0,FALSE,TRUE,0,878,0
Bangladesh,BGD,2002,0,FALSE,TRUE,0,3565,0
Bangladesh,BGD,2003,0,FALSE,TRUE,0,1138,0
Bangladesh,BGD,2004,0,FALSE,TRUE,0,1475,0
Bangladesh,BGD,2005,0,FALSE,TRUE,0,2696,0
Bangladesh,BGD,2006,20,TRUE,FALSE,1.3222192947339193,2245,0.008908685968819599
Bangladesh,BGD,2007,0,FALSE,TRUE,0,1541,0
Bangladesh,BGD,2008,0,FALSE,TRUE,0,1926,0
Bangladesh,BGD,2009,0,FALSE,TRUE,0,2020,0
Bangladesh,BGD,2010,0,FALSE,TRUE,0,1988,0
Bangladesh,BGD,2011,0,FALSE,TRUE,0,826,0
Bangladesh,BGD,2012,0,FALSE,TRUE,0,325,0
Bangladesh,BGD,2013,0,FALSE,TRUE,0,565,0
Bangladesh,BGD,2014,0,FALSE,TRUE,0,469,0
Bangladesh,BGD,2015,0,FALSE,TRUE,0,139,0
Bangladesh,BGD,2016,0,FALSE,TRUE,0,49,0
Bangladesh,BGD,2017,0,FALSE,TRUE,0,131,0
Bangladesh,BGD,2018,0,FALSE,TRUE,0,203,0
Bangladesh,BGD,2019,0,FALSE,TRUE,0,656,0
Bangladesh,BGD,2020,0,FALSE,TRUE,0,1871,0
Barbados,BRB,1980,0,FALSE,TRUE,0,368410,0
Barbados,BRB,1981,0,FALSE,TRUE,0,460159,0
Barbados,BRB,1982,0,FALSE,TRUE,0,361396,0
Barbados,BRB,1983,0,FALSE,TRUE,0,279811,0
Barbados,BRB,1984,0,FALSE,TRUE,0,245588,0
Barbados,BRB,1985,0,FALSE,TRUE,0,269381,0
Barbados,BRB,1986,0,FALSE,TRUE,0,229922,0
Barbados,BRB,1987,0,FALSE,TRUE,0,277781,0
Barbados,BRB,1988,0,FALSE,TRUE,0,241624,0
Barbados,BRB,1989,0,FALSE,TRUE,0,155499,0
Barbados,BRB,1990,0,FALSE,TRUE,0,131538,0
Barbados,BRB,1991,0,FALSE,TRUE,0,81574,0
Barbados,BRB,1992,0,FALSE,TRUE,0,100113,0
Barbados,BRB,1993,0,FALSE,TRUE,0,73500,0
Barbados,BRB,1994,0,FALSE,TRUE,0,60662,0
Barbados,BRB,1995,0,FALSE,TRUE,0,49301,0
Barbados,BRB,1996,0,FALSE,TRUE,0,4517,0
Barbados,BRB,1997,0,FALSE,TRUE,0,5755,0
Barbados,BRB,1998,0,FALSE,TRUE,0,7044,0
Barbados,BRB,1999,0,FALSE,TRUE,0,7925,0
Barbados,BRB,2000,0,FALSE,TRUE,0,3297,0
Barbados,BRB,2001,0,FALSE,TRUE,0,878,0
Barbados,BRB,2002,0,FALSE,TRUE,0,3565,0
Barbados,BRB,2003,0,FALSE,TRUE,0,1138,0
Barbados,BRB,2004,0,FALSE,TRUE,0,1475,0
Barbados,BRB,2005,0,FALSE,TRUE,0,2696,0
Barbados,BRB,2006,0,FALSE,TRUE,0,2245,0
Barbados,BRB,2007,0,FALSE,TRUE,0,1541,0
Barbados,BRB,2008,0,FALSE,TRUE,0,1926,0
Barbados,BRB,2010,0,FALSE,TRUE,0,1988,0
Belarus,BLR,1991,0,FALSE,TRUE,0,81574,0
Belarus,BLR,1992,7,TRUE,FALSE,0.9030899869919436,100113,6.992098928211121e-5
Belarus,BLR,1993,7,TRUE,FALSE,0.9030899869919436,73500,9.523809523809524e-5
Belarus,BLR,1994,14,TRUE,FALSE,1.1760912590556811,60662,2.3078698361412417e-4
Belarus,BLR,1995,0,FALSE,TRUE,0,49301,0
Belarus,BLR,1996,0,FALSE,TRUE,0,4517,0
Belarus,BLR,1997,0,FALSE,TRUE,0,5755,0
Belarus,BLR,1998,0,FALSE,TRUE,0,7044,0
Belarus,BLR,1999,0,FALSE,TRUE,0,7925,0
Belarus,BLR,2000,0,FALSE,TRUE,0,3297,0
Belarus,BLR,2001,0,FALSE,TRUE,0,878,0
Belarus,BLR,2002,0,FALSE,TRUE,0,3565,0
Belarus,BLR,2003,0,FALSE,TRUE,0,1138,0
Belarus,BLR,2004,0,FALSE,TRUE,0,1475,0
Belarus,BLR,2005,0,FALSE,TRUE,0,2696,0
Belarus,BLR,2006,0,FALSE,TRUE,0,2245,0
Belarus,BLR,2007,0,FALSE,TRUE,0,1541,0
Belarus,BLR,2008,0,FALSE,TRUE,0,1926,0
Belarus,BLR,2009,0,FALSE,TRUE,0,2020,0
Belarus,BLR,2010,0,FALSE,TRUE,0,1988,0
Belarus,BLR,2011,0,FALSE,TRUE,0,826,0
Belarus,BLR,2012,0,FALSE,TRUE,0,325,0
Belarus,BLR,2013,0,FALSE,TRUE,0,565,0
Belarus,BLR,2014,0,FALSE,TRUE,0,469,0
Belarus,BLR,2015,0,FALSE,TRUE,0,139,0
Belarus,BLR,2016,0,FALSE,TRUE,0,49,0
Belarus,BLR,2017,0,FALSE,TRUE,0,131,0
Belarus,BLR,2018,0,FALSE,TRUE,0,203,0
Belarus,BLR,2019,0,FALSE,TRUE,0,656,0
Belarus,BLR,2020,0,FALSE,TRUE,0,1871,0
Belgium,BEL,1980,7,TRUE,FALSE,0.9030899869919436,368410,1.9000570017100515e-5
Belgium,BEL,1981,0,FALSE,TRUE,0,460159,0
Belgium,BEL,1982,0,FALSE,TRUE,0,361396,0
Belgium,BEL,1983,7,TRUE,FALSE,0.9030899869919436,279811,2.5016886398318866e-5
Belgium,BEL,1984,0,FALSE,TRUE,0,245588,0
Belgium,BEL,1985,0,FALSE,TRUE,0,269381,0
Belgium,BEL,1986,0,FALSE,TRUE,0,229922,0
Belgium,BEL,1987,0,FALSE,TRUE,0,277781,0
Belgium,BEL,1988,0,FALSE,TRUE,0,241624,0
Belgium,BEL,1989,14,TRUE,FALSE,1.1760912590556811,155499,9.003273332947479e-5
Belgium,BEL,1990,0,FALSE,TRUE,0,131538,0
Belgium,BEL,1991,0,FALSE,TRUE,0,81574,0
Belgium,BEL,1992,0,FALSE,TRUE,0,100113,0
Belgium,BEL,1993,0,FALSE,TRUE,0,73500,0
Belgium,BEL,1994,0,FALSE,TRUE,0,60662,0
Belgium,BEL,1995,0,FALSE,TRUE,0,49301,0
Belgium,BEL,1996,0,FALSE,TRUE,0,4517,0
Belgium,BEL,1997,0,FALSE,TRUE,0,5755,0
Belgium,BEL,1998,0,FALSE,TRUE,0,7044,0
Belgium,BEL,1999,0,FALSE,TRUE,0,7925,0
Belgium,BEL,2000,0,FALSE,TRUE,0,3297,0
Belgium,BEL,2001,0,FALSE,TRUE,0,878,0
Belgium,BEL,2002,0,FALSE,TRUE,0,3565,0
Belgium,BEL,2003,0,FALSE,TRUE,0,1138,0
Belgium,BEL,2004,0,FALSE,TRUE,0,1475,0
Belgium,BEL,2005,0,FALSE,TRUE,0,2696,0
Belgium,BEL,2006,0,FALSE,TRUE,0,2245,0
Belgium,BEL,2007,0,FALSE,TRUE,0,1541,0
Belgium,BEL,2008,0,FALSE,TRUE,0,1926,0
Belgium,BEL,2009,0,FALSE,TRUE,0,2020,0
Belgium,BEL,2010,0,FALSE,TRUE,0,1988,0
Belgium,BEL,2011,0,FALSE,TRUE,0,826,0
Belgium,BEL,2012,0,FALSE,TRUE,0,325,0
Belgium,BEL,2013,0,FALSE,TRUE,0,565,0
Belgium,BEL,2014,0,FALSE,TRUE,0,469,0
Belgium,BEL,2015,0,FALSE,TRUE,0,139,0
Belgium,BEL,2016,0,FALSE,TRUE,0,49,0
Belgium,BEL,2017,0,FALSE,TRUE,0,131,0
Belgium,BEL,2018,0,FALSE,TRUE,0,203,0
Belgium,BEL,2019,0,FALSE,TRUE,0,656,0
Belgium,BEL,2020,0,FALSE,TRUE,0,1871,0
Belize,BLZ,1980,21,TRUE,FALSE,1.3424226808222062,368410,5.700171005130154e-5
Belize,BLZ,1981,0,FALSE,TRUE,0,460159,0
Belize,BLZ,1982,0,FALSE,TRUE,0,361396,0
Belize,BLZ,1983,0,FALSE,TRUE,0,279811,0
Belize,BLZ,1984,0,FALSE,TRUE,0,245588,0
Belize,BLZ,1985,0,FALSE,TRUE,0,269381,0
Belize,BLZ,1986,0,FALSE,TRUE,0,229922,0
Belize,BLZ,1987,0,FALSE,TRUE,0,277781,0
Belize,BLZ,1988,0,FALSE,TRUE,0,241624,0
Belize,BLZ,1989,0,FALSE,TRUE,0,155499,0
Belize,BLZ,1990,0,FALSE,TRUE,0,131538,0
Belize,BLZ,1991,0,FALSE,TRUE,0,81574,0
Belize,BLZ,1992,0,FALSE,TRUE,0,100113,0
Belize,BLZ,1993,0,FALSE,TRUE,0,73500,0
Belize,BLZ,1994,0,FALSE,TRUE,0,60662,0
Belize,BLZ,1995,0,FALSE,TRUE,0,49301,0
Belize,BLZ,1996,0,FALSE,TRUE,0,4517,0
Belize,BLZ,1997,0,FALSE,TRUE,0,5755,0
Belize,BLZ,1998,0,FALSE,TRUE,0,7044,0
Belize,BLZ,1999,0,FALSE,TRUE,0,7925,0
Belize,BLZ,2000,0,FALSE,TRUE,0,3297,0
Belize,BLZ,2001,0,FALSE,TRUE,0,878,0
Belize,BLZ,2002,0,FALSE,TRUE,0,3565,0
Belize,BLZ,2003,0,FALSE,TRUE,0,1138,0
Belize,BLZ,2004,0,FALSE,TRUE,0,1475,0
Belize,BLZ,2005,0,FALSE,TRUE,0,2696,0
Belize,BLZ,2006,0,FALSE,TRUE,0,2245,0
Belize,BLZ,2007,0,FALSE,TRUE,0,1541,0
Belize,BLZ,2008,0,FALSE,TRUE,0,1926,0
Belize,BLZ,2010,0,FALSE,TRUE,0,1988,0
Benin,BEN,1980,1085,TRUE,FALSE,3.035829825252828,368410,0.0029450883526505795
Benin,BEN,1981,1505,TRUE,FALSE,3.177824971864682,460159,0.0032706086374492296
Benin,BEN,1982,966,TRUE,FALSE,2.9854264740830017,361396,0.002672968156814132
Benin,BEN,1983,413,TRUE,FALSE,2.617000341120899,279811,0.001475996297500813
Benin,BEN,1984,364,TRUE,FALSE,2.562292864456474,245588,0.0014821571086535172
Benin,BEN,1985,623,TRUE,FALSE,2.795184589682424,269381,0.002312709508094483
Benin,BEN,1986,665,TRUE,FALSE,2.823474229170301,229922,0.0028922852097667904
Benin,BEN,1987,518,TRUE,FALSE,2.7151673578484576,277781,0.0018647783685709245
Benin,BEN,1988,217,TRUE,FALSE,2.3384564936046046,241624,8.980895937489654e-4
Benin,BEN,1989,385,TRUE,FALSE,2.586587304671755,155499,0.0024759001665605566
Benin,BEN,1990,567,TRUE,FALSE,2.754348335711019,131538,0.004310541440496282
Benin,BEN,1991,126,TRUE,FALSE,2.103803720955957,81574,0.0015446098021428397
Benin,BEN,1992,623,TRUE,FALSE,2.795184589682424,100113,0.0062229680461078985
Benin,BEN,1993,119,TRUE,FALSE,2.0791812460476247,73500,0.0016190476190476191
Benin,BEN,1994,399,TRUE,FALSE,2.6020599913279625,60662,0.006577429033002538
Benin,BEN,1995,49,TRUE,FALSE,1.6989700043360187,49301,9.938946471674003e-4
Benin,BEN,1996,7,TRUE,FALSE,0.9030899869919436,4517,0.0015497011290679654
Benin,BEN,1997,3,TRUE,FALSE,0.6020599913279624,5755,5.212858384013901e-4
Benin,BEN,1998,9,TRUE,FALSE,1,7044,0.0012776831345826234
Benin,BEN,1999,41,TRUE,FALSE,1.6232492903979006,7925,0.005173501577287066
Benin,BEN,2000,1,TRUE,FALSE,0.3010299956639812,3297,3.0330603579011223e-4
Benin,BEN,2001,0,FALSE,TRUE,0,878,0
Benin,BEN,2002,0,FALSE,TRUE,0,3565,0
Benin,BEN,2003,2,TRUE,FALSE,0.4771212547196624,1138,0.0017574692442882249
Benin,BEN,2004,7,TRUE,FALSE,0.9030899869919436,1475,0.0047457627118644066
Benin,BEN,2005,0,FALSE,TRUE,0,2696,0
Benin,BEN,2006,0,FALSE,TRUE,0,2245,0
Benin,BEN,2007,0,FALSE,TRUE,0,1541,0
Benin,BEN,2008,7,TRUE,FALSE,0.9030899869919436,1926,0.0036344755970924196
Benin,BEN,2009,22,TRUE,FALSE,1.3617278360175928,2020,0.01089108910891089
Benin,BEN,2010,0,FALSE,TRUE,0,1988,0
Benin,BEN,2011,0,FALSE,TRUE,0,826,0
Benin,BEN,2012,0,FALSE,TRUE,0,325,0
Benin,BEN,2013,0,FALSE,TRUE,0,565,0
Benin,BEN,2014,0,FALSE,TRUE,0,469,0
Benin,BEN,2015,0,FALSE,TRUE,0,139,0
Benin,BEN,2016,0,FALSE,TRUE,0,49,0
Benin,BEN,2017,0,FALSE,TRUE,0,131,0
Benin,BEN,2018,0,FALSE,TRUE,0,203,0
Benin,BEN,2019,9,TRUE,FALSE,1,656,0.013719512195121951
Benin,BEN,2020,3,TRUE,FALSE,0.6020599913279624,1871,0.0016034206306787815
Bhutan,BTN,1980,42,TRUE,FALSE,1.6334684555795864,368410,1.1400342010260308e-4
Bhutan,BTN,1981,0,FALSE,TRUE,0,460159,0
Bhutan,BTN,1982,0,FALSE,TRUE,0,361396,0
Bhutan,BTN,1984,49,TRUE,FALSE,1.6989700043360187,245588,1.9952114924181964e-4
Bhutan,BTN,1985,14,TRUE,FALSE,1.1760912590556811,269381,5.1971000181898504e-5
Bhutan,BTN,1986,42,TRUE,FALSE,1.6334684555795864,229922,1.8267064482737624e-4
Bhutan,BTN,1987,0,FALSE,TRUE,0,277781,0
Bhutan,BTN,1988,252,TRUE,FALSE,2.403120521175818,241624,0.0010429427540310566
Bhutan,BTN,1989,0,FALSE,TRUE,0,155499,0
Bhutan,BTN,1990,0,FALSE,TRUE,0,131538,0
Bhutan,BTN,1991,0,FALSE,TRUE,0,81574,0
Bhutan,BTN,1992,0,FALSE,TRUE,0,100113,0
Bhutan,BTN,1993,0,FALSE,TRUE,0,73500,0
Bhutan,BTN,1994,0,FALSE,TRUE,0,60662,0
Bhutan,BTN,1995,0,FALSE,TRUE,0,49301,0
Bhutan,BTN,1997,0,FALSE,TRUE,0,5755,0
Bhutan,BTN,1998,2,TRUE,FALSE,0.4771212547196624,7044,2.8392958546280523e-4
Bhutan,BTN,1999,0,FALSE,TRUE,0,7925,0
Bhutan,BTN,2000,0,FALSE,TRUE,0,3297,0
Bhutan,BTN,2001,0,FALSE,TRUE,0,878,0
Bhutan,BTN,2002,0,FALSE,TRUE,0,3565,0
Bhutan,BTN,2003,0,FALSE,TRUE,0,1138,0
Bhutan,BTN,2004,0,FALSE,TRUE,0,1475,0
Bhutan,BTN,2005,0,FALSE,TRUE,0,2696,0
Bhutan,BTN,2006,0,FALSE,TRUE,0,2245,0
Bhutan,BTN,2007,0,FALSE,TRUE,0,1541,0
Bhutan,BTN,2008,0,FALSE,TRUE,0,1926,0
Bhutan,BTN,2009,0,FALSE,TRUE,0,2020,0
Bhutan,BTN,2010,0,FALSE,TRUE,0,1988,0
Bhutan,BTN,2011,0,FALSE,TRUE,0,826,0
Bhutan,BTN,2012,0,FALSE,TRUE,0,325,0
Bhutan,BTN,2013,0,FALSE,TRUE,0,565,0
Bhutan,BTN,2014,0,FALSE,TRUE,0,469,0
Bhutan,BTN,2015,0,FALSE,TRUE,0,139,0
Bhutan,BTN,2016,0,FALSE,TRUE,0,49,0
Bhutan,BTN,2017,0,FALSE,TRUE,0,131,0
Bhutan,BTN,2018,0,FALSE,TRUE,0,203,0
Bhutan,BTN,2019,0,FALSE,TRUE,0,656,0
Bhutan,BTN,2020,0,FALSE,TRUE,0,1871,0
Bolivia,BOL,1980,336,TRUE,FALSE,2.5276299008713385,368410,9.120273608208246e-4
Bolivia,BOL,1981,63,TRUE,FALSE,1.806179973983887,460159,1.369091987769445e-4
Bolivia,BOL,1982,70,TRUE,FALSE,1.8512583487190752,361396,1.9369334469667622e-4
Bolivia,BOL,1983,49,TRUE,FALSE,1.6989700043360187,279811,1.7511820478823207e-4
Bolivia,BOL,1984,0,FALSE,TRUE,0,245588,0
Bolivia,BOL,1985,0,FALSE,TRUE,0,269381,0
Bolivia,BOL,1986,28,TRUE,FALSE,1.462397997898956,229922,1.2178042988491749e-4
Bolivia,BOL,1987,49,TRUE,FALSE,1.6989700043360187,277781,1.763979537837361e-4
Bolivia,BOL,1988,7,TRUE,FALSE,0.9030899869919436,241624,2.8970632056418236e-5
Bolivia,BOL,1989,14,TRUE,FALSE,1.1760912590556811,155499,9.003273332947479e-5
Bolivia,BOL,1990,0,FALSE,TRUE,0,131538,0
Bolivia,BOL,1991,0,FALSE,TRUE,0,81574,0
Bolivia,BOL,1992,0,FALSE,TRUE,0,100113,0
Bolivia,BOL,1993,0,FALSE,TRUE,0,73500,0
Bolivia,BOL,1994,0,FALSE,TRUE,0,60662,0
Bolivia,BOL,1995,0,FALSE,TRUE,0,49301,0
Bolivia,BOL,1996,0,FALSE,TRUE,0,4517,0
Bolivia,BOL,1997,0,FALSE,TRUE,0,5755,0
Bolivia,BOL,1998,0,FALSE,TRUE,0,7044,0
Bolivia,BOL,1999,0,FALSE,TRUE,0,7925,0
Bolivia,BOL,2000,0,FALSE,TRUE,0,3297,0
Bolivia,BOL,2001,0,FALSE,TRUE,0,878,0
Bolivia,BOL,2002,0,FALSE,TRUE,0,3565,0
Bolivia,BOL,2003,0,FALSE,TRUE,0,1138,0
Bolivia,BOL,2004,0,FALSE,TRUE,0,1475,0
Bolivia,BOL,2005,0,FALSE,TRUE,0,2696,0
Bolivia,BOL,2006,0,FALSE,TRUE,0,2245,0
Bolivia,BOL,2007,0,FALSE,TRUE,0,1541,0
Bolivia,BOL,2008,0,FALSE,TRUE,0,1926,0
Bolivia,BOL,2009,0,FALSE,TRUE,0,2020,0
Bolivia,BOL,2010,0,FALSE,TRUE,0,1988,0
Bolivia,BOL,2011,0,FALSE,TRUE,0,826,0
Bolivia,BOL,2012,0,FALSE,TRUE,0,325,0
Bolivia,BOL,2013,0,FALSE,TRUE,0,565,0
Bolivia,BOL,2014,0,FALSE,TRUE,0,469,0
Bolivia,BOL,2015,0,FALSE,TRUE,0,139,0
Bolivia,BOL,2016,0,FALSE,TRUE,0,49,0
Bolivia,BOL,2017,0,FALSE,TRUE,0,131,0
Bolivia,BOL,2018,0,FALSE,TRUE,0,203,0
Bolivia,BOL,2019,0,FALSE,TRUE,0,656,0
Bolivia,BOL,2020,0,FALSE,TRUE,0,1871,0
Bosnia and Herzegovina,BIH,1991,0,FALSE,TRUE,0,81574,0
Bosnia and Herzegovina,BIH,1992,0,FALSE,TRUE,0,100113,0
Bosnia and Herzegovina,BIH,1993,0,FALSE,TRUE,0,73500,0
Bosnia and Herzegovina,BIH,1994,0,FALSE,TRUE,0,60662,0
Bosnia and Herzegovina,BIH,1995,0,FALSE,TRUE,0,49301,0
Bosnia and Herzegovina,BIH,1996,0,FALSE,TRUE,0,4517,0
Bosnia and Herzegovina,BIH,1997,0,FALSE,TRUE,0,5755,0
Bosnia and Herzegovina,BIH,1998,0,FALSE,TRUE,0,7044,0
Bosnia and Herzegovina,BIH,1999,0,FALSE,TRUE,0,7925,0
Bosnia and Herzegovina,BIH,2000,0,FALSE,TRUE,0,3297,0
Bosnia and Herzegovina,BIH,2001,0,FALSE,TRUE,0,878,0
Bosnia and Herzegovina,BIH,2002,0,FALSE,TRUE,0,3565,0
Bosnia and Herzegovina,BIH,2003,0,FALSE,TRUE,0,1138,0
Bosnia and Herzegovina,BIH,2004,0,FALSE,TRUE,0,1475,0
Bosnia and Herzegovina,BIH,2005,0,FALSE,TRUE,0,2696,0
Bosnia and Herzegovina,BIH,2006,0,FALSE,TRUE,0,2245,0
Bosnia and Herzegovina,BIH,2007,0,FALSE,TRUE,0,1541,0
Bosnia and Herzegovina,BIH,2008,0,FALSE,TRUE,0,1926,0
Bosnia and Herzegovina,BIH,2009,0,FALSE,TRUE,0,2020,0
Bosnia and Herzegovina,BIH,2010,0,FALSE,TRUE,0,1988,0
Bosnia and Herzegovina,BIH,2011,0,FALSE,TRUE,0,826,0
Bosnia and Herzegovina,BIH,2012,0,FALSE,TRUE,0,325,0
Bosnia and Herzegovina,BIH,2013,0,FALSE,TRUE,0,565,0
Bosnia and Herzegovina,BIH,2014,0,FALSE,TRUE,0,469,0
Bosnia and Herzegovina,BIH,2015,0,FALSE,TRUE,0,139,0
Bosnia and Herzegovina,BIH,2016,0,FALSE,TRUE,0,49,0
Bosnia and Herzegovina,BIH,2017,0,FALSE,TRUE,0,131,0
Bosnia and Herzegovina,BIH,2018,0,FALSE,TRUE,0,203,0
Bosnia and Herzegovina,BIH,2019,0,FALSE,TRUE,0,656,0
Bosnia and Herzegovina,BIH,2020,0,FALSE,TRUE,0,1871,0
Botswana,BWA,1980,7,TRUE,FALSE,0.9030899869919436,368410,1.9000570017100515e-5
Botswana,BWA,1981,7,TRUE,FALSE,0.9030899869919436,460159,1.5212133197438277e-5
Botswana,BWA,1982,28,TRUE,FALSE,1.462397997898956,361396,7.74773378786705e-5
Botswana,BWA,1983,14,TRUE,FALSE,1.1760912590556811,279811,5.003377279663773e-5
Botswana,BWA,1984,35,TRUE,FALSE,1.5563025007672873,245588,1.4251510660129974e-4
Botswana,BWA,1985,21,TRUE,FALSE,1.3424226808222062,269381,7.795650027284775e-5
Botswana,BWA,1986,14,TRUE,FALSE,1.1760912590556811,229922,6.0890214942458744e-5
Botswana,BWA,1987,7,TRUE,FALSE,0.9030899869919436,277781,2.5199707683390872e-5
Botswana,BWA,1988,0,FALSE,TRUE,0,241624,0
Botswana,BWA,1989,7,TRUE,FALSE,0.9030899869919436,155499,4.5016366664737395e-5
Botswana,BWA,1990,0,FALSE,TRUE,0,131538,0
Botswana,BWA,1991,0,FALSE,TRUE,0,81574,0
Botswana,BWA,1992,0,FALSE,TRUE,0,100113,0
Botswana,BWA,1993,0,FALSE,TRUE,0,73500,0
Botswana,BWA,1994,0,FALSE,TRUE,0,60662,0
Botswana,BWA,1995,0,FALSE,TRUE,0,49301,0
Botswana,BWA,1996,0,FALSE,TRUE,0,4517,0
Botswana,BWA,1997,3,TRUE,FALSE,0.6020599913279624,5755,5.212858384013901e-4
Botswana,BWA,1998,0,FALSE,TRUE,0,7044,0
Botswana,BWA,1999,0,FALSE,TRUE,0,7925,0
Botswana,BWA,2000,0,FALSE,TRUE,0,3297,0
Botswana,BWA,2001,0,FALSE,TRUE,0,878,0
Botswana,BWA,2002,0,FALSE,TRUE,0,3565,0
Botswana,BWA,2003,0,FALSE,TRUE,0,1138,0
Botswana,BWA,2004,1,TRUE,FALSE,0.3010299956639812,1475,6.779661016949153e-4
Botswana,BWA,2005,0,FALSE,TRUE,0,2696,0
Botswana,BWA,2006,0,FALSE,TRUE,0,2245,0
Botswana,BWA,2007,0,FALSE,TRUE,0,1541,0
Botswana,BWA,2008,0,FALSE,TRUE,0,1926,0
Botswana,BWA,2009,0,FALSE,TRUE,0,2020,0
Botswana,BWA,2010,0,FALSE,TRUE,0,1988,0
Botswana,BWA,2011,0,FALSE,TRUE,0,826,0
Botswana,BWA,2012,0,FALSE,TRUE,0,325,0
Botswana,BWA,2013,0,FALSE,TRUE,0,565,0
Botswana,BWA,2014,0,FALSE,TRUE,0,469,0
Botswana,BWA,2015,0,FALSE,TRUE,0,139,0
Botswana,BWA,2016,0,FALSE,TRUE,0,49,0
Botswana,BWA,2017,0,FALSE,TRUE,0,131,0
Botswana,BWA,2018,0,FALSE,TRUE,0,203,0
Botswana,BWA,2019,0,FALSE,TRUE,0,656,0
Botswana,BWA,2020,0,FALSE,TRUE,0,1871,0
Brazil,BRA,1980,9394,TRUE,FALSE,3.9728967844365446,368410,0.025498764962948887
Brazil,BRA,1981,854,TRUE,FALSE,2.931966114728173,460159,0.0018558802500874697
Brazil,BRA,1982,483,TRUE,FALSE,2.6848453616444123,361396,0.001336484078407066
Brazil,BRA,1983,315,TRUE,FALSE,2.499687082618404,279811,0.001125759887924349
Brazil,BRA,1984,574,TRUE,FALSE,2.7596678446896306,245588,0.0023372477482613155
Brazil,BRA,1985,2303,TRUE,FALSE,3.3624824747511743,269381,0.008549229529922304
Brazil,BRA,1986,4284,TRUE,FALSE,3.631950826259217,229922,0.018632405772392377
Brazil,BRA,1987,1379,TRUE,FALSE,3.1398790864012365,277781,0.004964342413628002
Brazil,BRA,1988,749,TRUE,FALSE,2.8750612633917,241624,0.003099857630036751
Brazil,BRA,1989,175,TRUE,FALSE,2.24551266781415,155499,0.001125409166618435
Brazil,BRA,1990,0,FALSE,TRUE,0,131538,0
Brazil,BRA,1991,0,FALSE,TRUE,0,81574,0
Brazil,BRA,1992,0,FALSE,TRUE,0,100113,0
Brazil,BRA,1993,0,FALSE,TRUE,0,73500,0
Brazil,BRA,1994,0,FALSE,TRUE,0,60662,0
Brazil,BRA,1995,0,FALSE,TRUE,0,49301,0
Brazil,BRA,1996,0,FALSE,TRUE,0,4517,0
Brazil,BRA,1997,0,FALSE,TRUE,0,5755,0
Brazil,BRA,1998,0,FALSE,TRUE,0,7044,0
Brazil,BRA,1999,0,FALSE,TRUE,0,7925,0
Brazil,BRA,2000,0,FALSE,TRUE,0,3297,0
Brazil,BRA,2001,0,FALSE,TRUE,0,878,0
Brazil,BRA,2002,0,FALSE,TRUE,0,3565,0
Brazil,BRA,2003,0,FALSE,TRUE,0,1138,0
Brazil,BRA,2004,0,FALSE,TRUE,0,1475,0
Brazil,BRA,2005,0,FALSE,TRUE,0,2696,0
Brazil,BRA,2006,0,FALSE,TRUE,0,2245,0
Brazil,BRA,2007,0,FALSE,TRUE,0,1541,0
Brazil,BRA,2008,0,FALSE,TRUE,0,1926,0
Brazil,BRA,2009,0,FALSE,TRUE,0,2020,0
Brazil,BRA,2010,0,FALSE,TRUE,0,1988,0
Brazil,BRA,2011,0,FALSE,TRUE,0,826,0
Brazil,BRA,2012,0,FALSE,TRUE,0,325,0
Brazil,BRA,2013,0,FALSE,TRUE,0,565,0
Brazil,BRA,2014,0,FALSE,TRUE,0,469,0
Brazil,BRA,2015,0,FALSE,TRUE,0,139,0
Brazil,BRA,2016,0,FALSE,TRUE,0,49,0
Brazil,BRA,2017,0,FALSE,TRUE,0,131,0
Brazil,BRA,2018,0,FALSE,TRUE,0,203,0
Brazil,BRA,2019,0,FALSE,TRUE,0,656,0
Brazil,BRA,2020,0,FALSE,TRUE,0,1871,0
Brunei,BRN,1980,0,FALSE,TRUE,0,368410,0
Brunei,BRN,1981,0,FALSE,TRUE,0,460159,0
Brunei,BRN,1982,0,FALSE,TRUE,0,361396,0
Brunei,BRN,1983,0,FALSE,TRUE,0,279811,0
Brunei,BRN,1984,0,FALSE,TRUE,0,245588,0
Brunei,BRN,1985,0,FALSE,TRUE,0,269381,0
Brunei,BRN,1986,0,FALSE,TRUE,0,229922,0
Brunei,BRN,1987,0,FALSE,TRUE,0,277781,0
Brunei,BRN,1988,0,FALSE,TRUE,0,241624,0
Brunei,BRN,1989,0,FALSE,TRUE,0,155499,0
Brunei,BRN,1990,0,FALSE,TRUE,0,131538,0
Brunei,BRN,1991,0,FALSE,TRUE,0,81574,0
Brunei,BRN,1992,0,FALSE,TRUE,0,100113,0
Brunei,BRN,1993,0,FALSE,TRUE,0,73500,0
Brunei,BRN,1994,0,FALSE,TRUE,0,60662,0
Brunei,BRN,1995,0,FALSE,TRUE,0,49301,0
Brunei,BRN,1996,0,FALSE,TRUE,0,4517,0
Brunei,BRN,1997,0,FALSE,TRUE,0,5755,0
Brunei,BRN,1998,0,FALSE,TRUE,0,7044,0
Brunei,BRN,1999,0,FALSE,TRUE,0,7925,0
Brunei,BRN,2000,0,FALSE,TRUE,0,3297,0
Brunei,BRN,2001,0,FALSE,TRUE,0,878,0
Brunei,BRN,2002,0,FALSE,TRUE,0,3565,0
Brunei,BRN,2003,0,FALSE,TRUE,0,1138,0
Brunei,BRN,2004,0,FALSE,TRUE,0,1475,0
Brunei,BRN,2005,0,FALSE,TRUE,0,2696,0
Brunei,BRN,2006,0,FALSE,TRUE,0,2245,0
Brunei,BRN,2007,0,FALSE,TRUE,0,1541,0
Brunei,BRN,2008,0,FALSE,TRUE,0,1926,0
Brunei,BRN,2009,0,FALSE,TRUE,0,2020,0
Brunei,BRN,2010,0,FALSE,TRUE,0,1988,0
Brunei,BRN,2011,0,FALSE,TRUE,0,826,0
Brunei,BRN,2012,0,FALSE,TRUE,0,325,0
Brunei,BRN,2013,0,FALSE,TRUE,0,565,0
Brunei,BRN,2014,0,FALSE,TRUE,0,469,0
Brunei,BRN,2015,0,FALSE,TRUE,0,139,0
Brunei,BRN,2016,0,FALSE,TRUE,0,49,0
Brunei,BRN,2017,0,FALSE,TRUE,0,131,0
Brunei,BRN,2018,0,FALSE,TRUE,0,203,0
Brunei,BRN,2019,0,FALSE,TRUE,0,656,0
Brunei,BRN,2020,0,FALSE,TRUE,0,1871,0
Bulgaria,BGR,1980,105,TRUE,FALSE,2.0253058652647704,368410,2.850085502565077e-4
Bulgaria,BGR,1981,0,FALSE,TRUE,0,460159,0
Bulgaria,BGR,1982,7,TRUE,FALSE,0.9030899869919436,361396,1.9369334469667624e-5
Bulgaria,BGR,1983,7,TRUE,FALSE,0.9030899869919436,279811,2.5016886398318866e-5
Bulgaria,BGR,1984,7,TRUE,FALSE,0.9030899869919436,245588,2.8503021320259948e-5
Bulgaria,BGR,1985,0,FALSE,TRUE,0,269381,0
Bulgaria,BGR,1986,0,FALSE,TRUE,0,229922,0
Bulgaria,BGR,1987,0,FALSE,TRUE,0,277781,0
Bulgaria,BGR,1988,0,FALSE,TRUE,0,241624,0
Bulgaria,BGR,1989,7,TRUE,FALSE,0.9030899869919436,155499,4.5016366664737395e-5
Bulgaria,BGR,1990,0,FALSE,TRUE,0,131538,0
Bulgaria,BGR,1991,322,TRUE,FALSE,2.509202522331103,81574,0.003947336161031701
Bulgaria,BGR,1992,0,FALSE,TRUE,0,100113,0
Bulgaria,BGR,1993,0,FALSE,TRUE,0,73500,0
Bulgaria,BGR,1994,0,FALSE,TRUE,0,60662,0
Bulgaria,BGR,1995,0,FALSE,TRUE,0,49301,0
Bulgaria,BGR,1996,0,FALSE,TRUE,0,4517,0
Bulgaria,BGR,1997,0,FALSE,TRUE,0,5755,0
Bulgaria,BGR,1998,0,FALSE,TRUE,0,7044,0
Bulgaria,BGR,1999,0,FALSE,TRUE,0,7925,0
Bulgaria,BGR,2000,0,FALSE,TRUE,0,3297,0
Bulgaria,BGR,2001,2,TRUE,FALSE,0.4771212547196624,878,0.002277904328018223
Bulgaria,BGR,2002,0,FALSE,TRUE,0,3565,0
Bulgaria,BGR,2003,0,FALSE,TRUE,0,1138,0
Bulgaria,BGR,2004,0,FALSE,TRUE,0,1475,0
Bulgaria,BGR,2005,0,FALSE,TRUE,0,2696,0
Bulgaria,BGR,2006,0,FALSE,TRUE,0,2245,0
Bulgaria,BGR,2007,0,FALSE,TRUE,0,1541,0
Bulgaria,BGR,2008,0,FALSE,TRUE,0,1926,0
Bulgaria,BGR,2009,0,FALSE,TRUE,0,2020,0
Bulgaria,BGR,2010,0,FALSE,TRUE,0,1988,0
Bulgaria,BGR,2011,0,FALSE,TRUE,0,826,0
Bulgaria,BGR,2012,0,FALSE,TRUE,0,325,0
Bulgaria,BGR,2013,0,FALSE,TRUE,0,565,0
Bulgaria,BGR,2014,0,FALSE,TRUE,0,469,0
Bulgaria,BGR,2015,0,FALSE,TRUE,0,139,0
Bulgaria,BGR,2016,0,FALSE,TRUE,0,49,0
Bulgaria,BGR,2017,0,FALSE,TRUE,0,131,0
Bulgaria,BGR,2018,0,FALSE,TRUE,0,203,0
Bulgaria,BGR,2019,0,FALSE,TRUE,0,656,0
Bulgaria,BGR,2020,0,FALSE,TRUE,0,1871,0
Burkina Faso,BFA,1980,1015,TRUE,FALSE,3.006893707947901,368410,0.0027550826524795746
Burkina Faso,BFA,1981,896,TRUE,FALSE,2.952792443044092,460159,0.0019471530492720995
Burkina Faso,BFA,1982,840,TRUE,FALSE,2.924795995797912,361396,0.0023243201363601146
Burkina Faso,BFA,1983,924,TRUE,FALSE,2.9661417327390325,279811,0.0033022290045780904
Burkina Faso,BFA,1984,735,TRUE,FALSE,2.866877814337499,245588,0.0029928172386272946
Burkina Faso,BFA,1985,861,TRUE,FALSE,2.9355072658247128,269381,0.003196216511186758
Burkina Faso,BFA,1986,665,TRUE,FALSE,2.823474229170301,229922,0.0028922852097667904
Burkina Faso,BFA,1987,350,TRUE,FALSE,2.545307116465824,277781,0.0012599853841695435
Burkina Faso,BFA,1988,147,TRUE,FALSE,2.1702617153949575,241624,6.08383273184783e-4
Burkina Faso,BFA,1989,308,TRUE,FALSE,2.4899584794248346,155499,0.0019807201332484453
Burkina Faso,BFA,1990,126,TRUE,FALSE,2.103803720955957,131538,9.578980978880628e-4
Burkina Faso,BFA,1991,105,TRUE,FALSE,2.0253058652647704,81574,0.001287174835119033
Burkina Faso,BFA,1992,28,TRUE,FALSE,1.462397997898956,100113,2.7968395712844483e-4
Burkina Faso,BFA,1993,21,TRUE,FALSE,1.3424226808222062,73500,2.8571428571428574e-4
Burkina Faso,BFA,1994,35,TRUE,FALSE,1.5563025007672873,60662,5.769674590353104e-4
Burkina Faso,BFA,1995,84,TRUE,FALSE,1.9294189257142929,49301,0.0017038193951441148
Burkina Faso,BFA,1996,0,FALSE,TRUE,0,4517,0
Burkina Faso,BFA,1997,3,TRUE,FALSE,0.6020599913279624,5755,5.212858384013901e-4
Burkina Faso,BFA,1998,7,TRUE,FALSE,0.9030899869919436,7044,9.937535491198182e-4
Burkina Faso,BFA,1999,6,TRUE,FALSE,0.8450980400142568,7925,7.570977917981072e-4
Burkina Faso,BFA,2000,0,FALSE,TRUE,0,3297,0
Burkina Faso,BFA,2001,0,FALSE,TRUE,0,878,0
Burkina Faso,BFA,2002,1,TRUE,FALSE,0.3010299956639812,3565,2.8050490883590464e-4
Burkina Faso,BFA,2003,12,TRUE,FALSE,1.1139433523068367,1138,0.01054481546572935
Burkina Faso,BFA,2004,10,TRUE,FALSE,1.0413926851582251,1475,0.006779661016949152
Burkina Faso,BFA,2005,0,FALSE,TRUE,0,2696,0
Burkina Faso,BFA,2006,0,FALSE,TRUE,0,2245,0
Burkina Faso,BFA,2007,0,FALSE,TRUE,0,1541,0
Burkina Faso,BFA,2008,7,TRUE,FALSE,0.9030899869919436,1926,0.0036344755970924196
Burkina Faso,BFA,2009,17,TRUE,FALSE,1.255272505103306,2020,0.008415841584158416
Burkina Faso,BFA,2010,0,FALSE,TRUE,0,1988,0
Burkina Faso,BFA,2011,0,FALSE,TRUE,0,826,0
Burkina Faso,BFA,2012,0,FALSE,TRUE,0,325,0
Burkina Faso,BFA,2013,0,FALSE,TRUE,0,565,0
Burkina Faso,BFA,2014,0,FALSE,TRUE,0,469,0
Burkina Faso,BFA,2015,0,FALSE,TRUE,0,139,0
Burkina Faso,BFA,2016,0,FALSE,TRUE,0,49,0
Burkina Faso,BFA,2017,0,FALSE,TRUE,0,131,0
Burkina Faso,BFA,2018,0,FALSE,TRUE,0,203,0
Burkina Faso,BFA,2019,1,TRUE,FALSE,0.3010299956639812,656,0.001524390243902439
Burkina Faso,BFA,2020,130,TRUE,FALSE,2.1172712956557644,1871,0.06948156066274719
Burundi,BDI,1980,301,TRUE,FALSE,2.4800069429571505,368410,8.17024510735322e-4
Burundi,BDI,1981,714,TRUE,FALSE,2.8543060418010806,460159,0.0015516375861387042
Burundi,BDI,1982,224,TRUE,FALSE,2.3521825181113627,361396,6.19818703029364e-4
Burundi,BDI,1983,259,TRUE,FALSE,2.4149733479708178,279811,9.25624796737798e-4
Burundi,BDI,1984,322,TRUE,FALSE,2.509202522331103,245588,0.0013111389807319576
Burundi,BDI,1985,175,TRUE,FALSE,2.24551266781415,269381,6.496375022737313e-4
Burundi,BDI,1986,154,TRUE,FALSE,2.1903316981702914,229922,6.697923643670462e-4
Burundi,BDI,1987,63,TRUE,FALSE,1.806179973983887,277781,2.2679736915051784e-4
Burundi,BDI,1988,84,TRUE,FALSE,1.9294189257142929,241624,3.4764758467701885e-4
Burundi,BDI,1989,154,TRUE,FALSE,2.1903316981702914,155499,9.903600666242227e-4
Burundi,BDI,1990,70,TRUE,FALSE,1.8512583487190752,131538,5.321656099378126e-4
Burundi,BDI,1991,49,TRUE,FALSE,1.6989700043360187,81574,6.006815897222154e-4
Burundi,BDI,1992,91,TRUE,FALSE,1.9637878273455551,100113,9.089728606674458e-4
Burundi,BDI,1993,35,TRUE,FALSE,1.5563025007672873,73500,4.761904761904762e-4
Burundi,BDI,1994,301,TRUE,FALSE,2.4800069429571505,60662,0.0049619201477036695
Burundi,BDI,1995,70,TRUE,FALSE,1.8512583487190752,49301,0.0014198494959534289
Burundi,BDI,1996,30,TRUE,FALSE,1.4913616938342726,4517,0.006641576267434138
Burundi,BDI,1997,0,FALSE,TRUE,0,5755,0
Burundi,BDI,1998,0,FALSE,TRUE,0,7044,0
Burundi,BDI,1999,1,TRUE,FALSE,0.3010299956639812,7925,1.2618296529968455e-4
Burundi,BDI,2000,0,FALSE,TRUE,0,3297,0
Burundi,BDI,2001,0,FALSE,TRUE,0,878,0
Burundi,BDI,2002,0,FALSE,TRUE,0,3565,0
Burundi,BDI,2003,0,FALSE,TRUE,0,1138,0
Burundi,BDI,2004,0,FALSE,TRUE,0,1475,0
Burundi,BDI,2005,0,FALSE,TRUE,0,2696,0
Burundi,BDI,2006,0,FALSE,TRUE,0,2245,0
Burundi,BDI,2007,0,FALSE,TRUE,0,1541,0
Burundi,BDI,2008,0,FALSE,TRUE,0,1926,0
Burundi,BDI,2009,2,TRUE,FALSE,0.4771212547196624,2020,9.900990099009901e-4
Burundi,BDI,2010,0,FALSE,TRUE,0,1988,0
Burundi,BDI,2011,0,FALSE,TRUE,0,826,0
Burundi,BDI,2012,0,FALSE,TRUE,0,325,0
Burundi,BDI,2013,0,FALSE,TRUE,0,565,0
Burundi,BDI,2014,0,FALSE,TRUE,0,469,0
Burundi,BDI,2015,0,FALSE,TRUE,0,139,0
Burundi,BDI,2016,0,FALSE,TRUE,0,49,0
Burundi,BDI,2017,0,FALSE,TRUE,0,131,0
Burundi,BDI,2018,0,FALSE,TRUE,0,203,0
Burundi,BDI,2019,0,FALSE,TRUE,0,656,0
Burundi,BDI,2020,0,FALSE,TRUE,0,1871,0
Cambodia,KHM,1980,4137,TRUE,FALSE,3.616790486329716,368410,0.011229336880106404
Cambodia,KHM,1981,3976,TRUE,FALSE,3.59955559098598,460159,0.00864049165614494
Cambodia,KHM,1982,5705,TRUE,FALSE,3.7563317673210577,361396,0.01578600759277911
Cambodia,KHM,1983,910,TRUE,FALSE,2.9595183769729982,279811,0.0032521952317814524
Cambodia,KHM,1984,6818,TRUE,FALSE,3.833720690444633,245588,0.02776194276593319
Cambodia,KHM,1985,6517,TRUE,FALSE,3.8141143561291257,269381,0.024192500584673753
Cambodia,KHM,1986,4396,TRUE,FALSE,3.643156465619706,229922,0.019119527491932048
Cambodia,KHM,1987,2142,TRUE,FALSE,3.3310221710418286,277781,0.0077111105511176075
Cambodia,KHM,1988,728,TRUE,FALSE,2.8627275283179747,241624,0.0030129457338674967
Cambodia,KHM,1989,1253,TRUE,FALSE,3.0982975364946976,155499,0.008057929632987994
Cambodia,KHM,1990,441,TRUE,FALSE,2.645422269349092,131538,0.0033526433426082198
Cambodia,KHM,1991,588,TRUE,FALSE,2.7701152947871015,81574,0.007208179076666585
Cambodia,KHM,1992,1022,TRUE,FALSE,3.00987563371216,100113,0.010208464435188237
Cambodia,KHM,1993,945,TRUE,FALSE,2.975891136401793,73500,0.012857142857142857
Cambodia,KHM,1994,2079,TRUE,FALSE,3.3180633349627615,60662,0.03427186706669744
Cambodia,KHM,1995,910,TRUE,FALSE,2.9595183769729982,49301,0.018458043447394577
Cambodia,KHM,1996,93,TRUE,FALSE,1.9731278535996983,4517,0.020588886429045827
Cambodia,KHM,1997,9,TRUE,FALSE,1,5755,0.0015638575152041702
Cambodia,KHM,1998,0,FALSE,TRUE,0,7044,0
Cambodia,KHM,1999,0,FALSE,TRUE,0,7925,0
Cambodia,KHM,2000,0,FALSE,TRUE,0,3297,0
Cambodia,KHM,2001,0,FALSE,TRUE,0,878,0
Cambodia,KHM,2002,0,FALSE,TRUE,0,3565,0
Cambodia,KHM,2003,0,FALSE,TRUE,0,1138,0
Cambodia,KHM,2004,0,FALSE,TRUE,0,1475,0
Cambodia,KHM,2005,2,TRUE,FALSE,0.4771212547196624,2696,7.41839762611276e-4
Cambodia,KHM,2006,2,TRUE,FALSE,0.4771212547196624,2245,8.908685968819599e-4
Cambodia,KHM,2007,0,FALSE,TRUE,0,1541,0
Cambodia,KHM,2008,0,FALSE,TRUE,0,1926,0
Cambodia,KHM,2009,0,FALSE,TRUE,0,2020,0
Cambodia,KHM,2010,0,FALSE,TRUE,0,1988,0
Cambodia,KHM,2011,0,FALSE,TRUE,0,826,0
Cambodia,KHM,2012,0,FALSE,TRUE,0,325,0
Cambodia,KHM,2013,0,FALSE,TRUE,0,565,0
Cambodia,KHM,2014,0,FALSE,TRUE,0,469,0
Cambodia,KHM,2015,0,FALSE,TRUE,0,139,0
Cambodia,KHM,2016,0,FALSE,TRUE,0,49,0
Cambodia,KHM,2017,0,FALSE,TRUE,0,131,0
Cambodia,KHM,2018,0,FALSE,TRUE,0,203,0
Cambodia,KHM,2019,0,FALSE,TRUE,0,656,0
Cambodia,KHM,2020,0,FALSE,TRUE,0,1871,0
Cameroon,CMR,1980,1785,TRUE,FALSE,3.2518814545525276,368410,0.004845145354360631
Cameroon,CMR,1981,2331,TRUE,FALSE,3.3677285460869766,460159,0.005065640354746946
Cameroon,CMR,1982,1610,TRUE,FALSE,3.207095540419218,361396,0.004454946928023553
Cameroon,CMR,1983,1057,TRUE,FALSE,3.024485667699167,279811,0.0037775498461461486
Cameroon,CMR,1984,959,TRUE,FALSE,2.9822712330395684,245588,0.0039049139208756126
Cameroon,CMR,1985,938,TRUE,FALSE,2.972665592266111,269381,0.0034820570121871994
Cameroon,CMR,1986,749,TRUE,FALSE,2.8750612633917,229922,0.0032576264994215428
Cameroon,CMR,1987,385,TRUE,FALSE,2.586587304671755,277781,0.001385983922586498
Cameroon,CMR,1988,861,TRUE,FALSE,2.9355072658247128,241624,0.003563387742939443
Cameroon,CMR,1989,301,TRUE,FALSE,2.4800069429571505,155499,0.001935703766583708
Cameroon,CMR,1990,266,TRUE,FALSE,2.4265112613645754,131538,0.002022229317763688
Cameroon,CMR,1991,525,TRUE,FALSE,2.7209857441537393,81574,0.006435874175595165
Cameroon,CMR,1992,259,TRUE,FALSE,2.4149733479708178,100113,0.002587076603438115
Cameroon,CMR,1993,210,TRUE,FALSE,2.3242824552976926,73500,0.002857142857142857
Cameroon,CMR,1994,84,TRUE,FALSE,1.9294189257142929,60662,0.0013847219016847449
Cameroon,CMR,1995,56,TRUE,FALSE,1.7558748556724917,49301,0.0011358795967627432
Cameroon,CMR,1996,57,TRUE,FALSE,1.7634279935629371,4517,0.012618994908124861
Cameroon,CMR,1997,23,TRUE,FALSE,1.380211241711606,5755,0.003996524761077324
Cameroon,CMR,1998,18,TRUE,FALSE,1.2787536009528289,7044,0.002555366269165247
Cameroon,CMR,1999,1,TRUE,FALSE,0.3010299956639812,7925,1.2618296529968455e-4
Cameroon,CMR,2000,0,FALSE,TRUE,0,3297,0
Cameroon,CMR,2001,0,FALSE,TRUE,0,878,0
Cameroon,CMR,2002,0,FALSE,TRUE,0,3565,0
Cameroon,CMR,2003,4,TRUE,FALSE,0.6989700043360189,1138,0.0035149384885764497
Cameroon,CMR,2004,26,TRUE,FALSE,1.4313637641589874,1475,0.017627118644067796
Cameroon,CMR,2005,1,TRUE,FALSE,0.3010299956639812,2696,3.70919881305638e-4
Cameroon,CMR,2006,2,TRUE,FALSE,0.4771212547196624,2245,8.908685968819599e-4
Cameroon,CMR,2007,0,FALSE,TRUE,0,1541,0
Cameroon,CMR,2008,0,FALSE,TRUE,0,1926,0
Cameroon,CMR,2009,3,TRUE,FALSE,0.6020599913279624,2020,0.0014851485148514852
Cameroon,CMR,2010,0,FALSE,TRUE,0,1988,0
Cameroon,CMR,2011,0,FALSE,TRUE,0,826,0
Cameroon,CMR,2012,0,FALSE,TRUE,0,325,0
Cameroon,CMR,2013,9,TRUE,FALSE,1,565,0.01592920353982301
Cameroon,CMR,2014,10,TRUE,FALSE,1.0413926851582251,469,0.021321961620469083
Cameroon,CMR,2015,0,FALSE,TRUE,0,139,0
Cameroon,CMR,2016,0,FALSE,TRUE,0,49,0
Cameroon,CMR,2017,0,FALSE,TRUE,0,131,0
Cameroon,CMR,2018,0,FALSE,TRUE,0,203,0
Cameroon,CMR,2019,0,FALSE,TRUE,0,656,0
Cameroon,CMR,2020,14,TRUE,FALSE,1.1760912590556811,1871,0.0074826296098343134
Canada,CAN,1980,0,FALSE,TRUE,0,368410,0
Canada,CAN,1981,0,FALSE,TRUE,0,460159,0
Canada,CAN,1982,0,FALSE,TRUE,0,361396,0
Canada,CAN,1983,0,FALSE,TRUE,0,279811,0
Canada,CAN,1984,7,TRUE,FALSE,0.9030899869919436,245588,2.8503021320259948e-5
Canada,CAN,1985,7,TRUE,FALSE,0.9030899869919436,269381,2.5985500090949252e-5
Canada,CAN,1986,0,FALSE,TRUE,0,229922,0
Canada,CAN,1987,0,FALSE,TRUE,0,277781,0
Canada,CAN,1988,21,TRUE,FALSE,1.3424226808222062,241624,8.691189616925471e-5
Canada,CAN,1989,0,FALSE,TRUE,0,155499,0
Canada,CAN,1990,0,FALSE,TRUE,0,131538,0
Canada,CAN,1991,0,FALSE,TRUE,0,81574,0
Canada,CAN,1992,0,FALSE,TRUE,0,100113,0
Canada,CAN,1993,0,FALSE,TRUE,0,73500,0
Canada,CAN,1994,0,FALSE,TRUE,0,60662,0
Canada,CAN,1995,0,FALSE,TRUE,0,49301,0
Canada,CAN,1996,0,FALSE,TRUE,0,4517,0
Canada,CAN,1997,0,FALSE,TRUE,0,5755,0
Canada,CAN,1998,0,FALSE,TRUE,0,7044,0
Canada,CAN,1999,0,FALSE,TRUE,0,7925,0
Canada,CAN,2000,0,FALSE,TRUE,0,3297,0
Canada,CAN,2001,0,FALSE,TRUE,0,878,0
Canada,CAN,2002,0,FALSE,TRUE,0,3565,0
Canada,CAN,2003,0,FALSE,TRUE,0,1138,0
Canada,CAN,2004,0,FALSE,TRUE,0,1475,0
Canada,CAN,2005,0,FALSE,TRUE,0,2696,0
Canada,CAN,2006,0,FALSE,TRUE,0,2245,0
Canada,CAN,2007,0,FALSE,TRUE,0,1541,0
Canada,CAN,2008,0,FALSE,TRUE,0,1926,0
Canada,CAN,2009,0,FALSE,TRUE,0,2020,0
Canada,CAN,2010,0,FALSE,TRUE,0,1988,0
Canada,CAN,2011,0,FALSE,TRUE,0,826,0
Canada,CAN,2012,0,FALSE,TRUE,0,325,0
Canada,CAN,2013,0,FALSE,TRUE,0,565,0
Canada,CAN,2014,0,FALSE,TRUE,0,469,0
Canada,CAN,2015,0,FALSE,TRUE,0,139,0
Canada,CAN,2016,0,FALSE,TRUE,0,49,0
Canada,CAN,2017,0,FALSE,TRUE,0,131,0
Canada,CAN,2018,0,FALSE,TRUE,0,203,0
Canada,CAN,2019,0,FALSE,TRUE,0,656,0
Canada,CAN,2020,0,FALSE,TRUE,0,1871,0
Cape Verde,CPV,1980,119,TRUE,FALSE,2.0791812460476247,368410,3.2300969029070873e-4
Cape Verde,CPV,1981,70,TRUE,FALSE,1.8512583487190752,460159,1.5212133197438276e-4
Cape Verde,CPV,1982,14,TRUE,FALSE,1.1760912590556811,361396,3.873866893933525e-5
Cape Verde,CPV,1983,336,TRUE,FALSE,2.5276299008713385,279811,0.0012008105471193054
Cape Verde,CPV,1984,21,TRUE,FALSE,1.3424226808222062,245588,8.550906396077984e-5
Cape Verde,CPV,1985,42,TRUE,FALSE,1.6334684555795864,269381,1.559130005456955e-4
Cape Verde,CPV,1986,42,TRUE,FALSE,1.6334684555795864,229922,1.8267064482737624e-4
Cape Verde,CPV,1987,21,TRUE,FALSE,1.3424226808222062,277781,7.559912305017262e-5
Cape Verde,CPV,1988,14,TRUE,FALSE,1.1760912590556811,241624,5.794126411283647e-5
Cape Verde,CPV,1989,0,FALSE,TRUE,0,155499,0
Cape Verde,CPV,1990,0,FALSE,TRUE,0,131538,0
Cape Verde,CPV,1991,0,FALSE,TRUE,0,81574,0
Cape Verde,CPV,1992,0,FALSE,TRUE,0,100113,0
Cape Verde,CPV,1993,0,FALSE,TRUE,0,73500,0
Cape Verde,CPV,1994,0,FALSE,TRUE,0,60662,0
Cape Verde,CPV,1995,0,FALSE,TRUE,0,49301,0
Cape Verde,CPV,1996,0,FALSE,TRUE,0,4517,0
Cape Verde,CPV,1997,0,FALSE,TRUE,0,5755,0
Cape Verde,CPV,1998,0,FALSE,TRUE,0,7044,0
Cape Verde,CPV,1999,0,FALSE,TRUE,0,7925,0
Cape Verde,CPV,2000,62,TRUE,FALSE,1.7993405494535817,3297,0.01880497421898696
Cape Verde,CPV,2001,0,FALSE,TRUE,0,878,0
Cape Verde,CPV,2002,0,FALSE,TRUE,0,3565,0
Cape Verde,CPV,2003,0,FALSE,TRUE,0,1138,0
Cape Verde,CPV,2004,0,FALSE,TRUE,0,1475,0
Cape Verde,CPV,2005,0,FALSE,TRUE,0,2696,0
Cape Verde,CPV,2006,0,FALSE,TRUE,0,2245,0
Cape Verde,CPV,2007,0,FALSE,TRUE,0,1541,0
Cape Verde,CPV,2008,0,FALSE,TRUE,0,1926,0
Cape Verde,CPV,2009,0,FALSE,TRUE,0,2020,0
Cape Verde,CPV,2010,0,FALSE,TRUE,0,1988,0
Cape Verde,CPV,2011,0,FALSE,TRUE,0,826,0
Cape Verde,CPV,2012,0,FALSE,TRUE,0,325,0
Cape Verde,CPV,2013,0,FALSE,TRUE,0,565,0
Cape Verde,CPV,2014,0,FALSE,TRUE,0,469,0
Cape Verde,CPV,2015,0,FALSE,TRUE,0,139,0
Cape Verde,CPV,2016,0,FALSE,TRUE,0,49,0
Cape Verde,CPV,2017,0,FALSE,TRUE,0,131,0
Cape Verde,CPV,2018,0,FALSE,TRUE,0,203,0
Cape Verde,CPV,2019,0,FALSE,TRUE,0,656,0
Cape Verde,CPV,2020,0,FALSE,TRUE,0,1871,0
Central African Republic,CAF,1980,147,TRUE,FALSE,2.1702617153949575,368410,3.990119703591108e-4
Central African Republic,CAF,1981,1043,TRUE,FALSE,3.0187004986662433,460159,0.0022666078464183034
Central African Republic,CAF,1982,483,TRUE,FALSE,2.6848453616444123,361396,0.001336484078407066
Central African Republic,CAF,1983,490,TRUE,FALSE,2.6910814921229687,279811,0.0017511820478823205
Central African Republic,CAF,1984,1232,TRUE,FALSE,3.090963076595731,245588,0.005016531752365751
Central African Republic,CAF,1985,441,TRUE,FALSE,2.645422269349092,269381,0.0016370865057298027
Central African Republic,CAF,1986,665,TRUE,FALSE,2.823474229170301,229922,0.0028922852097667904
Central African Republic,CAF,1987,364,TRUE,FALSE,2.562292864456474,277781,0.0013103847995363253
Central African Republic,CAF,1988,378,TRUE,FALSE,2.578639209968072,241624,0.0015644141310465847
Central African Republic,CAF,1989,301,TRUE,FALSE,2.4800069429571505,155499,0.001935703766583708
Central African Republic,CAF,1990,196,TRUE,FALSE,2.294466226161593,131538,0.0014900637078258754
Central African Republic,CAF,1991,70,TRUE,FALSE,1.8512583487190752,81574,8.58116556746022e-4
Central African Republic,CAF,1992,14,TRUE,FALSE,1.1760912590556811,100113,1.3984197856422242e-4
Central African Republic,CAF,1993,77,TRUE,FALSE,1.8920946026904804,73500,0.0010476190476190477
Central African Republic,CAF,1994,224,TRUE,FALSE,2.3521825181113627,60662,0.0036925917378259868
Central African Republic,CAF,1995,28,TRUE,FALSE,1.462397997898956,49301,5.679397983813716e-4
Central African Republic,CAF,1996,3,TRUE,FALSE,0.6020599913279624,4517,6.641576267434137e-4
Central African Republic,CAF,1997,11,TRUE,FALSE,1.0791812460476249,5755,0.0019113814074717638
Central African Republic,CAF,1998,7,TRUE,FALSE,0.9030899869919436,7044,9.937535491198182e-4
Central African Republic,CAF,1999,20,TRUE,FALSE,1.3222192947339193,7925,0.002523659305993691
Central African Republic,CAF,2000,3,TRUE,FALSE,0.6020599913279624,3297,9.099181073703367e-4
Central African Republic,CAF,2001,0,FALSE,TRUE,0,878,0
Central African Republic,CAF,2002,0,FALSE,TRUE,0,3565,0
Central African Republic,CAF,2003,1,TRUE,FALSE,0.3010299956639812,1138,8.787346221441124e-4
Central African Republic,CAF,2004,60,TRUE,FALSE,1.7853298350107671,1475,0.04067796610169491
Central African Republic,CAF,2005,0,FALSE,TRUE,0,2696,0
Central African Republic,CAF,2006,0,FALSE,TRUE,0,2245,0
Central African Republic,CAF,2007,0,FALSE,TRUE,0,1541,0
Central African Republic,CAF,2008,3,TRUE,FALSE,0.6020599913279624,1926,0.001557632398753894
Central African Republic,CAF,2009,16,TRUE,FALSE,1.230448921378274,2020,0.007920792079207921
Central African Republic,CAF,2010,0,FALSE,TRUE,0,1988,0
Central African Republic,CAF,2011,4,TRUE,FALSE,0.6989700043360189,826,0.004842615012106538
Central African Republic,CAF,2012,0,FALSE,TRUE,0,325,0
Central African Republic,CAF,2013,0,FALSE,TRUE,0,565,0
Central African Republic,CAF,2014,0,FALSE,TRUE,0,469,0
Central African Republic,CAF,2015,0,FALSE,TRUE,0,139,0
Central African Republic,CAF,2016,0,FALSE,TRUE,0,49,0
Central African Republic,CAF,2017,0,FALSE,TRUE,0,131,0
Central African Republic,CAF,2018,0,FALSE,TRUE,0,203,0
Central African Republic,CAF,2019,42,TRUE,FALSE,1.6334684555795864,656,0.06402439024390244
Central African Republic,CAF,2020,8,TRUE,FALSE,0.9542425094393248,1871,0.00427578834847675
Chad,TCD,1983,168,TRUE,FALSE,2.2278867046136734,279811,6.004052735596527e-4
Chad,TCD,1984,63,TRUE,FALSE,1.806179973983887,245588,2.5652719188233955e-4
Chad,TCD,1985,315,TRUE,FALSE,2.499687082618404,269381,0.0011693475040927162
Chad,TCD,1986,63,TRUE,FALSE,1.806179973983887,229922,2.740059672410644e-4
Chad,TCD,1994,0,FALSE,TRUE,0,60662,0
Chad,TCD,1995,1344,TRUE,FALSE,3.128722284338427,49301,0.027261110322305836
Chad,TCD,1996,103,TRUE,FALSE,2.0170333392987803,4517,0.022802745184857205
Chad,TCD,1997,362,TRUE,FALSE,2.5599066250361124,5755,0.06290182450043441
Chad,TCD,1998,4,TRUE,FALSE,0.6989700043360189,7044,5.678591709256105e-4
Chad,TCD,1999,122,TRUE,FALSE,2.089905111439398,7925,0.015394321766561515
Chad,TCD,2000,67,TRUE,FALSE,1.8325089127062364,3297,0.02032150439793752
Chad,TCD,2001,0,FALSE,TRUE,0,878,0
Chad,TCD,2002,0,FALSE,TRUE,0,3565,0
Chad,TCD,2003,50,TRUE,FALSE,1.7075701760979365,1138,0.043936731107205626
Chad,TCD,2004,48,TRUE,FALSE,1.6901960800285136,1475,0.03254237288135593
Chad,TCD,2005,2,TRUE,FALSE,0.4771212547196624,2696,7.41839762611276e-4
Chad,TCD,2006,1,TRUE,FALSE,0.3010299956639812,2245,4.4543429844097997e-4
Chad,TCD,2007,24,TRUE,FALSE,1.3979400086720375,1541,0.015574302401038288
Chad,TCD,2008,41,TRUE,FALSE,1.6232492903979006,1926,0.021287642782969886
Chad,TCD,2009,71,TRUE,FALSE,1.8573324964312683,2020,0.03514851485148515
Chad,TCD,2010,30,TRUE,FALSE,1.4913616938342726,1988,0.015090543259557344
Chad,TCD,2011,147,TRUE,FALSE,2.1702617153949575,826,0.17796610169491525
Chad,TCD,2012,19,TRUE,FALSE,1.3010299956639813,325,0.05846153846153846
Chad,TCD,2013,3,TRUE,FALSE,0.6020599913279624,565,0.005309734513274336
Chad,TCD,2014,0,FALSE,TRUE,0,469,0
Chad,TCD,2015,0,FALSE,TRUE,0,139,0
Chad,TCD,2016,0,FALSE,TRUE,0,49,0
Chad,TCD,2017,0,FALSE,TRUE,0,131,0
Chad,TCD,2018,0,FALSE,TRUE,0,203,0
Chad,TCD,2019,12,TRUE,FALSE,1.1139433523068367,656,0.018292682926829267
Chad,TCD,2020,202,TRUE,FALSE,2.307496037913213,1871,0.10796365579903795
Chile,CHL,1980,0,FALSE,TRUE,0,368410,0
Chile,CHL,1981,0,FALSE,TRUE,0,460159,0
Chile,CHL,1982,0,FALSE,TRUE,0,361396,0
Chile,CHL,1983,0,FALSE,TRUE,0,279811,0
Chile,CHL,1984,0,FALSE,TRUE,0,245588,0
Chile,CHL,1985,0,FALSE,TRUE,0,269381,0
Chile,CHL,1986,21,TRUE,FALSE,1.3424226808222062,229922,9.133532241368812e-5
Chile,CHL,1987,0,FALSE,TRUE,0,277781,0
Chile,CHL,1988,0,FALSE,TRUE,0,241624,0
Chile,CHL,1989,0,FALSE,TRUE,0,155499,0
Chile,CHL,1990,0,FALSE,TRUE,0,131538,0
Chile,CHL,1991,0,FALSE,TRUE,0,81574,0
Chile,CHL,1992,0,FALSE,TRUE,0,100113,0
Chile,CHL,1993,0,FALSE,TRUE,0,73500,0
Chile,CHL,1994,0,FALSE,TRUE,0,60662,0
Chile,CHL,1995,0,FALSE,TRUE,0,49301,0
Chile,CHL,1996,0,FALSE,TRUE,0,4517,0
Chile,CHL,1997,0,FALSE,TRUE,0,5755,0
Chile,CHL,1998,0,FALSE,TRUE,0,7044,0
Chile,CHL,1999,0,FALSE,TRUE,0,7925,0
Chile,CHL,2000,0,FALSE,TRUE,0,3297,0
Chile,CHL,2001,0,FALSE,TRUE,0,878,0
Chile,CHL,2002,0,FALSE,TRUE,0,3565,0
Chile,CHL,2003,0,FALSE,TRUE,0,1138,0
Chile,CHL,2004,0,FALSE,TRUE,0,1475,0
Chile,CHL,2005,0,FALSE,TRUE,0,2696,0
Chile,CHL,2006,0,FALSE,TRUE,0,2245,0
Chile,CHL,2007,0,FALSE,TRUE,0,1541,0
Chile,CHL,2008,0,FALSE,TRUE,0,1926,0
Chile,CHL,2009,0,FALSE,TRUE,0,2020,0
Chile,CHL,2010,0,FALSE,TRUE,0,1988,0
Chile,CHL,2011,0,FALSE,TRUE,0,826,0
Chile,CHL,2012,0,FALSE,TRUE,0,325,0
Chile,CHL,2013,0,FALSE,TRUE,0,565,0
Chile,CHL,2014,0,FALSE,TRUE,0,469,0
Chile,CHL,2015,0,FALSE,TRUE,0,139,0
Chile,CHL,2016,0,FALSE,TRUE,0,49,0
Chile,CHL,2017,0,FALSE,TRUE,0,131,0
Chile,CHL,2018,0,FALSE,TRUE,0,203,0
Chile,CHL,2019,0,FALSE,TRUE,0,656,0
Chile,CHL,2020,0,FALSE,TRUE,0,1871,0
China,CHN,1980,52094,TRUE,FALSE,4.716796042366443,368410,0.141402242067262
China,CHN,1981,67375,TRUE,FALSE,4.828505224076189,460159,0.14641678202534342
China,CHN,1982,54187,TRUE,FALSE,4.733903122132657,361396,0.14993801812969706
China,CHN,1983,23072,TRUE,FALSE,4.363104066074635,279811,0.08245565756885898
China,CHN,1984,11382,TRUE,FALSE,4.056256735850139,245588,0.04634591266674268
China,CHN,1985,10759,TRUE,FALSE,4.03181227133037,269381,0.039939713639788994
China,CHN,1986,12908,TRUE,FALSE,4.1108926008022175,229922,0.056140778176946966
China,CHN,1987,6783,TRUE,FALSE,3.8314858392486575,277781,0.024418516745205756
China,CHN,1988,4669,TRUE,FALSE,3.669316880566112,241624,0.019323411581630964
China,CHN,1989,5132,TRUE,FALSE,3.710371264260763,155499,0.03300342767477604
China,CHN,1990,5622,TRUE,FALSE,3.749968083509403,131538,0.04274050084386261
China,CHN,1991,2138,TRUE,FALSE,3.330210784571528,81574,0.026209331404614216
China,CHN,1992,1322,TRUE,FALSE,3.1215598441875008,100113,0.013205078261564432
China,CHN,1993,4571,TRUE,FALSE,3.660106221723244,73500,0.06219047619047619
China,CHN,1994,1827,TRUE,FALSE,3.2619761913978125,60662,0.0301177013616432
China,CHN,1995,1155,TRUE,FALSE,3.0629578340845103,49301,0.023427516683231578
China,CHN,1996,3,TRUE,FALSE,0.6020599913279624,4517,6.641576267434137e-4
China,CHN,1997,0,FALSE,TRUE,0,5755,0
China,CHN,1998,0,FALSE,TRUE,0,7044,0
China,CHN,1999,1,TRUE,FALSE,0.3010299956639812,7925,1.2618296529968455e-4
China,CHN,2000,0,FALSE,TRUE,0,3297,0
China,CHN,2001,0,FALSE,TRUE,0,878,0
China,CHN,2002,0,FALSE,TRUE,0,3565,0
China,CHN,2003,0,FALSE,TRUE,0,1138,0
China,CHN,2004,4,TRUE,FALSE,0.6989700043360189,1475,0.002711864406779661
China,CHN,2005,0,FALSE,TRUE,0,2696,0
China,CHN,2006,0,FALSE,TRUE,0,2245,0
China,CHN,2007,0,FALSE,TRUE,0,1541,0
China,CHN,2008,0,FALSE,TRUE,0,1926,0
China,CHN,2009,0,FALSE,TRUE,0,2020,0
China,CHN,2010,0,FALSE,TRUE,0,1988,0
China,CHN,2011,23,TRUE,FALSE,1.380211241711606,826,0.02784503631961259
China,CHN,2012,2,TRUE,FALSE,0.4771212547196624,325,0.006153846153846154
China,CHN,2013,0,FALSE,TRUE,0,565,0
China,CHN,2014,0,FALSE,TRUE,0,469,0
China,CHN,2015,0,FALSE,TRUE,0,139,0
China,CHN,2016,0,FALSE,TRUE,0,49,0
China,CHN,2017,0,FALSE,TRUE,0,131,0
China,CHN,2018,0,FALSE,TRUE,0,203,0
China,CHN,2019,1,TRUE,FALSE,0.3010299956639812,656,0.001524390243902439
China,CHN,2020,0,FALSE,TRUE,0,1871,0
Colombia,COL,1980,903,TRUE,FALSE,2.9561684304753633,368410,0.002451073532205966
Colombia,COL,1981,3325,TRUE,FALSE,3.5219222448835006,460159,0.007225763268783181
Colombia,COL,1982,987,TRUE,FALSE,2.9947569445876283,361396,0.002731076160223135
Colombia,COL,1983,448,TRUE,FALSE,2.6522463410033232,279811,0.0016010807294924074
Colombia,COL,1984,112,TRUE,FALSE,2.0530784434834195,245588,4.5604834112415916e-4
Colombia,COL,1985,35,TRUE,FALSE,1.5563025007672873,269381,1.2992750045474625e-4
Colombia,COL,1986,462,TRUE,FALSE,2.6655809910179533,229922,0.0020093770931011385
Colombia,COL,1987,819,TRUE,FALSE,2.9138138523837167,277781,0.002948365798956732
Colombia,COL,1988,231,TRUE,FALSE,2.3654879848909,241624,9.560308578618019e-4
Colombia,COL,1989,98,TRUE,FALSE,1.99563519459755,155499,6.302291333063235e-4
Colombia,COL,1990,28,TRUE,FALSE,1.462397997898956,131538,2.1286624397512505e-4
Colombia,COL,1991,56,TRUE,FALSE,1.7558748556724917,81574,6.864932453968176e-4
Colombia,COL,1992,0,FALSE,TRUE,0,100113,0
Colombia,COL,1993,0,FALSE,TRUE,0,73500,0
Colombia,COL,1994,0,FALSE,TRUE,0,60662,0
Colombia,COL,1995,0,FALSE,TRUE,0,49301,0
Colombia,COL,1996,0,FALSE,TRUE,0,4517,0
Colombia,COL,1997,0,FALSE,TRUE,0,5755,0
Colombia,COL,1998,0,FALSE,TRUE,0,7044,0
Colombia,COL,1999,0,FALSE,TRUE,0,7925,0
Colombia,COL,2000,0,FALSE,TRUE,0,3297,0
Colombia,COL,2001,0,FALSE,TRUE,0,878,0
Colombia,COL,2002,0,FALSE,TRUE,0,3565,0
Colombia,COL,2003,0,FALSE,TRUE,0,1138,0
Colombia,COL,2004,0,FALSE,TRUE,0,1475,0
Colombia,COL,2005,0,FALSE,TRUE,0,2696,0
Colombia,COL,2006,0,FALSE,TRUE,0,2245,0
Colombia,COL,2007,0,FALSE,TRUE,0,1541,0
Colombia,COL,2008,0,FALSE,TRUE,0,1926,0
Colombia,COL,2009,0,FALSE,TRUE,0,2020,0
Colombia,COL,2010,0,FALSE,TRUE,0,1988,0
Colombia,COL,2011,0,FALSE,TRUE,0,826,0
Colombia,COL,2012,0,FALSE,TRUE,0,325,0
Colombia,COL,2013,0,FALSE,TRUE,0,565,0
Colombia,COL,2014,0,FALSE,TRUE,0,469,0
Colombia,COL,2015,0,FALSE,TRUE,0,139,0
Colombia,COL,2016,0,FALSE,TRUE,0,49,0
Colombia,COL,2017,0,FALSE,TRUE,0,131,0
Colombia,COL,2018,0,FALSE,TRUE,0,203,0
Colombia,COL,2019,0,FALSE,TRUE,0,656,0
Colombia,COL,2020,0,FALSE,TRUE,0,1871,0
Comoros,COM,1980,21,TRUE,FALSE,1.3424226808222062,368410,5.700171005130154e-5
Comoros,COM,1981,0,FALSE,TRUE,0,460159,0
Comoros,COM,1982,0,FALSE,TRUE,0,361396,0
Comoros,COM,1983,42,TRUE,FALSE,1.6334684555795864,279811,1.5010131838991318e-4
Comoros,COM,1984,0,FALSE,TRUE,0,245588,0
Comoros,COM,1985,0,FALSE,TRUE,0,269381,0
Comoros,COM,1986,0,FALSE,TRUE,0,229922,0
Comoros,COM,1987,0,FALSE,TRUE,0,277781,0
Comoros,COM,1988,0,FALSE,TRUE,0,241624,0
Comoros,COM,1989,0,FALSE,TRUE,0,155499,0
Comoros,COM,1990,0,FALSE,TRUE,0,131538,0
Comoros,COM,1991,0,FALSE,TRUE,0,81574,0
Comoros,COM,1992,0,FALSE,TRUE,0,100113,0
Comoros,COM,1993,0,FALSE,TRUE,0,73500,0
Comoros,COM,1994,0,FALSE,TRUE,0,60662,0
Comoros,COM,1995,0,FALSE,TRUE,0,49301,0
Comoros,COM,1996,0,FALSE,TRUE,0,4517,0
Comoros,COM,1997,0,FALSE,TRUE,0,5755,0
Comoros,COM,1998,0,FALSE,TRUE,0,7044,0
Comoros,COM,1999,0,FALSE,TRUE,0,7925,0
Comoros,COM,2000,0,FALSE,TRUE,0,3297,0
Comoros,COM,2001,0,FALSE,TRUE,0,878,0
Comoros,COM,2002,0,FALSE,TRUE,0,3565,0
Comoros,COM,2003,0,FALSE,TRUE,0,1138,0
Comoros,COM,2004,0,FALSE,TRUE,0,1475,0
Comoros,COM,2005,0,FALSE,TRUE,0,2696,0
Comoros,COM,2006,0,FALSE,TRUE,0,2245,0
Comoros,COM,2007,0,FALSE,TRUE,0,1541,0
Comoros,COM,2008,0,FALSE,TRUE,0,1926,0
Comoros,COM,2009,0,FALSE,TRUE,0,2020,0
Comoros,COM,2010,0,FALSE,TRUE,0,1988,0
Comoros,COM,2011,0,FALSE,TRUE,0,826,0
Comoros,COM,2012,0,FALSE,TRUE,0,325,0
Comoros,COM,2013,0,FALSE,TRUE,0,565,0
Comoros,COM,2014,0,FALSE,TRUE,0,469,0
Comoros,COM,2015,0,FALSE,TRUE,0,139,0
Comoros,COM,2016,0,FALSE,TRUE,0,49,0
Comoros,COM,2017,0,FALSE,TRUE,0,131,0
Comoros,COM,2018,0,FALSE,TRUE,0,203,0
Comoros,COM,2019,0,FALSE,TRUE,0,656,0
Comoros,COM,2020,0,FALSE,TRUE,0,1871,0
Congo,COG,1980,952,TRUE,FALSE,2.979092900638326,368410,0.00258407752232567
Congo,COG,1981,133,TRUE,FALSE,2.1271047983648077,460159,2.8903053075132724e-4
Congo,COG,1982,63,TRUE,FALSE,1.806179973983887,361396,1.743240102270086e-4
Congo,COG,1983,112,TRUE,FALSE,2.0530784434834195,279811,4.0027018237310185e-4
Congo,COG,1984,84,TRUE,FALSE,1.9294189257142929,245588,3.4203625584311936e-4
Congo,COG,1985,42,TRUE,FALSE,1.6334684555795864,269381,1.559130005456955e-4
Congo,COG,1986,84,TRUE,FALSE,1.9294189257142929,229922,3.653412896547525e-4
Congo,COG,1987,7,TRUE,FALSE,0.9030899869919436,277781,2.5199707683390872e-5
Congo,COG,1988,7,TRUE,FALSE,0.9030899869919436,241624,2.8970632056418236e-5
Congo,COG,1989,0,FALSE,TRUE,0,155499,0
Congo,COG,1990,0,FALSE,TRUE,0,131538,0
Congo,COG,1991,0,FALSE,TRUE,0,81574,0
Congo,COG,1992,0,FALSE,TRUE,0,100113,0
Congo,COG,1993,0,FALSE,TRUE,0,73500,0
Congo,COG,1994,0,FALSE,TRUE,0,60662,0
Congo,COG,1995,0,FALSE,TRUE,0,49301,0
Congo,COG,1996,0,FALSE,TRUE,0,4517,0
Congo,COG,1997,0,FALSE,TRUE,0,5755,0
Congo,COG,1998,0,FALSE,TRUE,0,7044,0
Congo,COG,1999,11,TRUE,FALSE,1.0791812460476249,7925,0.00138801261829653
Congo,COG,2000,52,TRUE,FALSE,1.724275869600789,3297,0.015771913861085837
Congo,COG,2001,0,FALSE,TRUE,0,878,0
Congo,COG,2002,0,FALSE,TRUE,0,3565,0
Congo,COG,2003,0,FALSE,TRUE,0,1138,0
Congo,COG,2004,0,FALSE,TRUE,0,1475,0
Congo,COG,2005,0,FALSE,TRUE,0,2696,0
Congo,COG,2006,0,FALSE,TRUE,0,2245,0
Congo,COG,2007,0,FALSE,TRUE,0,1541,0
Congo,COG,2008,0,FALSE,TRUE,0,1926,0
Congo,COG,2009,0,FALSE,TRUE,0,2020,0
Congo,COG,2010,882,TRUE,FALSE,2.945960703577569,1988,0.44366197183098594
Congo,COG,2011,1,TRUE,FALSE,0.3010299956639812,826,0.0012106537530266344
Congo,COG,2012,0,FALSE,TRUE,0,325,0
Congo,COG,2013,0,FALSE,TRUE,0,565,0
Congo,COG,2014,0,FALSE,TRUE,0,469,0
Congo,COG,2015,0,FALSE,TRUE,0,139,0
Congo,COG,2016,0,FALSE,TRUE,0,49,0
Congo,COG,2017,0,FALSE,TRUE,0,131,0
Congo,COG,2018,0,FALSE,TRUE,0,203,0
Congo,COG,2019,0,FALSE,TRUE,0,656,0
Congo,COG,2020,4,TRUE,FALSE,0.6989700043360189,1871,0.002137894174238375
Cook Islands,COK,1980,0,FALSE,TRUE,0,368410,0
Cook Islands,COK,1981,0,FALSE,TRUE,0,460159,0
Cook Islands,COK,1982,0,FALSE,TRUE,0,361396,0
Cook Islands,COK,1983,0,FALSE,TRUE,0,279811,0
Cook Islands,COK,1984,0,FALSE,TRUE,0,245588,0
Cook Islands,COK,1985,0,FALSE,TRUE,0,269381,0
Cook Islands,COK,1986,0,FALSE,TRUE,0,229922,0
Cook Islands,COK,1987,0,FALSE,TRUE,0,277781,0
Cook Islands,COK,1988,0,FALSE,TRUE,0,241624,0
Cook Islands,COK,1989,0,FALSE,TRUE,0,155499,0
Cook Islands,COK,1990,0,FALSE,TRUE,0,131538,0
Cook Islands,COK,1991,0,FALSE,TRUE,0,81574,0
Cook Islands,COK,1992,0,FALSE,TRUE,0,100113,0
Cook Islands,COK,1993,0,FALSE,TRUE,0,73500,0
Cook Islands,COK,1994,0,FALSE,TRUE,0,60662,0
Cook Islands,COK,1995,0,FALSE,TRUE,0,49301,0
Cook Islands,COK,1996,0,FALSE,TRUE,0,4517,0
Cook Islands,COK,1997,0,FALSE,TRUE,0,5755,0
Cook Islands,COK,1998,0,FALSE,TRUE,0,7044,0
Cook Islands,COK,1999,0,FALSE,TRUE,0,7925,0
Cook Islands,COK,2000,0,FALSE,TRUE,0,3297,0
Cook Islands,COK,2001,0,FALSE,TRUE,0,878,0
Cook Islands,COK,2002,0,FALSE,TRUE,0,3565,0
Cook Islands,COK,2003,0,FALSE,TRUE,0,1138,0
Cook Islands,COK,2004,0,FALSE,TRUE,0,1475,0
Cook Islands,COK,2005,0,FALSE,TRUE,0,2696,0
Cook Islands,COK,2006,0,FALSE,TRUE,0,2245,0
Cook Islands,COK,2007,0,FALSE,TRUE,0,1541,0
Cook Islands,COK,2008,0,FALSE,TRUE,0,1926,0
Cook Islands,COK,2010,0,FALSE,TRUE,0,1988,0
Costa Rica,CRI,1980,0,FALSE,TRUE,0,368410,0
Costa Rica,CRI,1981,0,FALSE,TRUE,0,460159,0
Costa Rica,CRI,1982,0,FALSE,TRUE,0,361396,0
Costa Rica,CRI,1983,0,FALSE,TRUE,0,279811,0
Costa Rica,CRI,1984,0,FALSE,TRUE,0,245588,0
Costa Rica,CRI,1985,0,FALSE,TRUE,0,269381,0
Costa Rica,CRI,1986,0,FALSE,TRUE,0,229922,0
Costa Rica,CRI,1987,0,FALSE,TRUE,0,277781,0
Costa Rica,CRI,1988,0,FALSE,TRUE,0,241624,0
Costa Rica,CRI,1989,0,FALSE,TRUE,0,155499,0
Costa Rica,CRI,1990,0,FALSE,TRUE,0,131538,0
Costa Rica,CRI,1991,0,FALSE,TRUE,0,81574,0
Costa Rica,CRI,1992,0,FALSE,TRUE,0,100113,0
Costa Rica,CRI,1993,0,FALSE,TRUE,0,73500,0
Costa Rica,CRI,1994,0,FALSE,TRUE,0,60662,0
Costa Rica,CRI,1995,0,FALSE,TRUE,0,49301,0
Costa Rica,CRI,1996,0,FALSE,TRUE,0,4517,0
Costa Rica,CRI,1997,0,FALSE,TRUE,0,5755,0
Costa Rica,CRI,1998,0,FALSE,TRUE,0,7044,0
Costa Rica,CRI,1999,0,FALSE,TRUE,0,7925,0
Costa Rica,CRI,2000,0,FALSE,TRUE,0,3297,0
Costa Rica,CRI,2001,0,FALSE,TRUE,0,878,0
Costa Rica,CRI,2002,0,FALSE,TRUE,0,3565,0
Costa Rica,CRI,2003,0,FALSE,TRUE,0,1138,0
Costa Rica,CRI,2004,0,FALSE,TRUE,0,1475,0
Costa Rica,CRI,2005,0,FALSE,TRUE,0,2696,0
Costa Rica,CRI,2006,0,FALSE,TRUE,0,2245,0
Costa Rica,CRI,2007,0,FALSE,TRUE,0,1541,0
Costa Rica,CRI,2008,0,FALSE,TRUE,0,1926,0
Costa Rica,CRI,2009,0,FALSE,TRUE,0,2020,0
Costa Rica,CRI,2010,0,FALSE,TRUE,0,1988,0
Costa Rica,CRI,2011,0,FALSE,TRUE,0,826,0
Costa Rica,CRI,2012,0,FALSE,TRUE,0,325,0
Costa Rica,CRI,2013,0,FALSE,TRUE,0,565,0
Costa Rica,CRI,2014,0,FALSE,TRUE,0,469,0
Costa Rica,CRI,2015,0,FALSE,TRUE,0,139,0
Costa Rica,CRI,2016,0,FALSE,TRUE,0,49,0
Costa Rica,CRI,2017,0,FALSE,TRUE,0,131,0
Costa Rica,CRI,2018,0,FALSE,TRUE,0,203,0
Costa Rica,CRI,2019,0,FALSE,TRUE,0,656,0
Costa Rica,CRI,2020,0,FALSE,TRUE,0,1871,0
Cote d'Ivoire,CIV,1980,329,TRUE,FALSE,2.5185139398778875,368410,8.930267908037242e-4
Cote d'Ivoire,CIV,1981,217,TRUE,FALSE,2.3384564936046046,460159,4.715761291205866e-4
Cote d'Ivoire,CIV,1982,154,TRUE,FALSE,2.1903316981702914,361396,4.261253583326877e-4
Cote d'Ivoire,CIV,1983,28,TRUE,FALSE,1.462397997898956,279811,1.0006754559327546e-4
Cote d'Ivoire,CIV,1984,14,TRUE,FALSE,1.1760912590556811,245588,5.7006042640519895e-5
Cote d'Ivoire,CIV,1985,126,TRUE,FALSE,2.103803720955957,269381,4.677390016370865e-4
Cote d'Ivoire,CIV,1986,210,TRUE,FALSE,2.3242824552976926,229922,9.133532241368813e-4
Cote d'Ivoire,CIV,1987,168,TRUE,FALSE,2.2278867046136734,277781,6.04792984401381e-4
Cote d'Ivoire,CIV,1988,231,TRUE,FALSE,2.3654879848909,241624,9.560308578618019e-4
Cote d'Ivoire,CIV,1989,133,TRUE,FALSE,2.1271047983648077,155499,8.553109666300105e-4
Cote d'Ivoire,CIV,1990,196,TRUE,FALSE,2.294466226161593,131538,0.0014900637078258754
Cote d'Ivoire,CIV,1994,14,TRUE,FALSE,1.1760912590556811,60662,2.3078698361412417e-4
Cote d'Ivoire,CIV,1995,819,TRUE,FALSE,2.9138138523837167,49301,0.016612239102655118
Cote d'Ivoire,CIV,1996,3,TRUE,FALSE,0.6020599913279624,4517,6.641576267434137e-4
Cote d'Ivoire,CIV,1997,7,TRUE,FALSE,0.9030899869919436,5755,0.0012163336229365769
Cote d'Ivoire,CIV,1998,42,TRUE,FALSE,1.6334684555795864,7044,0.00596252129471891
Cote d'Ivoire,CIV,1999,10,TRUE,FALSE,1.0413926851582251,7925,0.0012618296529968455
Cote d'Ivoire,CIV,2000,1,TRUE,FALSE,0.3010299956639812,3297,3.0330603579011223e-4
Cote d'Ivoire,CIV,2001,0,FALSE,TRUE,0,878,0
Cote d'Ivoire,CIV,2002,0,FALSE,TRUE,0,3565,0
Cote d'Ivoire,CIV,2003,2,TRUE,FALSE,0.4771212547196624,1138,0.0017574692442882249
Cote d'Ivoire,CIV,2004,34,TRUE,FALSE,1.5440680443502757,1475,0.02305084745762712
Cote d'Ivoire,CIV,2005,0,FALSE,TRUE,0,2696,0
Cote d'Ivoire,CIV,2006,0,FALSE,TRUE,0,2245,0
Cote d'Ivoire,CIV,2007,0,FALSE,TRUE,0,1541,0
Cote d'Ivoire,CIV,2008,1,TRUE,FALSE,0.3010299956639812,1926,5.192107995846313e-4
Cote d'Ivoire,CIV,2009,52,TRUE,FALSE,1.724275869600789,2020,0.02574257425742574
Cote d'Ivoire,CIV,2010,0,FALSE,TRUE,0,1988,0
Cote d'Ivoire,CIV,2011,72,TRUE,FALSE,1.863322860120456,826,0.08716707021791767
Cote d'Ivoire,CIV,2012,0,FALSE,TRUE,0,325,0
Cote d'Ivoire,CIV,2013,0,FALSE,TRUE,0,565,0
Cote d'Ivoire,CIV,2014,0,FALSE,TRUE,0,469,0
Cote d'Ivoire,CIV,2015,0,FALSE,TRUE,0,139,0
Cote d'Ivoire,CIV,2016,0,FALSE,TRUE,0,49,0
Cote d'Ivoire,CIV,2017,0,FALSE,TRUE,0,131,0
Cote d'Ivoire,CIV,2018,0,FALSE,TRUE,0,203,0
Cote d'Ivoire,CIV,2019,0,FALSE,TRUE,0,656,0
Cote d'Ivoire,CIV,2020,128,TRUE,FALSE,2.110589710299249,1871,0.068412613575628
Croatia,HRV,1991,0,FALSE,TRUE,0,81574,0
Croatia,HRV,1992,0,FALSE,TRUE,0,100113,0
Croatia,HRV,1993,0,FALSE,TRUE,0,73500,0
Croatia,HRV,1994,0,FALSE,TRUE,0,60662,0
Croatia,HRV,1995,0,FALSE,TRUE,0,49301,0
Croatia,HRV,1996,0,FALSE,TRUE,0,4517,0
Croatia,HRV,1997,0,FALSE,TRUE,0,5755,0
Croatia,HRV,1998,0,FALSE,TRUE,0,7044,0
Croatia,HRV,1999,0,FALSE,TRUE,0,7925,0
Croatia,HRV,2000,0,FALSE,TRUE,0,3297,0
Croatia,HRV,2001,0,FALSE,TRUE,0,878,0
Croatia,HRV,2002,0,FALSE,TRUE,0,3565,0
Croatia,HRV,2003,0,FALSE,TRUE,0,1138,0
Croatia,HRV,2004,0,FALSE,TRUE,0,1475,0
Croatia,HRV,2005,0,FALSE,TRUE,0,2696,0
Croatia,HRV,2006,0,FALSE,TRUE,0,2245,0
Croatia,HRV,2007,0,FALSE,TRUE,0,1541,0
Croatia,HRV,2008,0,FALSE,TRUE,0,1926,0
Croatia,HRV,2009,0,FALSE,TRUE,0,2020,0
Croatia,HRV,2010,0,FALSE,TRUE,0,1988,0
Croatia,HRV,2011,0,FALSE,TRUE,0,826,0
Croatia,HRV,2012,0,FALSE,TRUE,0,325,0
Croatia,HRV,2013,0,FALSE,TRUE,0,565,0
Croatia,HRV,2014,0,FALSE,TRUE,0,469,0
Croatia,HRV,2015,0,FALSE,TRUE,0,139,0
Croatia,HRV,2016,0,FALSE,TRUE,0,49,0
Croatia,HRV,2017,0,FALSE,TRUE,0,131,0
Croatia,HRV,2018,0,FALSE,TRUE,0,203,0
Croatia,HRV,2019,0,FALSE,TRUE,0,656,0
Croatia,HRV,2020,0,FALSE,TRUE,0,1871,0
Cuba,CUB,1980,0,FALSE,TRUE,0,368410,0
Cuba,CUB,1981,0,FALSE,TRUE,0,460159,0
Cuba,CUB,1982,0,FALSE,TRUE,0,361396,0
Cuba,CUB,1983,0,FALSE,TRUE,0,279811,0
Cuba,CUB,1984,0,FALSE,TRUE,0,245588,0
Cuba,CUB,1985,0,FALSE,TRUE,0,269381,0
Cuba,CUB,1986,0,FALSE,TRUE,0,229922,0
Cuba,CUB,1987,0,FALSE,TRUE,0,277781,0
Cuba,CUB,1988,0,FALSE,TRUE,0,241624,0
Cuba,CUB,1989,0,FALSE,TRUE,0,155499,0
Cuba,CUB,1990,0,FALSE,TRUE,0,131538,0
Cuba,CUB,1991,0,FALSE,TRUE,0,81574,0
Cuba,CUB,1992,0,FALSE,TRUE,0,100113,0
Cuba,CUB,1993,0,FALSE,TRUE,0,73500,0
Cuba,CUB,1994,0,FALSE,TRUE,0,60662,0
Cuba,CUB,1995,0,FALSE,TRUE,0,49301,0
Cuba,CUB,1996,0,FALSE,TRUE,0,4517,0
Cuba,CUB,1997,0,FALSE,TRUE,0,5755,0
Cuba,CUB,1998,0,FALSE,TRUE,0,7044,0
Cuba,CUB,1999,0,FALSE,TRUE,0,7925,0
Cuba,CUB,2000,0,FALSE,TRUE,0,3297,0
Cuba,CUB,2001,0,FALSE,TRUE,0,878,0
Cuba,CUB,2002,0,FALSE,TRUE,0,3565,0
Cuba,CUB,2003,0,FALSE,TRUE,0,1138,0
Cuba,CUB,2004,0,FALSE,TRUE,0,1475,0
Cuba,CUB,2005,0,FALSE,TRUE,0,2696,0
Cuba,CUB,2006,0,FALSE,TRUE,0,2245,0
Cuba,CUB,2007,0,FALSE,TRUE,0,1541,0
Cuba,CUB,2008,0,FALSE,TRUE,0,1926,0
Cuba,CUB,2009,0,FALSE,TRUE,0,2020,0
Cuba,CUB,2010,0,FALSE,TRUE,0,1988,0
Cuba,CUB,2011,0,FALSE,TRUE,0,826,0
Cuba,CUB,2012,0,FALSE,TRUE,0,325,0
Cuba,CUB,2013,0,FALSE,TRUE,0,565,0
Cuba,CUB,2014,0,FALSE,TRUE,0,469,0
Cuba,CUB,2015,0,FALSE,TRUE,0,139,0
Cuba,CUB,2016,0,FALSE,TRUE,0,49,0
Cuba,CUB,2017,0,FALSE,TRUE,0,131,0
Cuba,CUB,2018,0,FALSE,TRUE,0,203,0
Cuba,CUB,2019,0,FALSE,TRUE,0,656,0
Cuba,CUB,2020,0,FALSE,TRUE,0,1871,0
Cyprus,CYP,1980,0,FALSE,TRUE,0,368410,0
Cyprus,CYP,1981,0,FALSE,TRUE,0,460159,0
Cyprus,CYP,1982,0,FALSE,TRUE,0,361396,0
Cyprus,CYP,1983,0,FALSE,TRUE,0,279811,0
Cyprus,CYP,1984,0,FALSE,TRUE,0,245588,0
Cyprus,CYP,1985,0,FALSE,TRUE,0,269381,0
Cyprus,CYP,1986,0,FALSE,TRUE,0,229922,0
Cyprus,CYP,1987,0,FALSE,TRUE,0,277781,0
Cyprus,CYP,1988,0,FALSE,TRUE,0,241624,0
Cyprus,CYP,1989,0,FALSE,TRUE,0,155499,0
Cyprus,CYP,1990,0,FALSE,TRUE,0,131538,0
Cyprus,CYP,1991,7,TRUE,FALSE,0.9030899869919436,81574,8.58116556746022e-5
Cyprus,CYP,1992,0,FALSE,TRUE,0,100113,0
Cyprus,CYP,1993,0,FALSE,TRUE,0,73500,0
Cyprus,CYP,1994,0,FALSE,TRUE,0,60662,0
Cyprus,CYP,1995,7,TRUE,FALSE,0.9030899869919436,49301,1.419849495953429e-4
Cyprus,CYP,1996,0,FALSE,TRUE,0,4517,0
Cyprus,CYP,1997,0,FALSE,TRUE,0,5755,0
Cyprus,CYP,1998,0,FALSE,TRUE,0,7044,0
Cyprus,CYP,1999,0,FALSE,TRUE,0,7925,0
Cyprus,CYP,2000,0,FALSE,TRUE,0,3297,0
Cyprus,CYP,2001,0,FALSE,TRUE,0,878,0
Cyprus,CYP,2002,0,FALSE,TRUE,0,3565,0
Cyprus,CYP,2003,0,FALSE,TRUE,0,1138,0
Cyprus,CYP,2004,0,FALSE,TRUE,0,1475,0
Cyprus,CYP,2005,0,FALSE,TRUE,0,2696,0
Cyprus,CYP,2006,0,FALSE,TRUE,0,2245,0
Cyprus,CYP,2007,0,FALSE,TRUE,0,1541,0
Cyprus,CYP,2008,0,FALSE,TRUE,0,1926,0
Cyprus,CYP,2009,0,FALSE,TRUE,0,2020,0
Cyprus,CYP,2010,0,FALSE,TRUE,0,1988,0
Cyprus,CYP,2011,0,FALSE,TRUE,0,826,0
Cyprus,CYP,2012,0,FALSE,TRUE,0,325,0
Cyprus,CYP,2013,0,FALSE,TRUE,0,565,0
Cyprus,CYP,2014,0,FALSE,TRUE,0,469,0
Cyprus,CYP,2015,0,FALSE,TRUE,0,139,0
Cyprus,CYP,2016,0,FALSE,TRUE,0,49,0
Cyprus,CYP,2017,0,FALSE,TRUE,0,131,0
Cyprus,CYP,2018,0,FALSE,TRUE,0,203,0
Cyprus,CYP,2019,0,FALSE,TRUE,0,656,0
Cyprus,CYP,2020,0,FALSE,TRUE,0,1871,0
Czechia,CZE,1991,0,FALSE,TRUE,0,81574,0
Czechia,CZE,1992,0,FALSE,TRUE,0,100113,0
Czechia,CZE,1993,0,FALSE,TRUE,0,73500,0
Czechia,CZE,1994,0,FALSE,TRUE,0,60662,0
Czechia,CZE,1995,0,FALSE,TRUE,0,49301,0
Czechia,CZE,1996,0,FALSE,TRUE,0,4517,0
Czechia,CZE,1997,0,FALSE,TRUE,0,5755,0
Czechia,CZE,1998,0,FALSE,TRUE,0,7044,0
Czechia,CZE,1999,0,FALSE,TRUE,0,7925,0
Czechia,CZE,2000,0,FALSE,TRUE,0,3297,0
Czechia,CZE,2001,0,FALSE,TRUE,0,878,0
Czechia,CZE,2002,0,FALSE,TRUE,0,3565,0
Czechia,CZE,2003,0,FALSE,TRUE,0,1138,0
Czechia,CZE,2004,0,FALSE,TRUE,0,1475,0
Czechia,CZE,2005,0,FALSE,TRUE,0,2696,0
Czechia,CZE,2006,0,FALSE,TRUE,0,2245,0
Czechia,CZE,2007,0,FALSE,TRUE,0,1541,0
Czechia,CZE,2008,0,FALSE,TRUE,0,1926,0
Czechia,CZE,2009,0,FALSE,TRUE,0,2020,0
Czechia,CZE,2010,0,FALSE,TRUE,0,1988,0
Czechia,CZE,2011,0,FALSE,TRUE,0,826,0
Czechia,CZE,2012,0,FALSE,TRUE,0,325,0
Czechia,CZE,2013,0,FALSE,TRUE,0,565,0
Czechia,CZE,2014,0,FALSE,TRUE,0,469,0
Czechia,CZE,2015,0,FALSE,TRUE,0,139,0
Czechia,CZE,2016,0,FALSE,TRUE,0,49,0
Czechia,CZE,2017,0,FALSE,TRUE,0,131,0
Czechia,CZE,2018,0,FALSE,TRUE,0,203,0
Czechia,CZE,2019,0,FALSE,TRUE,0,656,0
Czechia,CZE,2020,0,FALSE,TRUE,0,1871,0
Democratic Republic of Congo,COD,1980,1841,TRUE,FALSE,3.26528962586083,368410,0.004997149914497435
Democratic Republic of Congo,COD,1981,1757,TRUE,FALSE,3.245018870737753,460159,0.0038182454325570076
Democratic Republic of Congo,COD,1982,2541,TRUE,FALSE,3.4051755462179893,361396,0.007031068412489347
Democratic Republic of Congo,COD,1983,1358,TRUE,FALSE,3.1332194567324945,279811,0.00485327596127386
Democratic Republic of Congo,COD,1984,924,TRUE,FALSE,2.9661417327390325,245588,0.003762398814274313
Democratic Republic of Congo,COD,1985,686,TRUE,FALSE,2.8369567370595505,269381,0.0025465790089130263
Democratic Republic of Congo,COD,1986,945,TRUE,FALSE,2.975891136401793,229922,0.004110089508615965
Democratic Republic of Congo,COD,1987,623,TRUE,FALSE,2.795184589682424,277781,0.0022427739838217875
Democratic Republic of Congo,COD,1988,504,TRUE,FALSE,2.7032913781186614,241624,0.002085885508062113
Democratic Republic of Congo,COD,1989,147,TRUE,FALSE,2.1702617153949575,155499,9.453436999594853e-4
Democratic Republic of Congo,COD,1991,133,TRUE,FALSE,2.1271047983648077,81574,0.001630421457817442
Democratic Republic of Congo,COD,1992,70,TRUE,FALSE,1.8512583487190752,100113,6.992098928211122e-4
Democratic Republic of Congo,COD,1993,231,TRUE,FALSE,2.3654879848909,73500,0.003142857142857143
Democratic Republic of Congo,COD,1994,693,TRUE,FALSE,2.841359470454855,60662,0.011423955688899146
Democratic Republic of Congo,COD,1995,5145,TRUE,FALSE,3.711469781874328,49301,0.10435893795257703
Democratic Republic of Congo,COD,1996,243,TRUE,FALSE,2.387389826338729,4517,0.053796767766216516
Democratic Republic of Congo,COD,1997,91,TRUE,FALSE,1.9637878273455551,5755,0.015812337098175498
Democratic Republic of Congo,COD,1998,11,TRUE,FALSE,1.0791812460476249,7044,0.0015616127200454286
Democratic Republic of Congo,COD,1999,50,TRUE,FALSE,1.7075701760979365,7925,0.006309148264984227
Democratic Republic of Congo,COD,2000,669,TRUE,FALSE,2.8260748027008264,3297,0.20291173794358508
Democratic Republic of Congo,COD,2001,0,FALSE,TRUE,0,878,0
Democratic Republic of Congo,COD,2002,0,FALSE,TRUE,0,3565,0
Democratic Republic of Congo,COD,2003,0,FALSE,TRUE,0,1138,0
Democratic Republic of Congo,COD,2004,0,FALSE,TRUE,0,1475,0
Democratic Republic of Congo,COD,2005,0,FALSE,TRUE,0,2696,0
Democratic Republic of Congo,COD,2006,14,TRUE,FALSE,1.1760912590556811,2245,0.0062360801781737195
Democratic Republic of Congo,COD,2007,46,TRUE,FALSE,1.6720978579357175,1541,0.029850746268656716
Democratic Republic of Congo,COD,2008,20,TRUE,FALSE,1.3222192947339193,1926,0.010384215991692628
Democratic Republic of Congo,COD,2009,9,TRUE,FALSE,1,2020,0.004455445544554455
Democratic Republic of Congo,COD,2010,131,TRUE,FALSE,2.12057393120585,1988,0.0658953722334004
Democratic Republic of Congo,COD,2011,115,TRUE,FALSE,2.0644579892269186,826,0.13922518159806296
Democratic Republic of Congo,COD,2012,19,TRUE,FALSE,1.3010299956639813,325,0.05846153846153846
Democratic Republic of Congo,COD,2013,0,FALSE,TRUE,0,565,0
Democratic Republic of Congo,COD,2014,0,FALSE,TRUE,0,469,0
Democratic Republic of Congo,COD,2015,0,FALSE,TRUE,0,139,0
Democratic Republic of Congo,COD,2016,0,FALSE,TRUE,0,49,0
Democratic Republic of Congo,COD,2017,24,TRUE,FALSE,1.3979400086720375,131,0.183206106870229
Democratic Republic of Congo,COD,2018,40,TRUE,FALSE,1.6127838567197357,203,0.19704433497536947
Democratic Republic of Congo,COD,2019,98,TRUE,FALSE,1.99563519459755,656,0.14939024390243902
Democratic Republic of Congo,COD,2020,162,TRUE,FALSE,2.2121876044039577,1871,0.0865847140566542
Denmark,DNK,1980,0,FALSE,TRUE,0,368410,0
Denmark,DNK,1981,7,TRUE,FALSE,0.9030899869919436,460159,1.5212133197438277e-5
Denmark,DNK,1982,0,FALSE,TRUE,0,361396,0
Denmark,DNK,1983,7,TRUE,FALSE,0.9030899869919436,279811,2.5016886398318866e-5
Denmark,DNK,1984,0,FALSE,TRUE,0,245588,0
Denmark,DNK,1985,0,FALSE,TRUE,0,269381,0
Denmark,DNK,1986,0,FALSE,TRUE,0,229922,0
Denmark,DNK,1987,0,FALSE,TRUE,0,277781,0
Denmark,DNK,1988,0,FALSE,TRUE,0,241624,0
Denmark,DNK,1989,0,FALSE,TRUE,0,155499,0
Denmark,DNK,1990,0,FALSE,TRUE,0,131538,0
Denmark,DNK,1991,0,FALSE,TRUE,0,81574,0
Denmark,DNK,1992,0,FALSE,TRUE,0,100113,0
Denmark,DNK,1993,0,FALSE,TRUE,0,73500,0
Denmark,DNK,1994,0,FALSE,TRUE,0,60662,0
Denmark,DNK,1995,0,FALSE,TRUE,0,49301,0
Denmark,DNK,1996,0,FALSE,TRUE,0,4517,0
Denmark,DNK,1997,0,FALSE,TRUE,0,5755,0
Denmark,DNK,1998,0,FALSE,TRUE,0,7044,0
Denmark,DNK,1999,0,FALSE,TRUE,0,7925,0
Denmark,DNK,2000,0,FALSE,TRUE,0,3297,0
Denmark,DNK,2001,0,FALSE,TRUE,0,878,0
Denmark,DNK,2002,0,FALSE,TRUE,0,3565,0
Denmark,DNK,2003,0,FALSE,TRUE,0,1138,0
Denmark,DNK,2004,0,FALSE,TRUE,0,1475,0
Denmark,DNK,2005,0,FALSE,TRUE,0,2696,0
Denmark,DNK,2006,0,FALSE,TRUE,0,2245,0
Denmark,DNK,2007,0,FALSE,TRUE,0,1541,0
Denmark,DNK,2008,0,FALSE,TRUE,0,1926,0
Denmark,DNK,2009,0,FALSE,TRUE,0,2020,0
Denmark,DNK,2010,0,FALSE,TRUE,0,1988,0
Denmark,DNK,2011,0,FALSE,TRUE,0,826,0
Denmark,DNK,2012,0,FALSE,TRUE,0,325,0
Denmark,DNK,2013,0,FALSE,TRUE,0,565,0
Denmark,DNK,2014,0,FALSE,TRUE,0,469,0
Denmark,DNK,2015,0,FALSE,TRUE,0,139,0
Denmark,DNK,2016,0,FALSE,TRUE,0,49,0
Denmark,DNK,2017,0,FALSE,TRUE,0,131,0
Denmark,DNK,2018,0,FALSE,TRUE,0,203,0
Denmark,DNK,2019,0,FALSE,TRUE,0,656,0
Denmark,DNK,2020,0,FALSE,TRUE,0,1871,0
Djibouti,DJI,1981,280,TRUE,FALSE,2.44870631990508,460159,6.08485327897531e-4
Djibouti,DJI,1982,245,TRUE,FALSE,2.3909351071033793,361396,6.779267064383668e-4
Djibouti,DJI,1984,1225,TRUE,FALSE,3.0884904701823963,245588,0.004988028731045491
Djibouti,DJI,1987,7,TRUE,FALSE,0.9030899869919436,277781,2.5199707683390872e-5
Djibouti,DJI,1988,21,TRUE,FALSE,1.3424226808222062,241624,8.691189616925471e-5
Djibouti,DJI,1989,70,TRUE,FALSE,1.8512583487190752,155499,4.501636666473739e-4
Djibouti,DJI,1990,49,TRUE,FALSE,1.6989700043360187,131538,3.7251592695646885e-4
Djibouti,DJI,1991,0,FALSE,TRUE,0,81574,0
Djibouti,DJI,1992,21,TRUE,FALSE,1.3424226808222062,100113,2.0976296784633365e-4
Djibouti,DJI,1993,0,FALSE,TRUE,0,73500,0
Djibouti,DJI,1994,0,FALSE,TRUE,0,60662,0
Djibouti,DJI,1995,0,FALSE,TRUE,0,49301,0
Djibouti,DJI,1996,0,FALSE,TRUE,0,4517,0
Djibouti,DJI,1997,0,FALSE,TRUE,0,5755,0
Djibouti,DJI,1998,0,FALSE,TRUE,0,7044,0
Djibouti,DJI,1999,1,TRUE,FALSE,0.3010299956639812,7925,1.2618296529968455e-4
Djibouti,DJI,2000,0,FALSE,TRUE,0,3297,0
Djibouti,DJI,2001,0,FALSE,TRUE,0,878,0
Djibouti,DJI,2002,0,FALSE,TRUE,0,3565,0
Djibouti,DJI,2003,0,FALSE,TRUE,0,1138,0
Djibouti,DJI,2004,0,FALSE,TRUE,0,1475,0
Djibouti,DJI,2005,0,FALSE,TRUE,0,2696,0
Djibouti,DJI,2006,0,FALSE,TRUE,0,2245,0
Djibouti,DJI,2007,0,FALSE,TRUE,0,1541,0
Djibouti,DJI,2008,0,FALSE,TRUE,0,1926,0
Djibouti,DJI,2009,0,FALSE,TRUE,0,2020,0
Djibouti,DJI,2010,0,FALSE,TRUE,0,1988,0
Djibouti,DJI,2011,0,FALSE,TRUE,0,826,0
Djibouti,DJI,2012,0,FALSE,TRUE,0,325,0
Djibouti,DJI,2013,0,FALSE,TRUE,0,565,0
Djibouti,DJI,2014,0,FALSE,TRUE,0,469,0
Djibouti,DJI,2015,0,FALSE,TRUE,0,139,0
Djibouti,DJI,2016,0,FALSE,TRUE,0,49,0
Djibouti,DJI,2017,0,FALSE,TRUE,0,131,0
Djibouti,DJI,2018,0,FALSE,TRUE,0,203,0
Djibouti,DJI,2019,0,FALSE,TRUE,0,656,0
Djibouti,DJI,2020,0,FALSE,TRUE,0,1871,0
Dominica,DMA,1980,0,FALSE,TRUE,0,368410,0
Dominica,DMA,1981,0,FALSE,TRUE,0,460159,0
Dominica,DMA,1982,0,FALSE,TRUE,0,361396,0
Dominica,DMA,1983,0,FALSE,TRUE,0,279811,0
Dominica,DMA,1984,0,FALSE,TRUE,0,245588,0
Dominica,DMA,1985,0,FALSE,TRUE,0,269381,0
Dominica,DMA,1986,0,FALSE,TRUE,0,229922,0
Dominica,DMA,1987,0,FALSE,TRUE,0,277781,0
Dominica,DMA,1988,0,FALSE,TRUE,0,241624,0
Dominica,DMA,1989,0,FALSE,TRUE,0,155499,0
Dominica,DMA,1990,0,FALSE,TRUE,0,131538,0
Dominica,DMA,1991,0,FALSE,TRUE,0,81574,0
Dominica,DMA,1992,0,FALSE,TRUE,0,100113,0
Dominica,DMA,1993,0,FALSE,TRUE,0,73500,0
Dominica,DMA,1994,0,FALSE,TRUE,0,60662,0
Dominica,DMA,1995,0,FALSE,TRUE,0,49301,0
Dominica,DMA,1996,0,FALSE,TRUE,0,4517,0
Dominica,DMA,1997,0,FALSE,TRUE,0,5755,0
Dominica,DMA,1998,0,FALSE,TRUE,0,7044,0
Dominica,DMA,1999,0,FALSE,TRUE,0,7925,0
Dominica,DMA,2000,0,FALSE,TRUE,0,3297,0
Dominica,DMA,2001,0,FALSE,TRUE,0,878,0
Dominica,DMA,2002,0,FALSE,TRUE,0,3565,0
Dominica,DMA,2003,0,FALSE,TRUE,0,1138,0
Dominica,DMA,2004,0,FALSE,TRUE,0,1475,0
Dominica,DMA,2005,0,FALSE,TRUE,0,2696,0
Dominica,DMA,2006,0,FALSE,TRUE,0,2245,0
Dominica,DMA,2007,0,FALSE,TRUE,0,1541,0
Dominica,DMA,2008,0,FALSE,TRUE,0,1926,0
Dominica,DMA,2010,0,FALSE,TRUE,0,1988,0
Dominican Republic,DOM,1980,1036,TRUE,FALSE,3.015778756389041,368410,0.002812084362530876
Dominican Republic,DOM,1981,504,TRUE,FALSE,2.7032913781186614,460159,0.001095273590215556
Dominican Republic,DOM,1982,490,TRUE,FALSE,2.6910814921229687,361396,0.0013558534128767336
Dominican Republic,DOM,1983,49,TRUE,FALSE,1.6989700043360187,279811,1.7511820478823207e-4
Dominican Republic,DOM,1984,0,FALSE,TRUE,0,245588,0
Dominican Republic,DOM,1985,14,TRUE,FALSE,1.1760912590556811,269381,5.1971000181898504e-5
Dominican Republic,DOM,1986,14,TRUE,FALSE,1.1760912590556811,229922,6.0890214942458744e-5
Dominican Republic,DOM,1987,7,TRUE,FALSE,0.9030899869919436,277781,2.5199707683390872e-5
Dominican Republic,DOM,1988,7,TRUE,FALSE,0.9030899869919436,241624,2.8970632056418236e-5
Dominican Republic,DOM,1989,0,FALSE,TRUE,0,155499,0
Dominican Republic,DOM,1990,0,FALSE,TRUE,0,131538,0
Dominican Republic,DOM,1991,0,FALSE,TRUE,0,81574,0
Dominican Republic,DOM,1992,0,FALSE,TRUE,0,100113,0
Dominican Republic,DOM,1993,0,FALSE,TRUE,0,73500,0
Dominican Republic,DOM,1994,0,FALSE,TRUE,0,60662,0
Dominican Republic,DOM,1995,0,FALSE,TRUE,0,49301,0
Dominican Republic,DOM,1996,0,FALSE,TRUE,0,4517,0
Dominican Republic,DOM,1997,0,FALSE,TRUE,0,5755,0
Dominican Republic,DOM,1998,0,FALSE,TRUE,0,7044,0
Dominican Republic,DOM,1999,0,FALSE,TRUE,0,7925,0
Dominican Republic,DOM,2000,12,TRUE,FALSE,1.1139433523068367,3297,0.003639672429481347
Dominican Republic,DOM,2001,4,TRUE,FALSE,0.6989700043360189,878,0.004555808656036446
Dominican Republic,DOM,2002,0,FALSE,TRUE,0,3565,0
Dominican Republic,DOM,2003,0,FALSE,TRUE,0,1138,0
Dominican Republic,DOM,2004,0,FALSE,TRUE,0,1475,0
Dominican Republic,DOM,2005,0,FALSE,TRUE,0,2696,0
Dominican Republic,DOM,2006,0,FALSE,TRUE,0,2245,0
Dominican Republic,DOM,2007,0,FALSE,TRUE,0,1541,0
Dominican Republic,DOM,2008,0,FALSE,TRUE,0,1926,0
Dominican Republic,DOM,2009,0,FALSE,TRUE,0,2020,0
Dominican Republic,DOM,2010,0,FALSE,TRUE,0,1988,0
Dominican Republic,DOM,2011,0,FALSE,TRUE,0,826,0
Dominican Republic,DOM,2012,0,FALSE,TRUE,0,325,0
Dominican Republic,DOM,2013,0,FALSE,TRUE,0,565,0
Dominican Republic,DOM,2014,0,FALSE,TRUE,0,469,0
Dominican Republic,DOM,2015,0,FALSE,TRUE,0,139,0
Dominican Republic,DOM,2016,0,FALSE,TRUE,0,49,0
Dominican Republic,DOM,2017,0,FALSE,TRUE,0,131,0
Dominican Republic,DOM,2018,0,FALSE,TRUE,0,203,0
Dominican Republic,DOM,2019,0,FALSE,TRUE,0,656,0
Dominican Republic,DOM,2020,0,FALSE,TRUE,0,1871,0
East Timor,TLS,2002,0,FALSE,TRUE,0,3565,0
East Timor,TLS,2003,0,FALSE,TRUE,0,1138,0
East Timor,TLS,2004,0,FALSE,TRUE,0,1475,0
East Timor,TLS,2005,0,FALSE,TRUE,0,2696,0
East Timor,TLS,2006,0,FALSE,TRUE,0,2245,0
East Timor,TLS,2007,0,FALSE,TRUE,0,1541,0
East Timor,TLS,2008,0,FALSE,TRUE,0,1926,0
East Timor,TLS,2009,0,FALSE,TRUE,0,2020,0
East Timor,TLS,2010,0,FALSE,TRUE,0,1988,0
East Timor,TLS,2011,0,FALSE,TRUE,0,826,0
East Timor,TLS,2012,0,FALSE,TRUE,0,325,0
East Timor,TLS,2013,0,FALSE,TRUE,0,565,0
East Timor,TLS,2014,0,FALSE,TRUE,0,469,0
East Timor,TLS,2015,0,FALSE,TRUE,0,139,0
East Timor,TLS,2016,0,FALSE,TRUE,0,49,0
East Timor,TLS,2017,0,FALSE,TRUE,0,131,0
East Timor,TLS,2018,0,FALSE,TRUE,0,203,0
East Timor,TLS,2019,0,FALSE,TRUE,0,656,0
East Timor,TLS,2020,0,FALSE,TRUE,0,1871,0
Ecuador,ECU,1980,77,TRUE,FALSE,1.8920946026904804,368410,2.0900627018810564e-4
Ecuador,ECU,1981,77,TRUE,FALSE,1.8920946026904804,460159,1.6733346517182104e-4
Ecuador,ECU,1982,77,TRUE,FALSE,1.8920946026904804,361396,2.1306267916634385e-4
Ecuador,ECU,1983,35,TRUE,FALSE,1.5563025007672873,279811,1.2508443199159432e-4
Ecuador,ECU,1984,0,FALSE,TRUE,0,245588,0
Ecuador,ECU,1985,0,FALSE,TRUE,0,269381,0
Ecuador,ECU,1986,140,TRUE,FALSE,2.1492191126553797,229922,6.089021494245874e-4
Ecuador,ECU,1987,84,TRUE,FALSE,1.9294189257142929,277781,3.023964922006905e-4
Ecuador,ECU,1988,70,TRUE,FALSE,1.8512583487190752,241624,2.897063205641824e-4
Ecuador,ECU,1989,35,TRUE,FALSE,1.5563025007672873,155499,2.2508183332368696e-4
Ecuador,ECU,1990,7,TRUE,FALSE,0.9030899869919436,131538,5.321656099378126e-5
Ecuador,ECU,1991,0,FALSE,TRUE,0,81574,0
Ecuador,ECU,1992,0,FALSE,TRUE,0,100113,0
Ecuador,ECU,1993,0,FALSE,TRUE,0,73500,0
Ecuador,ECU,1994,0,FALSE,TRUE,0,60662,0
Ecuador,ECU,1995,0,FALSE,TRUE,0,49301,0
Ecuador,ECU,1996,0,FALSE,TRUE,0,4517,0
Ecuador,ECU,1997,0,FALSE,TRUE,0,5755,0
Ecuador,ECU,1998,0,FALSE,TRUE,0,7044,0
Ecuador,ECU,1999,0,FALSE,TRUE,0,7925,0
Ecuador,ECU,2000,0,FALSE,TRUE,0,3297,0
Ecuador,ECU,2001,0,FALSE,TRUE,0,878,0
Ecuador,ECU,2002,0,FALSE,TRUE,0,3565,0
Ecuador,ECU,2003,0,FALSE,TRUE,0,1138,0
Ecuador,ECU,2004,0,FALSE,TRUE,0,1475,0
Ecuador,ECU,2005,0,FALSE,TRUE,0,2696,0
Ecuador,ECU,2006,0,FALSE,TRUE,0,2245,0
Ecuador,ECU,2007,0,FALSE,TRUE,0,1541,0
Ecuador,ECU,2008,0,FALSE,TRUE,0,1926,0
Ecuador,ECU,2009,0,FALSE,TRUE,0,2020,0
Ecuador,ECU,2010,0,FALSE,TRUE,0,1988,0
Ecuador,ECU,2011,0,FALSE,TRUE,0,826,0
Ecuador,ECU,2012,0,FALSE,TRUE,0,325,0
Ecuador,ECU,2013,0,FALSE,TRUE,0,565,0
Ecuador,ECU,2014,0,FALSE,TRUE,0,469,0
Ecuador,ECU,2015,0,FALSE,TRUE,0,139,0
Ecuador,ECU,2016,0,FALSE,TRUE,0,49,0
Ecuador,ECU,2017,0,FALSE,TRUE,0,131,0
Ecuador,ECU,2018,0,FALSE,TRUE,0,203,0
Ecuador,ECU,2019,0,FALSE,TRUE,0,656,0
Ecuador,ECU,2020,0,FALSE,TRUE,0,1871,0
Egypt,EGY,1980,14042,TRUE,FALSE,4.1474598958471045,368410,0.03811514345430363
Egypt,EGY,1981,11291,TRUE,FALSE,4.052770869474882,460159,0.02453717084746794
Egypt,EGY,1982,15071,TRUE,FALSE,4.178170885448802,361396,0.04170217711319439
Egypt,EGY,1983,7133,TRUE,FALSE,3.8533331050023354,279811,0.025492207239886922
Egypt,EGY,1984,5040,TRUE,FALSE,3.7025166974381505,245588,0.020522175350587164
Egypt,EGY,1985,3948,TRUE,FALSE,3.5964871337365443,269381,0.014655822051295377
Egypt,EGY,1986,2912,TRUE,FALSE,3.4643404846276673,229922,0.01266516470803142
Egypt,EGY,1987,4403,TRUE,FALSE,3.643847310299714,277781,0.01585061613285286
Egypt,EGY,1988,3850,TRUE,FALSE,3.585573518622731,241624,0.01593384763103003
Egypt,EGY,1989,3318,TRUE,FALSE,3.521007252408604,155499,0.021337757799085526
Egypt,EGY,1990,3955,TRUE,FALSE,3.5972562829251418,131538,0.030067356961486415
Egypt,EGY,1991,4375,TRUE,FALSE,3.641077313325374,81574,0.05363228479662638
Egypt,EGY,1992,4088,TRUE,FALSE,3.611617110554336,100113,0.040833857740752946
Egypt,EGY,1993,1050,TRUE,FALSE,3.021602716028242,73500,0.014285714285714285
Egypt,EGY,1994,840,TRUE,FALSE,2.924795995797912,60662,0.01384721901684745
Egypt,EGY,1995,497,TRUE,FALSE,2.6972293427597176,49301,0.010080931421269345
Egypt,EGY,1996,111,TRUE,FALSE,2.0492180226701815,4517,0.02457383218950631
Egypt,EGY,1997,16,TRUE,FALSE,1.230448921378274,5755,0.002780191138140747
Egypt,EGY,1998,39,TRUE,FALSE,1.6020599913279625,7044,0.005536626916524702
Egypt,EGY,1999,10,TRUE,FALSE,1.0413926851582251,7925,0.0012618296529968455
Egypt,EGY,2000,4,TRUE,FALSE,0.6989700043360189,3297,0.001213224143160449
Egypt,EGY,2001,10,TRUE,FALSE,1.0413926851582251,878,0.011389521640091117
Egypt,EGY,2002,8,TRUE,FALSE,0.9542425094393248,3565,0.002244039270687237
Egypt,EGY,2003,1,TRUE,FALSE,0.3010299956639812,1138,8.787346221441124e-4
Egypt,EGY,2004,1,TRUE,FALSE,0.3010299956639812,1475,6.779661016949153e-4
Egypt,EGY,2005,0,FALSE,TRUE,0,2696,0
Egypt,EGY,2006,0,FALSE,TRUE,0,2245,0
Egypt,EGY,2007,0,FALSE,TRUE,0,1541,0
Egypt,EGY,2008,0,FALSE,TRUE,0,1926,0
Egypt,EGY,2009,0,FALSE,TRUE,0,2020,0
Egypt,EGY,2010,0,FALSE,TRUE,0,1988,0
Egypt,EGY,2011,0,FALSE,TRUE,0,826,0
Egypt,EGY,2012,0,FALSE,TRUE,0,325,0
Egypt,EGY,2013,0,FALSE,TRUE,0,565,0
Egypt,EGY,2014,0,FALSE,TRUE,0,469,0
Egypt,EGY,2015,0,FALSE,TRUE,0,139,0
Egypt,EGY,2016,0,FALSE,TRUE,0,49,0
Egypt,EGY,2017,0,FALSE,TRUE,0,131,0
Egypt,EGY,2018,0,FALSE,TRUE,0,203,0
Egypt,EGY,2019,0,FALSE,TRUE,0,656,0
Egypt,EGY,2020,0,FALSE,TRUE,0,1871,0
El Salvador,SLV,1980,385,TRUE,FALSE,2.586587304671755,368410,0.0010450313509405282
El Salvador,SLV,1981,364,TRUE,FALSE,2.562292864456474,460159,7.910309262667903e-4
El Salvador,SLV,1982,126,TRUE,FALSE,2.103803720955957,361396,3.486480204540172e-4
El Salvador,SLV,1983,616,TRUE,FALSE,2.7902851640332416,279811,0.0022014860030520602
El Salvador,SLV,1984,392,TRUE,FALSE,2.5943925503754266,245588,0.0015961691939345571
El Salvador,SLV,1985,196,TRUE,FALSE,2.294466226161593,269381,7.27594002546579e-4
El Salvador,SLV,1986,84,TRUE,FALSE,1.9294189257142929,229922,3.653412896547525e-4
El Salvador,SLV,1987,399,TRUE,FALSE,2.6020599913279625,277781,0.0014363833379532798
El Salvador,SLV,1988,56,TRUE,FALSE,1.7558748556724917,241624,2.317650564513459e-4
El Salvador,SLV,1989,0,FALSE,TRUE,0,155499,0
El Salvador,SLV,1990,0,FALSE,TRUE,0,131538,0
El Salvador,SLV,1991,0,FALSE,TRUE,0,81574,0
El Salvador,SLV,1992,0,FALSE,TRUE,0,100113,0
El Salvador,SLV,1993,0,FALSE,TRUE,0,73500,0
El Salvador,SLV,1994,0,FALSE,TRUE,0,60662,0
El Salvador,SLV,1995,0,FALSE,TRUE,0,49301,0
El Salvador,SLV,1996,0,FALSE,TRUE,0,4517,0
El Salvador,SLV,1997,0,FALSE,TRUE,0,5755,0
El Salvador,SLV,1998,0,FALSE,TRUE,0,7044,0
El Salvador,SLV,1999,0,FALSE,TRUE,0,7925,0
El Salvador,SLV,2000,0,FALSE,TRUE,0,3297,0
El Salvador,SLV,2001,0,FALSE,TRUE,0,878,0
El Salvador,SLV,2002,0,FALSE,TRUE,0,3565,0
El Salvador,SLV,2003,0,FALSE,TRUE,0,1138,0
El Salvador,SLV,2004,0,FALSE,TRUE,0,1475,0
El Salvador,SLV,2005,0,FALSE,TRUE,0,2696,0
El Salvador,SLV,2006,0,FALSE,TRUE,0,2245,0
El Salvador,SLV,2007,0,FALSE,TRUE,0,1541,0
El Salvador,SLV,2008,0,FALSE,TRUE,0,1926,0
El Salvador,SLV,2009,0,FALSE,TRUE,0,2020,0
El Salvador,SLV,2010,0,FALSE,TRUE,0,1988,0
El Salvador,SLV,2011,0,FALSE,TRUE,0,826,0
El Salvador,SLV,2012,0,FALSE,TRUE,0,325,0
El Salvador,SLV,2013,0,FALSE,TRUE,0,565,0
El Salvador,SLV,2014,0,FALSE,TRUE,0,469,0
El Salvador,SLV,2015,0,FALSE,TRUE,0,139,0
El Salvador,SLV,2016,0,FALSE,TRUE,0,49,0
El Salvador,SLV,2017,0,FALSE,TRUE,0,131,0
El Salvador,SLV,2018,0,FALSE,TRUE,0,203,0
El Salvador,SLV,2019,0,FALSE,TRUE,0,656,0
El Salvador,SLV,2020,0,FALSE,TRUE,0,1871,0
Equatorial Guinea,GNQ,1984,119,TRUE,FALSE,2.0791812460476247,245588,4.845513624444191e-4
Equatorial Guinea,GNQ,1985,14,TRUE,FALSE,1.1760912590556811,269381,5.1971000181898504e-5
Equatorial Guinea,GNQ,1986,7,TRUE,FALSE,0.9030899869919436,229922,3.0445107471229372e-5
Equatorial Guinea,GNQ,1987,77,TRUE,FALSE,1.8920946026904804,277781,2.771967845172996e-4
Equatorial Guinea,GNQ,1988,0,FALSE,TRUE,0,241624,0
Equatorial Guinea,GNQ,1989,0,FALSE,TRUE,0,155499,0
Equatorial Guinea,GNQ,1990,0,FALSE,TRUE,0,131538,0
Equatorial Guinea,GNQ,1991,56,TRUE,FALSE,1.7558748556724917,81574,6.864932453968176e-4
Equatorial Guinea,GNQ,1992,7,TRUE,FALSE,0.9030899869919436,100113,6.992098928211121e-5
Equatorial Guinea,GNQ,1993,0,FALSE,TRUE,0,73500,0
Equatorial Guinea,GNQ,1994,0,FALSE,TRUE,0,60662,0
Equatorial Guinea,GNQ,1995,0,FALSE,TRUE,0,49301,0
Equatorial Guinea,GNQ,1996,0,FALSE,TRUE,0,4517,0
Equatorial Guinea,GNQ,1997,0,FALSE,TRUE,0,5755,0
Equatorial Guinea,GNQ,1999,1,TRUE,FALSE,0.3010299956639812,7925,1.2618296529968455e-4
Equatorial Guinea,GNQ,2000,0,FALSE,TRUE,0,3297,0
Equatorial Guinea,GNQ,2001,0,FALSE,TRUE,0,878,0
Equatorial Guinea,GNQ,2002,0,FALSE,TRUE,0,3565,0
Equatorial Guinea,GNQ,2003,0,FALSE,TRUE,0,1138,0
Equatorial Guinea,GNQ,2004,0,FALSE,TRUE,0,1475,0
Equatorial Guinea,GNQ,2005,0,FALSE,TRUE,0,2696,0
Equatorial Guinea,GNQ,2006,0,FALSE,TRUE,0,2245,0
Equatorial Guinea,GNQ,2007,0,FALSE,TRUE,0,1541,0
Equatorial Guinea,GNQ,2008,0,FALSE,TRUE,0,1926,0
Equatorial Guinea,GNQ,2009,0,FALSE,TRUE,0,2020,0
Equatorial Guinea,GNQ,2010,0,FALSE,TRUE,0,1988,0
Equatorial Guinea,GNQ,2011,0,FALSE,TRUE,0,826,0
Equatorial Guinea,GNQ,2012,0,FALSE,TRUE,0,325,0
Equatorial Guinea,GNQ,2013,0,FALSE,TRUE,0,565,0
Equatorial Guinea,GNQ,2014,10,TRUE,FALSE,1.0413926851582251,469,0.021321961620469083
Equatorial Guinea,GNQ,2015,0,FALSE,TRUE,0,139,0
Equatorial Guinea,GNQ,2016,0,FALSE,TRUE,0,49,0
Equatorial Guinea,GNQ,2017,0,FALSE,TRUE,0,131,0
Equatorial Guinea,GNQ,2018,0,FALSE,TRUE,0,203,0
Equatorial Guinea,GNQ,2019,0,FALSE,TRUE,0,656,0
Equatorial Guinea,GNQ,2020,0,FALSE,TRUE,0,1871,0
Eritrea,ERI,1994,161,TRUE,FALSE,2.2095150145426308,60662,0.002654050311562428
Eritrea,ERI,1995,70,TRUE,FALSE,1.8512583487190752,49301,0.0014198494959534289
Eritrea,ERI,1996,0,FALSE,TRUE,0,4517,0
Eritrea,ERI,1997,46,TRUE,FALSE,1.6720978579357175,5755,0.007993049522154648
Eritrea,ERI,1998,0,FALSE,TRUE,0,7044,0
Eritrea,ERI,1999,8,TRUE,FALSE,0.9542425094393248,7925,0.0010094637223974764
Eritrea,ERI,2000,9,TRUE,FALSE,1,3297,0.00272975432211101
Eritrea,ERI,2001,0,FALSE,TRUE,0,878,0
Eritrea,ERI,2002,0,FALSE,TRUE,0,3565,0
Eritrea,ERI,2003,0,FALSE,TRUE,0,1138,0
Eritrea,ERI,2004,0,FALSE,TRUE,0,1475,0
Eritrea,ERI,2005,1,TRUE,FALSE,0.3010299956639812,2696,3.70919881305638e-4
Eritrea,ERI,2006,0,FALSE,TRUE,0,2245,0
Eritrea,ERI,2007,0,FALSE,TRUE,0,1541,0
Eritrea,ERI,2008,0,FALSE,TRUE,0,1926,0
Eritrea,ERI,2009,0,FALSE,TRUE,0,2020,0
Eritrea,ERI,2010,0,FALSE,TRUE,0,1988,0
Eritrea,ERI,2011,0,FALSE,TRUE,0,826,0
Eritrea,ERI,2012,0,FALSE,TRUE,0,325,0
Eritrea,ERI,2013,0,FALSE,TRUE,0,565,0
Eritrea,ERI,2014,0,FALSE,TRUE,0,469,0
Eritrea,ERI,2015,0,FALSE,TRUE,0,139,0
Eritrea,ERI,2016,0,FALSE,TRUE,0,49,0
Eritrea,ERI,2017,0,FALSE,TRUE,0,131,0
Eritrea,ERI,2018,0,FALSE,TRUE,0,203,0
Eritrea,ERI,2019,0,FALSE,TRUE,0,656,0
Eritrea,ERI,2020,0,FALSE,TRUE,0,1871,0
Estonia,EST,1991,0,FALSE,TRUE,0,81574,0
Estonia,EST,1992,0,FALSE,TRUE,0,100113,0
Estonia,EST,1993,0,FALSE,TRUE,0,73500,0
Estonia,EST,1994,0,FALSE,TRUE,0,60662,0
Estonia,EST,1995,0,FALSE,TRUE,0,49301,0
Estonia,EST,1996,0,FALSE,TRUE,0,4517,0
Estonia,EST,1997,0,FALSE,TRUE,0,5755,0
Estonia,EST,1998,0,FALSE,TRUE,0,7044,0
Estonia,EST,1999,0,FALSE,TRUE,0,7925,0
Estonia,EST,2000,0,FALSE,TRUE,0,3297,0
Estonia,EST,2001,0,FALSE,TRUE,0,878,0
Estonia,EST,2002,0,FALSE,TRUE,0,3565,0
Estonia,EST,2003,0,FALSE,TRUE,0,1138,0
Estonia,EST,2004,0,FALSE,TRUE,0,1475,0
Estonia,EST,2005,0,FALSE,TRUE,0,2696,0
Estonia,EST,2006,0,FALSE,TRUE,0,2245,0
Estonia,EST,2007,0,FALSE,TRUE,0,1541,0
Estonia,EST,2008,0,FALSE,TRUE,0,1926,0
Estonia,EST,2009,0,FALSE,TRUE,0,2020,0
Estonia,EST,2010,0,FALSE,TRUE,0,1988,0
Estonia,EST,2011,0,FALSE,TRUE,0,826,0
Estonia,EST,2012,0,FALSE,TRUE,0,325,0
Estonia,EST,2013,0,FALSE,TRUE,0,565,0
Estonia,EST,2014,0,FALSE,TRUE,0,469,0
Estonia,EST,2015,0,FALSE,TRUE,0,139,0
Estonia,EST,2016,0,FALSE,TRUE,0,49,0
Estonia,EST,2017,0,FALSE,TRUE,0,131,0
Estonia,EST,2018,0,FALSE,TRUE,0,203,0
Estonia,EST,2019,0,FALSE,TRUE,0,656,0
Estonia,EST,2020,0,FALSE,TRUE,0,1871,0
Eswatini,SWZ,1980,1344,TRUE,FALSE,3.128722284338427,368410,0.0036481094432832986
Eswatini,SWZ,1982,119,TRUE,FALSE,2.0791812460476247,361396,3.292786859843496e-4
Eswatini,SWZ,1983,203,TRUE,FALSE,2.3096301674258988,279811,7.25489705551247e-4
Eswatini,SWZ,1984,182,TRUE,FALSE,2.2624510897304293,245588,7.410785543267586e-4
Eswatini,SWZ,1985,91,TRUE,FALSE,1.9637878273455551,269381,3.3781150118234024e-4
Eswatini,SWZ,1986,70,TRUE,FALSE,1.8512583487190752,229922,3.044510747122937e-4
Eswatini,SWZ,1987,21,TRUE,FALSE,1.3424226808222062,277781,7.559912305017262e-5
Eswatini,SWZ,1988,14,TRUE,FALSE,1.1760912590556811,241624,5.794126411283647e-5
Eswatini,SWZ,1989,7,TRUE,FALSE,0.9030899869919436,155499,4.5016366664737395e-5
Eswatini,SWZ,1990,0,FALSE,TRUE,0,131538,0
Eswatini,SWZ,1991,0,FALSE,TRUE,0,81574,0
Eswatini,SWZ,1992,0,FALSE,TRUE,0,100113,0
Eswatini,SWZ,1993,0,FALSE,TRUE,0,73500,0
Eswatini,SWZ,1994,0,FALSE,TRUE,0,60662,0
Eswatini,SWZ,1995,0,FALSE,TRUE,0,49301,0
Eswatini,SWZ,1996,0,FALSE,TRUE,0,4517,0
Eswatini,SWZ,1997,0,FALSE,TRUE,0,5755,0
Eswatini,SWZ,1998,0,FALSE,TRUE,0,7044,0
Eswatini,SWZ,1999,0,FALSE,TRUE,0,7925,0
Eswatini,SWZ,2000,0,FALSE,TRUE,0,3297,0
Eswatini,SWZ,2001,0,FALSE,TRUE,0,878,0
Eswatini,SWZ,2002,0,FALSE,TRUE,0,3565,0
Eswatini,SWZ,2003,0,FALSE,TRUE,0,1138,0
Eswatini,SWZ,2004,0,FALSE,TRUE,0,1475,0
Eswatini,SWZ,2005,0,FALSE,TRUE,0,2696,0
Eswatini,SWZ,2006,0,FALSE,TRUE,0,2245,0
Eswatini,SWZ,2007,0,FALSE,TRUE,0,1541,0
Eswatini,SWZ,2008,0,FALSE,TRUE,0,1926,0
Eswatini,SWZ,2009,0,FALSE,TRUE,0,2020,0
Eswatini,SWZ,2010,0,FALSE,TRUE,0,1988,0
Eswatini,SWZ,2011,0,FALSE,TRUE,0,826,0
Eswatini,SWZ,2012,0,FALSE,TRUE,0,325,0
Eswatini,SWZ,2013,0,FALSE,TRUE,0,565,0
Eswatini,SWZ,2014,0,FALSE,TRUE,0,469,0
Eswatini,SWZ,2015,0,FALSE,TRUE,0,139,0
Eswatini,SWZ,2016,0,FALSE,TRUE,0,49,0
Eswatini,SWZ,2017,0,FALSE,TRUE,0,131,0
Eswatini,SWZ,2018,0,FALSE,TRUE,0,203,0
Eswatini,SWZ,2019,0,FALSE,TRUE,0,656,0
Eswatini,SWZ,2020,0,FALSE,TRUE,0,1871,0
Ethiopia,ETH,1980,1638,TRUE,FALSE,3.214578953570499,368410,0.00444613338400152
Ethiopia,ETH,1981,469,TRUE,FALSE,2.6720978579357175,460159,0.0010192129242283644
Ethiopia,ETH,1982,1071,TRUE,FALSE,3.030194785356751,361396,0.0029635081738591464
Ethiopia,ETH,1983,889,TRUE,FALSE,2.949390006644913,279811,0.003177144572586496
Ethiopia,ETH,1984,917,TRUE,FALSE,2.9628426812012423,245588,0.003733895792954053
Ethiopia,ETH,1985,644,TRUE,FALSE,2.8095597146352675,269381,0.002390666008367331
Ethiopia,ETH,1986,1981,TRUE,FALSE,3.2971036501492565,229922,0.008615965414357912
Ethiopia,ETH,1987,2695,TRUE,FALSE,3.4307198878632823,277781,0.009701887458105485
Ethiopia,ETH,1988,924,TRUE,FALSE,2.9661417327390325,241624,0.0038241234314472074
Ethiopia,ETH,1989,714,TRUE,FALSE,2.8543060418010806,155499,0.0045916693998032145
Ethiopia,ETH,1990,567,TRUE,FALSE,2.754348335711019,131538,0.004310541440496282
Ethiopia,ETH,1991,819,TRUE,FALSE,2.9138138523837167,81574,0.010039963713928457
Ethiopia,ETH,1992,882,TRUE,FALSE,2.945960703577569,100113,0.008810044649546014
Ethiopia,ETH,1993,728,TRUE,FALSE,2.8627275283179747,73500,0.009904761904761904
Ethiopia,ETH,1994,392,TRUE,FALSE,2.5943925503754266,60662,0.006462035541195477
Ethiopia,ETH,1995,1393,TRUE,FALSE,3.144262773761991,49301,0.028255004969473235
Ethiopia,ETH,1996,293,TRUE,FALSE,2.4683473304121573,4517,0.06486606154527341
Ethiopia,ETH,1997,21,TRUE,FALSE,1.3424226808222062,5755,0.0036490008688097307
Ethiopia,ETH,1998,61,TRUE,FALSE,1.792391689498254,7044,0.0086598523566155591
Ethiopia,ETH,1999,145,TRUE,FALSE,2.164352855784437,7925,0.01829652996845426
Ethiopia,ETH,2000,169,TRUE,FALSE,2.230448921378274,3297,0.051258720048528966
Ethiopia,ETH,2001,2,TRUE,FALSE,0.4771212547196624,878,0.002277904328018223
Ethiopia,ETH,2002,0,FALSE,TRUE,0,3565,0
Ethiopia,ETH,2003,0,FALSE,TRUE,0,1138,0
Ethiopia,ETH,2004,2,TRUE,FALSE,0.4771212547196624,1475,0.0013559322033898306
Ethiopia,ETH,2005,44,TRUE,FALSE,1.6532125137753435,2696,0.016320474777448073
Ethiopia,ETH,2006,19,TRUE,FALSE,1.3010299956639813,2245,0.008463251670378619
Ethiopia,ETH,2007,0,FALSE,TRUE,0,1541,0
Ethiopia,ETH,2008,7,TRUE,FALSE,0.9030899869919436,1926,0.0036344755970924196
Ethiopia,ETH,2009,2,TRUE,FALSE,0.4771212547196624,2020,9.900990099009901e-4
Ethiopia,ETH,2010,6,TRUE,FALSE,0.8450980400142568,1988,0.0030181086519114686
Ethiopia,ETH,2011,0,FALSE,TRUE,0,826,0
Ethiopia,ETH,2012,0,FALSE,TRUE,0,325,0
Ethiopia,ETH,2013,10,TRUE,FALSE,1.0413926851582251,565,0.017699115044247787
Ethiopia,ETH,2014,1,TRUE,FALSE,0.3010299956639812,469,0.0021321961620469083
Ethiopia,ETH,2015,0,FALSE,TRUE,0,139,0
Ethiopia,ETH,2016,0,FALSE,TRUE,0,49,0
Ethiopia,ETH,2017,0,FALSE,TRUE,0,131,0
Ethiopia,ETH,2018,0,FALSE,TRUE,0,203,0
Ethiopia,ETH,2019,16,TRUE,FALSE,1.230448921378274,656,0.024390243902439025
Ethiopia,ETH,2020,72,TRUE,FALSE,1.863322860120456,1871,0.03848209513629075
Fiji,FJI,1980,0,FALSE,TRUE,0,368410,0
Fiji,FJI,1981,0,FALSE,TRUE,0,460159,0
Fiji,FJI,1982,0,FALSE,TRUE,0,361396,0
Fiji,FJI,1983,0,FALSE,TRUE,0,279811,0
Fiji,FJI,1984,0,FALSE,TRUE,0,245588,0
Fiji,FJI,1985,0,FALSE,TRUE,0,269381,0
Fiji,FJI,1986,0,FALSE,TRUE,0,229922,0
Fiji,FJI,1987,0,FALSE,TRUE,0,277781,0
Fiji,FJI,1988,0,FALSE,TRUE,0,241624,0
Fiji,FJI,1989,0,FALSE,TRUE,0,155499,0
Fiji,FJI,1990,0,FALSE,TRUE,0,131538,0
Fiji,FJI,1991,0,FALSE,TRUE,0,81574,0
Fiji,FJI,1992,0,FALSE,TRUE,0,100113,0
Fiji,FJI,1993,0,FALSE,TRUE,0,73500,0
Fiji,FJI,1994,0,FALSE,TRUE,0,60662,0
Fiji,FJI,1995,0,FALSE,TRUE,0,49301,0
Fiji,FJI,1996,0,FALSE,TRUE,0,4517,0
Fiji,FJI,1997,0,FALSE,TRUE,0,5755,0
Fiji,FJI,1999,0,FALSE,TRUE,0,7925,0
Fiji,FJI,2000,0,FALSE,TRUE,0,3297,0
Fiji,FJI,2001,0,FALSE,TRUE,0,878,0
Fiji,FJI,2002,0,FALSE,TRUE,0,3565,0
Fiji,FJI,2003,0,FALSE,TRUE,0,1138,0
Fiji,FJI,2004,0,FALSE,TRUE,0,1475,0
Fiji,FJI,2005,0,FALSE,TRUE,0,2696,0
Fiji,FJI,2006,0,FALSE,TRUE,0,2245,0
Fiji,FJI,2007,0,FALSE,TRUE,0,1541,0
Fiji,FJI,2008,0,FALSE,TRUE,0,1926,0
Fiji,FJI,2010,0,FALSE,TRUE,0,1988,0
Fiji,FJI,2012,0,FALSE,TRUE,0,325,0
Finland,FIN,1980,0,FALSE,TRUE,0,368410,0
Finland,FIN,1981,0,FALSE,TRUE,0,460159,0
Finland,FIN,1982,0,FALSE,TRUE,0,361396,0
Finland,FIN,1983,0,FALSE,TRUE,0,279811,0
Finland,FIN,1984,49,TRUE,FALSE,1.6989700043360187,245588,1.9952114924181964e-4
Finland,FIN,1985,7,TRUE,FALSE,0.9030899869919436,269381,2.5985500090949252e-5
Finland,FIN,1986,0,FALSE,TRUE,0,229922,0
Finland,FIN,1987,0,FALSE,TRUE,0,277781,0
Finland,FIN,1988,0,FALSE,TRUE,0,241624,0
Finland,FIN,1989,0,FALSE,TRUE,0,155499,0
Finland,FIN,1990,0,FALSE,TRUE,0,131538,0
Finland,FIN,1991,0,FALSE,TRUE,0,81574,0
Finland,FIN,1992,0,FALSE,TRUE,0,100113,0
Finland,FIN,1993,0,FALSE,TRUE,0,73500,0
Finland,FIN,1994,0,FALSE,TRUE,0,60662,0
Finland,FIN,1995,0,FALSE,TRUE,0,49301,0
Finland,FIN,1996,0,FALSE,TRUE,0,4517,0
Finland,FIN,1997,0,FALSE,TRUE,0,5755,0
Finland,FIN,1998,0,FALSE,TRUE,0,7044,0
Finland,FIN,1999,0,FALSE,TRUE,0,7925,0
Finland,FIN,2000,0,FALSE,TRUE,0,3297,0
Finland,FIN,2001,0,FALSE,TRUE,0,878,0
Finland,FIN,2002,0,FALSE,TRUE,0,3565,0
Finland,FIN,2003,0,FALSE,TRUE,0,1138,0
Finland,FIN,2004,0,FALSE,TRUE,0,1475,0
Finland,FIN,2005,0,FALSE,TRUE,0,2696,0
Finland,FIN,2006,0,FALSE,TRUE,0,2245,0
Finland,FIN,2007,0,FALSE,TRUE,0,1541,0
Finland,FIN,2008,0,FALSE,TRUE,0,1926,0
Finland,FIN,2009,0,FALSE,TRUE,0,2020,0
Finland,FIN,2010,0,FALSE,TRUE,0,1988,0
Finland,FIN,2011,0,FALSE,TRUE,0,826,0
Finland,FIN,2012,0,FALSE,TRUE,0,325,0
Finland,FIN,2013,0,FALSE,TRUE,0,565,0
Finland,FIN,2014,0,FALSE,TRUE,0,469,0
Finland,FIN,2015,0,FALSE,TRUE,0,139,0
Finland,FIN,2016,0,FALSE,TRUE,0,49,0
Finland,FIN,2017,0,FALSE,TRUE,0,131,0
Finland,FIN,2018,0,FALSE,TRUE,0,203,0
Finland,FIN,2019,0,FALSE,TRUE,0,656,0
Finland,FIN,2020,0,FALSE,TRUE,0,1871,0
France,FRA,1980,70,TRUE,FALSE,1.8512583487190752,368410,1.9000570017100514e-4
France,FRA,1981,63,TRUE,FALSE,1.806179973983887,460159,1.369091987769445e-4
France,FRA,1982,98,TRUE,FALSE,1.99563519459755,361396,2.711706825753467e-4
France,FRA,1983,21,TRUE,FALSE,1.3424226808222062,279811,7.505065919495659e-5
France,FRA,1984,35,TRUE,FALSE,1.5563025007672873,245588,1.4251510660129974e-4
France,FRA,1985,7,TRUE,FALSE,0.9030899869919436,269381,2.5985500090949252e-5
France,FRA,1986,14,TRUE,FALSE,1.1760912590556811,229922,6.0890214942458744e-5
France,FRA,1987,7,TRUE,FALSE,0.9030899869919436,277781,2.5199707683390872e-5
France,FRA,1988,7,TRUE,FALSE,0.9030899869919436,241624,2.8970632056418236e-5
France,FRA,1989,14,TRUE,FALSE,1.1760912590556811,155499,9.003273332947479e-5
France,FRA,1990,0,FALSE,TRUE,0,131538,0
France,FRA,1991,0,FALSE,TRUE,0,81574,0
France,FRA,1992,0,FALSE,TRUE,0,100113,0
France,FRA,1993,0,FALSE,TRUE,0,73500,0
France,FRA,1994,0,FALSE,TRUE,0,60662,0
France,FRA,1995,7,TRUE,FALSE,0.9030899869919436,49301,1.419849495953429e-4
France,FRA,1996,0,FALSE,TRUE,0,4517,0
France,FRA,1997,0,FALSE,TRUE,0,5755,0
France,FRA,1998,0,FALSE,TRUE,0,7044,0
France,FRA,1999,0,FALSE,TRUE,0,7925,0
France,FRA,2000,0,FALSE,TRUE,0,3297,0
France,FRA,2001,0,FALSE,TRUE,0,878,0
France,FRA,2002,0,FALSE,TRUE,0,3565,0
France,FRA,2003,0,FALSE,TRUE,0,1138,0
France,FRA,2004,0,FALSE,TRUE,0,1475,0
France,FRA,2006,0,FALSE,TRUE,0,2245,0
France,FRA,2007,0,FALSE,TRUE,0,1541,0
France,FRA,2008,0,FALSE,TRUE,0,1926,0
France,FRA,2009,0,FALSE,TRUE,0,2020,0
France,FRA,2010,0,FALSE,TRUE,0,1988,0
France,FRA,2011,0,FALSE,TRUE,0,826,0
France,FRA,2012,0,FALSE,TRUE,0,325,0
France,FRA,2013,0,FALSE,TRUE,0,565,0
France,FRA,2014,0,FALSE,TRUE,0,469,0
France,FRA,2015,0,FALSE,TRUE,0,139,0
France,FRA,2016,0,FALSE,TRUE,0,49,0
France,FRA,2017,0,FALSE,TRUE,0,131,0
France,FRA,2018,0,FALSE,TRUE,0,203,0
France,FRA,2019,0,FALSE,TRUE,0,656,0
France,FRA,2020,0,FALSE,TRUE,0,1871,0
Gabon,GAB,1980,490,TRUE,FALSE,2.6910814921229687,368410,0.001330039901197036
Gabon,GAB,1981,63,TRUE,FALSE,1.806179973983887,460159,1.369091987769445e-4
Gabon,GAB,1982,252,TRUE,FALSE,2.403120521175818,361396,6.972960409080344e-4
Gabon,GAB,1983,49,TRUE,FALSE,1.6989700043360187,279811,1.7511820478823207e-4
Gabon,GAB,1984,189,TRUE,FALSE,2.278753600952829,245588,7.695815756470186e-4
Gabon,GAB,1985,294,TRUE,FALSE,2.469822015978163,269381,0.0010913910038198686
Gabon,GAB,1986,70,TRUE,FALSE,1.8512583487190752,229922,3.044510747122937e-4
Gabon,GAB,1987,112,TRUE,FALSE,2.0530784434834195,277781,4.0319532293425395e-4
Gabon,GAB,1988,21,TRUE,FALSE,1.3424226808222062,241624,8.691189616925471e-5
Gabon,GAB,1989,91,TRUE,FALSE,1.9637878273455551,155499,5.852127666415861e-4
Gabon,GAB,1990,14,TRUE,FALSE,1.1760912590556811,131538,1.0643312198756252e-4
Gabon,GAB,1995,63,TRUE,FALSE,1.806179973983887,49301,0.001277864546358086
Gabon,GAB,1996,31,TRUE,FALSE,1.505149978319906,4517,0.006862962143015275
Gabon,GAB,1999,0,FALSE,TRUE,0,7925,0
Gabon,GAB,2000,0,FALSE,TRUE,0,3297,0
Gabon,GAB,2001,0,FALSE,TRUE,0,878,0
Gabon,GAB,2002,0,FALSE,TRUE,0,3565,0
Gabon,GAB,2003,0,FALSE,TRUE,0,1138,0
Gabon,GAB,2004,0,FALSE,TRUE,0,1475,0
Gabon,GAB,2005,0,FALSE,TRUE,0,2696,0
Gabon,GAB,2006,0,FALSE,TRUE,0,2245,0
Gabon,GAB,2007,0,FALSE,TRUE,0,1541,0
Gabon,GAB,2008,0,FALSE,TRUE,0,1926,0
Gabon,GAB,2009,0,FALSE,TRUE,0,2020,0
Gabon,GAB,2010,0,FALSE,TRUE,0,1988,0
Gabon,GAB,2011,1,TRUE,FALSE,0.3010299956639812,826,0.0012106537530266344
Gabon,GAB,2012,0,FALSE,TRUE,0,325,0
Gabon,GAB,2013,0,FALSE,TRUE,0,565,0
Gabon,GAB,2014,0,FALSE,TRUE,0,469,0
Gabon,GAB,2015,0,FALSE,TRUE,0,139,0
Gabon,GAB,2016,0,FALSE,TRUE,0,49,0
Gabon,GAB,2017,0,FALSE,TRUE,0,131,0
Gabon,GAB,2018,0,FALSE,TRUE,0,203,0
Gabon,GAB,2019,0,FALSE,TRUE,0,656,0
Gabon,GAB,2020,0,FALSE,TRUE,0,1871,0
Gambia,GMB,1980,7,TRUE,FALSE,0.9030899869919436,368410,1.9000570017100515e-5
Gambia,GMB,1981,0,FALSE,TRUE,0,460159,0
Gambia,GMB,1983,0,FALSE,TRUE,0,279811,0
Gambia,GMB,1984,0,FALSE,TRUE,0,245588,0
Gambia,GMB,1985,14,TRUE,FALSE,1.1760912590556811,269381,5.1971000181898504e-5
Gambia,GMB,1986,2387,TRUE,FALSE,3.3780343224573315,229922,0.010381781647689216
Gambia,GMB,1987,189,TRUE,FALSE,2.278753600952829,277781,6.803921074515536e-4
Gambia,GMB,1988,35,TRUE,FALSE,1.5563025007672873,241624,1.448531602820912e-4
Gambia,GMB,1989,42,TRUE,FALSE,1.6334684555795864,155499,2.7009819998842434e-4
Gambia,GMB,1990,7,TRUE,FALSE,0.9030899869919436,131538,5.321656099378126e-5
Gambia,GMB,1991,7,TRUE,FALSE,0.9030899869919436,81574,8.58116556746022e-5
Gambia,GMB,1992,28,TRUE,FALSE,1.462397997898956,100113,2.7968395712844483e-4
Gambia,GMB,1993,0,FALSE,TRUE,0,73500,0
Gambia,GMB,1994,0,FALSE,TRUE,0,60662,0
Gambia,GMB,1995,0,FALSE,TRUE,0,49301,0
Gambia,GMB,1996,0,FALSE,TRUE,0,4517,0
Gambia,GMB,1997,1,TRUE,FALSE,0.3010299956639812,5755,1.737619461337967e-4
Gambia,GMB,1998,0,FALSE,TRUE,0,7044,0
Gambia,GMB,1999,0,FALSE,TRUE,0,7925,0
Gambia,GMB,2000,7,TRUE,FALSE,0.9030899869919436,3297,0.0021231422505307855
Gambia,GMB,2001,0,FALSE,TRUE,0,878,0
Gambia,GMB,2002,0,FALSE,TRUE,0,3565,0
Gambia,GMB,2003,0,FALSE,TRUE,0,1138,0
Gambia,GMB,2004,0,FALSE,TRUE,0,1475,0
Gambia,GMB,2005,0,FALSE,TRUE,0,2696,0
Gambia,GMB,2006,0,FALSE,TRUE,0,2245,0
Gambia,GMB,2007,0,FALSE,TRUE,0,1541,0
Gambia,GMB,2008,0,FALSE,TRUE,0,1926,0
Gambia,GMB,2009,0,FALSE,TRUE,0,2020,0
Gambia,GMB,2010,0,FALSE,TRUE,0,1988,0
Gambia,GMB,2011,0,FALSE,TRUE,0,826,0
Gambia,GMB,2012,0,FALSE,TRUE,0,325,0
Gambia,GMB,2013,0,FALSE,TRUE,0,565,0
Gambia,GMB,2014,0,FALSE,TRUE,0,469,0
Gambia,GMB,2015,0,FALSE,TRUE,0,139,0
Gambia,GMB,2016,0,FALSE,TRUE,0,49,0
Gambia,GMB,2017,0,FALSE,TRUE,0,131,0
Gambia,GMB,2018,0,FALSE,TRUE,0,203,0
Gambia,GMB,2019,0,FALSE,TRUE,0,656,0
Gambia,GMB,2020,0,FALSE,TRUE,0,1871,0
Georgia,GEO,1991,42,TRUE,FALSE,1.6334684555795864,81574,5.148699340476132e-4
Georgia,GEO,1992,0,FALSE,TRUE,0,100113,0
Georgia,GEO,1993,0,FALSE,TRUE,0,73500,0
Georgia,GEO,1994,0,FALSE,TRUE,0,60662,0
Georgia,GEO,1995,0,FALSE,TRUE,0,49301,0
Georgia,GEO,1996,0,FALSE,TRUE,0,4517,0
Georgia,GEO,1997,0,FALSE,TRUE,0,5755,0
Georgia,GEO,1998,0,FALSE,TRUE,0,7044,0
Georgia,GEO,1999,0,FALSE,TRUE,0,7925,0
Georgia,GEO,2000,0,FALSE,TRUE,0,3297,0
Georgia,GEO,2001,2,TRUE,FALSE,0.4771212547196624,878,0.002277904328018223
Georgia,GEO,2002,0,FALSE,TRUE,0,3565,0
Georgia,GEO,2003,0,FALSE,TRUE,0,1138,0
Georgia,GEO,2004,0,FALSE,TRUE,0,1475,0
Georgia,GEO,2005,0,FALSE,TRUE,0,2696,0
Georgia,GEO,2006,0,FALSE,TRUE,0,2245,0
Georgia,GEO,2007,0,FALSE,TRUE,0,1541,0
Georgia,GEO,2008,0,FALSE,TRUE,0,1926,0
Georgia,GEO,2009,0,FALSE,TRUE,0,2020,0
Georgia,GEO,2010,0,FALSE,TRUE,0,1988,0
Georgia,GEO,2011,0,FALSE,TRUE,0,826,0
Georgia,GEO,2012,0,FALSE,TRUE,0,325,0
Georgia,GEO,2013,0,FALSE,TRUE,0,565,0
Georgia,GEO,2014,0,FALSE,TRUE,0,469,0
Georgia,GEO,2015,0,FALSE,TRUE,0,139,0
Georgia,GEO,2016,0,FALSE,TRUE,0,49,0
Georgia,GEO,2017,0,FALSE,TRUE,0,131,0
Georgia,GEO,2018,0,FALSE,TRUE,0,203,0
Georgia,GEO,2019,0,FALSE,TRUE,0,656,0
Georgia,GEO,2020,0,FALSE,TRUE,0,1871,0
Germany,DEU,1980,49,TRUE,FALSE,1.6989700043360187,368410,1.330039901197036e-4
Germany,DEU,1981,133,TRUE,FALSE,2.1271047983648077,460159,2.8903053075132724e-4
Germany,DEU,1982,49,TRUE,FALSE,1.6989700043360187,361396,1.3558534128767336e-4
Germany,DEU,1983,63,TRUE,FALSE,1.806179973983887,279811,2.2515197758486978e-4
Germany,DEU,1984,14,TRUE,FALSE,1.1760912590556811,245588,5.7006042640519895e-5
Germany,DEU,1985,0,FALSE,TRUE,0,269381,0
Germany,DEU,1986,14,TRUE,FALSE,1.1760912590556811,229922,6.0890214942458744e-5
Germany,DEU,1987,0,FALSE,TRUE,0,277781,0
Germany,DEU,1988,0,FALSE,TRUE,0,241624,0
Germany,DEU,1989,7,TRUE,FALSE,0.9030899869919436,155499,4.5016366664737395e-5
Germany,DEU,1990,21,TRUE,FALSE,1.3424226808222062,131538,1.596496829813438e-4
Germany,DEU,1991,21,TRUE,FALSE,1.3424226808222062,81574,2.574349670238066e-4
Germany,DEU,1992,14,TRUE,FALSE,1.1760912590556811,100113,1.3984197856422242e-4
Germany,DEU,1993,0,FALSE,TRUE,0,73500,0
Germany,DEU,1994,0,FALSE,TRUE,0,60662,0
Germany,DEU,1995,0,FALSE,TRUE,0,49301,0
Germany,DEU,1996,0,FALSE,TRUE,0,4517,0
Germany,DEU,1997,0,FALSE,TRUE,0,5755,0
Germany,DEU,1998,0,FALSE,TRUE,0,7044,0
Germany,DEU,1999,0,FALSE,TRUE,0,7925,0
Germany,DEU,2000,0,FALSE,TRUE,0,3297,0
Germany,DEU,2001,0,FALSE,TRUE,0,878,0
Germany,DEU,2002,0,FALSE,TRUE,0,3565,0
Germany,DEU,2003,0,FALSE,TRUE,0,1138,0
Germany,DEU,2004,0,FALSE,TRUE,0,1475,0
Germany,DEU,2005,0,FALSE,TRUE,0,2696,0
Germany,DEU,2006,0,FALSE,TRUE,0,2245,0
Germany,DEU,2007,0,FALSE,TRUE,0,1541,0
Germany,DEU,2008,0,FALSE,TRUE,0,1926,0
Germany,DEU,2009,0,FALSE,TRUE,0,2020,0
Germany,DEU,2010,0,FALSE,TRUE,0,1988,0
Germany,DEU,2011,0,FALSE,TRUE,0,826,0
Germany,DEU,2012,0,FALSE,TRUE,0,325,0
Germany,DEU,2013,0,FALSE,TRUE,0,565,0
Germany,DEU,2014,0,FALSE,TRUE,0,469,0
Germany,DEU,2015,0,FALSE,TRUE,0,139,0
Germany,DEU,2016,0,FALSE,TRUE,0,49,0
Germany,DEU,2017,0,FALSE,TRUE,0,131,0
Germany,DEU,2018,0,FALSE,TRUE,0,203,0
Germany,DEU,2019,0,FALSE,TRUE,0,656,0
Germany,DEU,2020,0,FALSE,TRUE,0,1871,0
Ghana,GHA,1980,1015,TRUE,FALSE,3.006893707947901,368410,0.0027550826524795746
Ghana,GHA,1981,686,TRUE,FALSE,2.8369567370595505,460159,0.001490789053348951
Ghana,GHA,1982,924,TRUE,FALSE,2.9661417327390325,361396,0.002556752149996126
Ghana,GHA,1983,1099,TRUE,FALSE,3.041392685158225,279811,0.003927651164536062
Ghana,GHA,1984,1085,TRUE,FALSE,3.035829825252828,245588,0.004417968304640292
Ghana,GHA,1985,1295,TRUE,FALSE,3.1126050015345745,269381,0.004807317516825611
Ghana,GHA,1986,441,TRUE,FALSE,2.645422269349092,229922,0.0019180417706874506
Ghana,GHA,1987,588,TRUE,FALSE,2.7701152947871015,277781,0.0021167754454048332
Ghana,GHA,1988,420,TRUE,FALSE,2.6242820958356683,241624,0.0017382379233850942
Ghana,GHA,1989,791,TRUE,FALSE,2.8987251815894934,155499,0.005086849433115326
Ghana,GHA,1990,420,TRUE,FALSE,2.6242820958356683,131538,0.003192993659626876
Ghana,GHA,1991,217,TRUE,FALSE,2.3384564936046046,81574,0.0026601613259126682
Ghana,GHA,1992,329,TRUE,FALSE,2.5185139398778875,100113,0.003286286496259227
Ghana,GHA,1993,133,TRUE,FALSE,2.1271047983648077,73500,0.0018095238095238095
Ghana,GHA,1994,259,TRUE,FALSE,2.4149733479708178,60662,0.004269559196861297
Ghana,GHA,1995,238,TRUE,FALSE,2.3783979009481375,49301,0.004827488286241658
Ghana,GHA,1996,9,TRUE,FALSE,1,4517,0.0019924728802302415
Ghana,GHA,1997,19,TRUE,FALSE,1.3010299956639813,5755,0.0033014769765421373
Ghana,GHA,1998,124,TRUE,FALSE,2.096910013008056,7044,0.017603634298693924
Ghana,GHA,1999,3,TRUE,FALSE,0.6020599913279624,7925,3.785488958990536e-4
Ghana,GHA,2000,115,TRUE,FALSE,2.0644579892269186,3297,0.034880194115862906
Ghana,GHA,2001,0,FALSE,TRUE,0,878,0
Ghana,GHA,2002,0,FALSE,TRUE,0,3565,0
Ghana,GHA,2003,16,TRUE,FALSE,1.230448921378274,1138,0.014059753954305799
Ghana,GHA,2004,0,FALSE,TRUE,0,1475,0
Ghana,GHA,2005,0,FALSE,TRUE,0,2696,0
Ghana,GHA,2006,0,FALSE,TRUE,0,2245,0
Ghana,GHA,2007,0,FALSE,TRUE,0,1541,0
Ghana,GHA,2008,9,TRUE,FALSE,1,1926,0.004672897196261682
Ghana,GHA,2009,0,FALSE,TRUE,0,2020,0
Ghana,GHA,2010,0,FALSE,TRUE,0,1988,0
Ghana,GHA,2011,0,FALSE,TRUE,0,826,0
Ghana,GHA,2012,0,FALSE,TRUE,0,325,0
Ghana,GHA,2013,0,FALSE,TRUE,0,565,0
Ghana,GHA,2014,0,FALSE,TRUE,0,469,0
Ghana,GHA,2015,0,FALSE,TRUE,0,139,0
Ghana,GHA,2016,0,FALSE,TRUE,0,49,0
Ghana,GHA,2017,0,FALSE,TRUE,0,131,0
Ghana,GHA,2018,0,FALSE,TRUE,0,203,0
Ghana,GHA,2019,20,TRUE,FALSE,1.3222192947339193,656,0.03048780487804878
Ghana,GHA,2020,13,TRUE,FALSE,1.146128035678238,1871,0.00694815606627472
Greece,GRC,1980,0,FALSE,TRUE,0,368410,0
Greece,GRC,1981,14,TRUE,FALSE,1.1760912590556811,460159,3.0424266394876555e-5
Greece,GRC,1982,28,TRUE,FALSE,1.462397997898956,361396,7.74773378786705e-5
Greece,GRC,1983,0,FALSE,TRUE,0,279811,0
Greece,GRC,1984,0,FALSE,TRUE,0,245588,0
Greece,GRC,1985,0,FALSE,TRUE,0,269381,0
Greece,GRC,1986,0,FALSE,TRUE,0,229922,0
Greece,GRC,1987,0,FALSE,TRUE,0,277781,0
Greece,GRC,1988,0,FALSE,TRUE,0,241624,0
Greece,GRC,1989,0,FALSE,TRUE,0,155499,0
Greece,GRC,1990,7,TRUE,FALSE,0.9030899869919436,131538,5.321656099378126e-5
Greece,GRC,1991,0,FALSE,TRUE,0,81574,0
Greece,GRC,1992,0,FALSE,TRUE,0,100113,0
Greece,GRC,1993,0,FALSE,TRUE,0,73500,0
Greece,GRC,1994,7,TRUE,FALSE,0.9030899869919436,60662,1.1539349180706209e-4
Greece,GRC,1995,0,FALSE,TRUE,0,49301,0
Greece,GRC,1996,6,TRUE,FALSE,0.8450980400142568,4517,0.0013283152534868275
Greece,GRC,1997,0,FALSE,TRUE,0,5755,0
Greece,GRC,1998,0,FALSE,TRUE,0,7044,0
Greece,GRC,1999,0,FALSE,TRUE,0,7925,0
Greece,GRC,2000,0,FALSE,TRUE,0,3297,0
Greece,GRC,2001,0,FALSE,TRUE,0,878,0
Greece,GRC,2002,0,FALSE,TRUE,0,3565,0
Greece,GRC,2003,0,FALSE,TRUE,0,1138,0
Greece,GRC,2004,0,FALSE,TRUE,0,1475,0
Greece,GRC,2005,0,FALSE,TRUE,0,2696,0
Greece,GRC,2006,0,FALSE,TRUE,0,2245,0
Greece,GRC,2007,0,FALSE,TRUE,0,1541,0
Greece,GRC,2008,0,FALSE,TRUE,0,1926,0
Greece,GRC,2009,0,FALSE,TRUE,0,2020,0
Greece,GRC,2010,0,FALSE,TRUE,0,1988,0
Greece,GRC,2011,0,FALSE,TRUE,0,826,0
Greece,GRC,2012,0,FALSE,TRUE,0,325,0
Greece,GRC,2013,0,FALSE,TRUE,0,565,0
Greece,GRC,2014,0,FALSE,TRUE,0,469,0
Greece,GRC,2015,0,FALSE,TRUE,0,139,0
Greece,GRC,2016,0,FALSE,TRUE,0,49,0
Greece,GRC,2017,0,FALSE,TRUE,0,131,0
Greece,GRC,2018,0,FALSE,TRUE,0,203,0
Greece,GRC,2019,0,FALSE,TRUE,0,656,0
Greece,GRC,2020,0,FALSE,TRUE,0,1871,0
Grenada,GRD,1980,0,FALSE,TRUE,0,368410,0
Grenada,GRD,1981,0,FALSE,TRUE,0,460159,0
Grenada,GRD,1982,0,FALSE,TRUE,0,361396,0
Grenada,GRD,1983,0,FALSE,TRUE,0,279811,0
Grenada,GRD,1984,0,FALSE,TRUE,0,245588,0
Grenada,GRD,1985,0,FALSE,TRUE,0,269381,0
Grenada,GRD,1986,0,FALSE,TRUE,0,229922,0
Grenada,GRD,1987,0,FALSE,TRUE,0,277781,0
Grenada,GRD,1988,0,FALSE,TRUE,0,241624,0
Grenada,GRD,1989,0,FALSE,TRUE,0,155499,0
Grenada,GRD,1990,0,FALSE,TRUE,0,131538,0
Grenada,GRD,1991,0,FALSE,TRUE,0,81574,0
Grenada,GRD,1992,0,FALSE,TRUE,0,100113,0
Grenada,GRD,1993,0,FALSE,TRUE,0,73500,0
Grenada,GRD,1994,0,FALSE,TRUE,0,60662,0
Grenada,GRD,1995,0,FALSE,TRUE,0,49301,0
Grenada,GRD,1996,0,FALSE,TRUE,0,4517,0
Grenada,GRD,1997,0,FALSE,TRUE,0,5755,0
Grenada,GRD,1998,0,FALSE,TRUE,0,7044,0
Grenada,GRD,1999,0,FALSE,TRUE,0,7925,0
Grenada,GRD,2000,0,FALSE,TRUE,0,3297,0
Grenada,GRD,2001,0,FALSE,TRUE,0,878,0
Grenada,GRD,2002,0,FALSE,TRUE,0,3565,0
Grenada,GRD,2003,0,FALSE,TRUE,0,1138,0
Grenada,GRD,2004,0,FALSE,TRUE,0,1475,0
Grenada,GRD,2005,0,FALSE,TRUE,0,2696,0
Grenada,GRD,2006,0,FALSE,TRUE,0,2245,0
Grenada,GRD,2007,0,FALSE,TRUE,0,1541,0
Grenada,GRD,2008,0,FALSE,TRUE,0,1926,0
Grenada,GRD,2010,0,FALSE,TRUE,0,1988,0
Guatemala,GTM,1980,2009,TRUE,FALSE,3.303196057420489,368410,0.005453163594907847
Guatemala,GTM,1981,294,TRUE,FALSE,2.469822015978163,460159,6.389095942924076e-4
Guatemala,GTM,1982,952,TRUE,FALSE,2.979092900638326,361396,0.0026342294878747966
Guatemala,GTM,1983,1456,TRUE,FALSE,3.16345955176999,279811,0.005203512370850324
Guatemala,GTM,1984,119,TRUE,FALSE,2.0791812460476247,245588,4.845513624444191e-4
Guatemala,GTM,1985,203,TRUE,FALSE,2.3096301674258988,269381,7.535795026375283e-4
Guatemala,GTM,1986,231,TRUE,FALSE,2.3654879848909,229922,0.0010046885465505692
Guatemala,GTM,1987,112,TRUE,FALSE,2.0530784434834195,277781,4.0319532293425395e-4
Guatemala,GTM,1988,266,TRUE,FALSE,2.4265112613645754,241624,0.001100884018143893
Guatemala,GTM,1989,14,TRUE,FALSE,1.1760912590556811,155499,9.003273332947479e-5
Guatemala,GTM,1990,21,TRUE,FALSE,1.3424226808222062,131538,1.596496829813438e-4
Guatemala,GTM,1991,0,FALSE,TRUE,0,81574,0
Guatemala,GTM,1992,0,FALSE,TRUE,0,100113,0
Guatemala,GTM,1993,0,FALSE,TRUE,0,73500,0
Guatemala,GTM,1994,0,FALSE,TRUE,0,60662,0
Guatemala,GTM,1995,0,FALSE,TRUE,0,49301,0
Guatemala,GTM,1996,0,FALSE,TRUE,0,4517,0
Guatemala,GTM,1997,0,FALSE,TRUE,0,5755,0
Guatemala,GTM,1998,0,FALSE,TRUE,0,7044,0
Guatemala,GTM,1999,0,FALSE,TRUE,0,7925,0
Guatemala,GTM,2000,0,FALSE,TRUE,0,3297,0
Guatemala,GTM,2001,0,FALSE,TRUE,0,878,0
Guatemala,GTM,2002,0,FALSE,TRUE,0,3565,0
Guatemala,GTM,2003,0,FALSE,TRUE,0,1138,0
Guatemala,GTM,2004,0,FALSE,TRUE,0,1475,0
Guatemala,GTM,2005,0,FALSE,TRUE,0,2696,0
Guatemala,GTM,2006,0,FALSE,TRUE,0,2245,0
Guatemala,GTM,2007,0,FALSE,TRUE,0,1541,0
Guatemala,GTM,2008,0,FALSE,TRUE,0,1926,0
Guatemala,GTM,2009,0,FALSE,TRUE,0,2020,0
Guatemala,GTM,2010,0,FALSE,TRUE,0,1988,0
Guatemala,GTM,2011,0,FALSE,TRUE,0,826,0
Guatemala,GTM,2012,0,FALSE,TRUE,0,325,0
Guatemala,GTM,2013,0,FALSE,TRUE,0,565,0
Guatemala,GTM,2014,0,FALSE,TRUE,0,469,0
Guatemala,GTM,2015,0,FALSE,TRUE,0,139,0
Guatemala,GTM,2016,0,FALSE,TRUE,0,49,0
Guatemala,GTM,2017,0,FALSE,TRUE,0,131,0
Guatemala,GTM,2018,0,FALSE,TRUE,0,203,0
Guatemala,GTM,2019,0,FALSE,TRUE,0,656,0
Guatemala,GTM,2020,0,FALSE,TRUE,0,1871,0
Guinea,GIN,1980,224,TRUE,FALSE,2.3521825181113627,368410,6.080182405472165e-4
Guinea,GIN,1981,294,TRUE,FALSE,2.469822015978163,460159,6.389095942924076e-4
Guinea,GIN,1982,518,TRUE,FALSE,2.7151673578484576,361396,0.001433330750755404
Guinea,GIN,1983,14,TRUE,FALSE,1.1760912590556811,279811,5.003377279663773e-5
Guinea,GIN,1984,210,TRUE,FALSE,2.3242824552976926,245588,8.550906396077984e-4
Guinea,GIN,1985,147,TRUE,FALSE,2.1702617153949575,269381,5.456955019099343e-4
Guinea,GIN,1986,56,TRUE,FALSE,1.7558748556724917,229922,2.4356085976983498e-4
Guinea,GIN,1987,147,TRUE,FALSE,2.1702617153949575,277781,5.291938613512083e-4
Guinea,GIN,1988,1785,TRUE,FALSE,3.2518814545525276,241624,0.00738751117438665
Guinea,GIN,1989,595,TRUE,FALSE,2.7752462597402365,155499,0.0038263911665026786
Guinea,GIN,1990,1085,TRUE,FALSE,3.035829825252828,131538,0.008248566954036095
Guinea,GIN,1991,1330,TRUE,FALSE,3.124178055474675,81574,0.01630421457817442
Guinea,GIN,1992,413,TRUE,FALSE,2.617000341120899,100113,0.004125338367644562
Guinea,GIN,1993,105,TRUE,FALSE,2.0253058652647704,73500,0.0014285714285714286
Guinea,GIN,1994,322,TRUE,FALSE,2.509202522331103,60662,0.005308100623124856
Guinea,GIN,1995,378,TRUE,FALSE,2.578639209968072,49301,0.007667187278148516
Guinea,GIN,1996,19,TRUE,FALSE,1.3010299956639813,4517,0.00420633163604162
Guinea,GIN,1997,2,TRUE,FALSE,0.4771212547196624,5755,3.475238922675934e-4
Guinea,GIN,1998,4,TRUE,FALSE,0.6989700043360189,7044,5.678591709256105e-4
Guinea,GIN,1999,24,TRUE,FALSE,1.3979400086720375,7925,0.003028391167192429
Guinea,GIN,2000,0,FALSE,TRUE,0,3297,0
Guinea,GIN,2001,0,FALSE,TRUE,0,878,0
Guinea,GIN,2002,0,FALSE,TRUE,0,3565,0
Guinea,GIN,2003,0,FALSE,TRUE,0,1138,0
Guinea,GIN,2004,8,TRUE,FALSE,0.9542425094393248,1475,0.005423728813559322
Guinea,GIN,2005,0,FALSE,TRUE,0,2696,0
Guinea,GIN,2006,0,FALSE,TRUE,0,2245,0
Guinea,GIN,2007,0,FALSE,TRUE,0,1541,0
Guinea,GIN,2008,0,FALSE,TRUE,0,1926,0
Guinea,GIN,2009,48,TRUE,FALSE,1.6901960800285136,2020,0.023762376237623763
Guinea,GIN,2010,0,FALSE,TRUE,0,1988,0
Guinea,GIN,2011,3,TRUE,FALSE,0.6020599913279624,826,0.0036319612590799033
Guinea,GIN,2012,0,FALSE,TRUE,0,325,0
Guinea,GIN,2013,0,FALSE,TRUE,0,565,0
Guinea,GIN,2014,1,TRUE,FALSE,0.3010299956639812,469,0.0021321961620469083
Guinea,GIN,2015,14,TRUE,FALSE,1.1760912590556811,139,0.10071942446043165
Guinea,GIN,2016,0,FALSE,TRUE,0,49,0
Guinea,GIN,2017,0,FALSE,TRUE,0,131,0
Guinea,GIN,2018,0,FALSE,TRUE,0,203,0
Guinea,GIN,2019,0,FALSE,TRUE,0,656,0
Guinea,GIN,2020,88,TRUE,FALSE,1.9493900066449128,1871,0.04703367183324426
Guinea-Bissau,GNB,1980,21,TRUE,FALSE,1.3424226808222062,368410,5.700171005130154e-5
Guinea-Bissau,GNB,1981,371,TRUE,FALSE,2.5705429398818973,460159,8.062430594642287e-4
Guinea-Bissau,GNB,1982,1113,TRUE,FALSE,3.04688519083771,361396,0.003079724180677152
Guinea-Bissau,GNB,1983,14,TRUE,FALSE,1.1760912590556811,279811,5.003377279663773e-5
Guinea-Bissau,GNB,1984,21,TRUE,FALSE,1.3424226808222062,245588,8.550906396077984e-5
Guinea-Bissau,GNB,1985,154,TRUE,FALSE,2.1903316981702914,269381,5.716810020008835e-4
Guinea-Bissau,GNB,1986,98,TRUE,FALSE,1.99563519459755,229922,4.2623150459721124e-4
Guinea-Bissau,GNB,1987,63,TRUE,FALSE,1.806179973983887,277781,2.2679736915051784e-4
Guinea-Bissau,GNB,1988,35,TRUE,FALSE,1.5563025007672873,241624,1.448531602820912e-4
Guinea-Bissau,GNB,1989,0,FALSE,TRUE,0,155499,0
Guinea-Bissau,GNB,1990,14,TRUE,FALSE,1.1760912590556811,131538,1.0643312198756252e-4
Guinea-Bissau,GNB,1991,0,FALSE,TRUE,0,81574,0
Guinea-Bissau,GNB,1992,0,FALSE,TRUE,0,100113,0
Guinea-Bissau,GNB,1993,0,FALSE,TRUE,0,73500,0
Guinea-Bissau,GNB,1994,0,FALSE,TRUE,0,60662,0
Guinea-Bissau,GNB,1995,0,FALSE,TRUE,0,49301,0
Guinea-Bissau,GNB,1996,0,FALSE,TRUE,0,4517,0
Guinea-Bissau,GNB,1997,1,TRUE,FALSE,0.3010299956639812,5755,1.737619461337967e-4
Guinea-Bissau,GNB,1999,0,FALSE,TRUE,0,7925,0
Guinea-Bissau,GNB,2000,0,FALSE,TRUE,0,3297,0
Guinea-Bissau,GNB,2001,0,FALSE,TRUE,0,878,0
Guinea-Bissau,GNB,2002,0,FALSE,TRUE,0,3565,0
Guinea-Bissau,GNB,2003,0,FALSE,TRUE,0,1138,0
Guinea-Bissau,GNB,2004,0,FALSE,TRUE,0,1475,0
Guinea-Bissau,GNB,2005,0,FALSE,TRUE,0,2696,0
Guinea-Bissau,GNB,2006,0,FALSE,TRUE,0,2245,0
Guinea-Bissau,GNB,2007,0,FALSE,TRUE,0,1541,0
Guinea-Bissau,GNB,2008,0,FALSE,TRUE,0,1926,0
Guinea-Bissau,GNB,2009,0,FALSE,TRUE,0,2020,0
Guinea-Bissau,GNB,2010,0,FALSE,TRUE,0,1988,0
Guinea-Bissau,GNB,2011,0,FALSE,TRUE,0,826,0
Guinea-Bissau,GNB,2012,0,FALSE,TRUE,0,325,0
Guinea-Bissau,GNB,2013,0,FALSE,TRUE,0,565,0
Guinea-Bissau,GNB,2014,0,FALSE,TRUE,0,469,0
Guinea-Bissau,GNB,2015,0,FALSE,TRUE,0,139,0
Guinea-Bissau,GNB,2016,0,FALSE,TRUE,0,49,0
Guinea-Bissau,GNB,2017,0,FALSE,TRUE,0,131,0
Guinea-Bissau,GNB,2018,0,FALSE,TRUE,0,203,0
Guinea-Bissau,GNB,2019,0,FALSE,TRUE,0,656,0
Guinea-Bissau,GNB,2020,0,FALSE,TRUE,0,1871,0
Guyana,GUY,1980,0,FALSE,TRUE,0,368410,0
Guyana,GUY,1981,0,FALSE,TRUE,0,460159,0
Guyana,GUY,1982,0,FALSE,TRUE,0,361396,0
Guyana,GUY,1983,0,FALSE,TRUE,0,279811,0
Guyana,GUY,1984,0,FALSE,TRUE,0,245588,0
Guyana,GUY,1985,0,FALSE,TRUE,0,269381,0
Guyana,GUY,1986,0,FALSE,TRUE,0,229922,0
Guyana,GUY,1987,0,FALSE,TRUE,0,277781,0
Guyana,GUY,1988,0,FALSE,TRUE,0,241624,0
Guyana,GUY,1989,0,FALSE,TRUE,0,155499,0
Guyana,GUY,1990,0,FALSE,TRUE,0,131538,0
Guyana,GUY,1991,0,FALSE,TRUE,0,81574,0
Guyana,GUY,1992,0,FALSE,TRUE,0,100113,0
Guyana,GUY,1993,0,FALSE,TRUE,0,73500,0
Guyana,GUY,1994,0,FALSE,TRUE,0,60662,0
Guyana,GUY,1995,0,FALSE,TRUE,0,49301,0
Guyana,GUY,1996,0,FALSE,TRUE,0,4517,0
Guyana,GUY,1997,0,FALSE,TRUE,0,5755,0
Guyana,GUY,1998,0,FALSE,TRUE,0,7044,0
Guyana,GUY,1999,0,FALSE,TRUE,0,7925,0
Guyana,GUY,2000,0,FALSE,TRUE,0,3297,0
Guyana,GUY,2001,0,FALSE,TRUE,0,878,0
Guyana,GUY,2002,0,FALSE,TRUE,0,3565,0
Guyana,GUY,2003,0,FALSE,TRUE,0,1138,0
Guyana,GUY,2004,0,FALSE,TRUE,0,1475,0
Guyana,GUY,2005,0,FALSE,TRUE,0,2696,0
Guyana,GUY,2006,0,FALSE,TRUE,0,2245,0
Guyana,GUY,2007,0,FALSE,TRUE,0,1541,0
Guyana,GUY,2008,0,FALSE,TRUE,0,1926,0
Guyana,GUY,2010,0,FALSE,TRUE,0,1988,0
Haiti,HTI,1980,140,TRUE,FALSE,2.1492191126553797,368410,3.800114003420103e-4
Haiti,HTI,1981,245,TRUE,FALSE,2.3909351071033793,460159,5.324246619103397e-4
Haiti,HTI,1982,245,TRUE,FALSE,2.3909351071033793,361396,6.779267064383668e-4
Haiti,HTI,1983,882,TRUE,FALSE,2.945960703577569,279811,0.003152127686188177
Haiti,HTI,1984,441,TRUE,FALSE,2.645422269349092,245588,0.0017956903431763766
Haiti,HTI,1985,574,TRUE,FALSE,2.7596678446896306,269381,0.0021308110074578384
Haiti,HTI,1986,42,TRUE,FALSE,1.6334684555795864,229922,1.8267064482737624e-4
Haiti,HTI,1987,84,TRUE,FALSE,1.9294189257142929,277781,3.023964922006905e-4
Haiti,HTI,1988,63,TRUE,FALSE,1.806179973983887,241624,2.6073568850776415e-4
Haiti,HTI,1989,14,TRUE,FALSE,1.1760912590556811,155499,9.003273332947479e-5
Haiti,HTI,1990,0,FALSE,TRUE,0,131538,0
Haiti,HTI,1991,0,FALSE,TRUE,0,81574,0
Haiti,HTI,1992,0,FALSE,TRUE,0,100113,0
Haiti,HTI,1993,0,FALSE,TRUE,0,73500,0
Haiti,HTI,1994,0,FALSE,TRUE,0,60662,0
Haiti,HTI,1995,0,FALSE,TRUE,0,49301,0
Haiti,HTI,1996,0,FALSE,TRUE,0,4517,0
Haiti,HTI,1997,0,FALSE,TRUE,0,5755,0
Haiti,HTI,1998,0,FALSE,TRUE,0,7044,0
Haiti,HTI,1999,0,FALSE,TRUE,0,7925,0
Haiti,HTI,2000,1,TRUE,FALSE,0.3010299956639812,3297,3.0330603579011223e-4
Haiti,HTI,2001,14,TRUE,FALSE,1.1760912590556811,878,0.015945330296127564
Haiti,HTI,2002,0,FALSE,TRUE,0,3565,0
Haiti,HTI,2003,0,FALSE,TRUE,0,1138,0
Haiti,HTI,2004,0,FALSE,TRUE,0,1475,0
Haiti,HTI,2005,0,FALSE,TRUE,0,2696,0
Haiti,HTI,2006,0,FALSE,TRUE,0,2245,0
Haiti,HTI,2007,0,FALSE,TRUE,0,1541,0
Haiti,HTI,2008,0,FALSE,TRUE,0,1926,0
Haiti,HTI,2009,0,FALSE,TRUE,0,2020,0
Haiti,HTI,2010,0,FALSE,TRUE,0,1988,0
Haiti,HTI,2011,0,FALSE,TRUE,0,826,0
Haiti,HTI,2012,0,FALSE,TRUE,0,325,0
Haiti,HTI,2013,0,FALSE,TRUE,0,565,0
Haiti,HTI,2014,0,FALSE,TRUE,0,469,0
Haiti,HTI,2015,0,FALSE,TRUE,0,139,0
Haiti,HTI,2016,0,FALSE,TRUE,0,49,0
Haiti,HTI,2017,0,FALSE,TRUE,0,131,0
Haiti,HTI,2018,0,FALSE,TRUE,0,203,0
Haiti,HTI,2019,0,FALSE,TRUE,0,656,0
Haiti,HTI,2020,0,FALSE,TRUE,0,1871,0
Honduras,HND,1980,21,TRUE,FALSE,1.3424226808222062,368410,5.700171005130154e-5
Honduras,HND,1981,126,TRUE,FALSE,2.103803720955957,460159,2.73818397553889e-4
Honduras,HND,1982,56,TRUE,FALSE,1.7558748556724917,361396,1.54954675757341e-4
Honduras,HND,1983,56,TRUE,FALSE,1.7558748556724917,279811,2.0013509118655093e-4
Honduras,HND,1984,406,TRUE,FALSE,2.60959440922522,245588,0.001653175236575077
Honduras,HND,1985,28,TRUE,FALSE,1.462397997898956,269381,1.0394200036379701e-4
Honduras,HND,1986,42,TRUE,FALSE,1.6334684555795864,229922,1.8267064482737624e-4
Honduras,HND,1987,91,TRUE,FALSE,1.9637878273455551,277781,3.2759619988408133e-4
Honduras,HND,1988,49,TRUE,FALSE,1.6989700043360187,241624,2.0279442439492766e-4
Honduras,HND,1989,7,TRUE,FALSE,0.9030899869919436,155499,4.5016366664737395e-5
Honduras,HND,1990,0,FALSE,TRUE,0,131538,0
Honduras,HND,1991,0,FALSE,TRUE,0,81574,0
Honduras,HND,1992,0,FALSE,TRUE,0,100113,0
Honduras,HND,1993,0,FALSE,TRUE,0,73500,0
Honduras,HND,1994,0,FALSE,TRUE,0,60662,0
Honduras,HND,1995,0,FALSE,TRUE,0,49301,0
Honduras,HND,1996,0,FALSE,TRUE,0,4517,0
Honduras,HND,1997,0,FALSE,TRUE,0,5755,0
Honduras,HND,1998,0,FALSE,TRUE,0,7044,0
Honduras,HND,1999,0,FALSE,TRUE,0,7925,0
Honduras,HND,2000,0,FALSE,TRUE,0,3297,0
Honduras,HND,2001,0,FALSE,TRUE,0,878,0
Honduras,HND,2002,0,FALSE,TRUE,0,3565,0
Honduras,HND,2003,0,FALSE,TRUE,0,1138,0
Honduras,HND,2004,0,FALSE,TRUE,0,1475,0
Honduras,HND,2005,0,FALSE,TRUE,0,2696,0
Honduras,HND,2006,0,FALSE,TRUE,0,2245,0
Honduras,HND,2007,0,FALSE,TRUE,0,1541,0
Honduras,HND,2008,0,FALSE,TRUE,0,1926,0
Honduras,HND,2009,0,FALSE,TRUE,0,2020,0
Honduras,HND,2010,0,FALSE,TRUE,0,1988,0
Honduras,HND,2011,0,FALSE,TRUE,0,826,0
Honduras,HND,2012,0,FALSE,TRUE,0,325,0
Honduras,HND,2013,0,FALSE,TRUE,0,565,0
Honduras,HND,2014,0,FALSE,TRUE,0,469,0
Honduras,HND,2015,0,FALSE,TRUE,0,139,0
Honduras,HND,2016,0,FALSE,TRUE,0,49,0
Honduras,HND,2017,0,FALSE,TRUE,0,131,0
Honduras,HND,2018,0,FALSE,TRUE,0,203,0
Honduras,HND,2019,0,FALSE,TRUE,0,656,0
Honduras,HND,2020,0,FALSE,TRUE,0,1871,0
Hong Kong,HKG,2001,0,FALSE,TRUE,0,878,0
Hong Kong,HKG,2002,0,FALSE,TRUE,0,3565,0
Hong Kong,HKG,2003,0,FALSE,TRUE,0,1138,0
Hong Kong,HKG,2004,0,FALSE,TRUE,0,1475,0
Hong Kong,HKG,2005,0,FALSE,TRUE,0,2696,0
Hong Kong,HKG,2006,0,FALSE,TRUE,0,2245,0
Hong Kong,HKG,2007,0,FALSE,TRUE,0,1541,0
Hong Kong,HKG,2008,0,FALSE,TRUE,0,1926,0
Hong Kong,HKG,2009,0,FALSE,TRUE,0,2020,0
Hong Kong,HKG,2010,0,FALSE,TRUE,0,1988,0
Hong Kong,HKG,2011,0,FALSE,TRUE,0,826,0
Hong Kong,HKG,2012,0,FALSE,TRUE,0,325,0
Hong Kong,HKG,2013,0,FALSE,TRUE,0,565,0
Hong Kong,HKG,2014,0,FALSE,TRUE,0,469,0
Hong Kong,HKG,2015,0,FALSE,TRUE,0,139,0
Hong Kong,HKG,2016,0,FALSE,TRUE,0,49,0
Hong Kong,HKG,2017,0,FALSE,TRUE,0,131,0
Hong Kong,HKG,2018,0,FALSE,TRUE,0,203,0
Hong Kong,HKG,2019,0,FALSE,TRUE,0,656,0
Hong Kong,HKG,2020,0,FALSE,TRUE,0,1871,0
Hungary,HUN,1980,7,TRUE,FALSE,0.9030899869919436,368410,1.9000570017100515e-5
Hungary,HUN,1981,7,TRUE,FALSE,0.9030899869919436,460159,1.5212133197438277e-5
Hungary,HUN,1982,0,FALSE,TRUE,0,361396,0
Hungary,HUN,1983,7,TRUE,FALSE,0.9030899869919436,279811,2.5016886398318866e-5
Hungary,HUN,1984,7,TRUE,FALSE,0.9030899869919436,245588,2.8503021320259948e-5
Hungary,HUN,1985,0,FALSE,TRUE,0,269381,0
Hungary,HUN,1986,0,FALSE,TRUE,0,229922,0
Hungary,HUN,1987,0,FALSE,TRUE,0,277781,0
Hungary,HUN,1988,0,FALSE,TRUE,0,241624,0
Hungary,HUN,1989,0,FALSE,TRUE,0,155499,0
Hungary,HUN,1990,0,FALSE,TRUE,0,131538,0
Hungary,HUN,1991,0,FALSE,TRUE,0,81574,0
Hungary,HUN,1992,0,FALSE,TRUE,0,100113,0
Hungary,HUN,1993,0,FALSE,TRUE,0,73500,0
Hungary,HUN,1994,0,FALSE,TRUE,0,60662,0
Hungary,HUN,1995,0,FALSE,TRUE,0,49301,0
Hungary,HUN,1996,0,FALSE,TRUE,0,4517,0
Hungary,HUN,1997,0,FALSE,TRUE,0,5755,0
Hungary,HUN,1998,0,FALSE,TRUE,0,7044,0
Hungary,HUN,1999,0,FALSE,TRUE,0,7925,0
Hungary,HUN,2000,0,FALSE,TRUE,0,3297,0
Hungary,HUN,2001,0,FALSE,TRUE,0,878,0
Hungary,HUN,2002,0,FALSE,TRUE,0,3565,0
Hungary,HUN,2003,0,FALSE,TRUE,0,1138,0
Hungary,HUN,2004,0,FALSE,TRUE,0,1475,0
Hungary,HUN,2005,0,FALSE,TRUE,0,2696,0
Hungary,HUN,2006,0,FALSE,TRUE,0,2245,0
Hungary,HUN,2007,0,FALSE,TRUE,0,1541,0
Hungary,HUN,2008,0,FALSE,TRUE,0,1926,0
Hungary,HUN,2009,0,FALSE,TRUE,0,2020,0
Hungary,HUN,2010,0,FALSE,TRUE,0,1988,0
Hungary,HUN,2011,0,FALSE,TRUE,0,826,0
Hungary,HUN,2012,0,FALSE,TRUE,0,325,0
Hungary,HUN,2013,0,FALSE,TRUE,0,565,0
Hungary,HUN,2014,0,FALSE,TRUE,0,469,0
Hungary,HUN,2015,0,FALSE,TRUE,0,139,0
Hungary,HUN,2016,0,FALSE,TRUE,0,49,0
Hungary,HUN,2017,0,FALSE,TRUE,0,131,0
Hungary,HUN,2018,0,FALSE,TRUE,0,203,0
Hungary,HUN,2019,0,FALSE,TRUE,0,656,0
Hungary,HUN,2020,0,FALSE,TRUE,0,1871,0
Iceland,ISL,1980,0,FALSE,TRUE,0,368410,0
Iceland,ISL,1981,0,FALSE,TRUE,0,460159,0
Iceland,ISL,1982,0,FALSE,TRUE,0,361396,0
Iceland,ISL,1983,0,FALSE,TRUE,0,279811,0
Iceland,ISL,1984,0,FALSE,TRUE,0,245588,0
Iceland,ISL,1985,0,FALSE,TRUE,0,269381,0
Iceland,ISL,1986,0,FALSE,TRUE,0,229922,0
Iceland,ISL,1987,0,FALSE,TRUE,0,277781,0
Iceland,ISL,1988,0,FALSE,TRUE,0,241624,0
Iceland,ISL,1989,0,FALSE,TRUE,0,155499,0
Iceland,ISL,1990,0,FALSE,TRUE,0,131538,0
Iceland,ISL,1991,0,FALSE,TRUE,0,81574,0
Iceland,ISL,1992,0,FALSE,TRUE,0,100113,0
Iceland,ISL,1993,0,FALSE,TRUE,0,73500,0
Iceland,ISL,1994,0,FALSE,TRUE,0,60662,0
Iceland,ISL,1995,0,FALSE,TRUE,0,49301,0
Iceland,ISL,1996,0,FALSE,TRUE,0,4517,0
Iceland,ISL,1997,0,FALSE,TRUE,0,5755,0
Iceland,ISL,1998,0,FALSE,TRUE,0,7044,0
Iceland,ISL,1999,0,FALSE,TRUE,0,7925,0
Iceland,ISL,2000,0,FALSE,TRUE,0,3297,0
Iceland,ISL,2001,0,FALSE,TRUE,0,878,0
Iceland,ISL,2002,0,FALSE,TRUE,0,3565,0
Iceland,ISL,2003,0,FALSE,TRUE,0,1138,0
Iceland,ISL,2004,0,FALSE,TRUE,0,1475,0
Iceland,ISL,2005,0,FALSE,TRUE,0,2696,0
Iceland,ISL,2006,0,FALSE,TRUE,0,2245,0
Iceland,ISL,2007,0,FALSE,TRUE,0,1541,0
Iceland,ISL,2008,0,FALSE,TRUE,0,1926,0
Iceland,ISL,2009,0,FALSE,TRUE,0,2020,0
Iceland,ISL,2010,0,FALSE,TRUE,0,1988,0
Iceland,ISL,2011,0,FALSE,TRUE,0,826,0
Iceland,ISL,2012,0,FALSE,TRUE,0,325,0
Iceland,ISL,2013,0,FALSE,TRUE,0,565,0
Iceland,ISL,2014,0,FALSE,TRUE,0,469,0
Iceland,ISL,2015,0,FALSE,TRUE,0,139,0
Iceland,ISL,2016,0,FALSE,TRUE,0,49,0
Iceland,ISL,2017,0,FALSE,TRUE,0,131,0
Iceland,ISL,2018,0,FALSE,TRUE,0,203,0
Iceland,ISL,2019,0,FALSE,TRUE,0,656,0
Iceland,ISL,2020,0,FALSE,TRUE,0,1871,0
India,IND,1980,132825,TRUE,FALSE,5.123283094243714,368410,0.3605358160744822
India,IND,1981,266630,TRUE,FALSE,5.42591064150042,460159,0.5794301534904239
India,IND,1982,184079,TRUE,FALSE,5.265006605660587,361396,0.5093553885488494
India,IND,1983,172641,TRUE,FALSE,5.2371464585247285,279811,0.6169914692417382
India,IND,1984,161749,TRUE,FALSE,5.208844289340738,245588,0.6586193136472466
India,IND,1985,157990,TRUE,FALSE,5.1986323479565515,269381,0.5864927370527245
India,IND,1986,141050,TRUE,FALSE,5.149376169491331,229922,0.6134689155452718
India,IND,1987,197848,TRUE,FALSE,5.296333859527094,277781,0.7122445379633596
India,IND,1988,166600,TRUE,FALSE,5.2216776038725605,241624,0.689501042942754
India,IND,1989,97405,TRUE,FALSE,4.988585709308133,155499,0.6264027421398208
India,IND,1990,72856,TRUE,FALSE,4.862471284525037,131538,0.5538779668232754
India,IND,1991,41272,TRUE,FALSE,4.615666037476722,81574,0.5059455218574546
India,IND,1992,65765,TRUE,FALSE,4.818001428133308,100113,0.6569076943054348
India,IND,1993,29659,TRUE,FALSE,4.4721711466923635,73500,0.4035238095238095
India,IND,1994,33537,TRUE,FALSE,4.525537160391059,60662,0.5528502192476344
India,IND,1995,22841,TRUE,FALSE,4.3587341271980105,49301,0.4632968905296039
India,IND,1996,1116,TRUE,FALSE,3.048053173115609,4517,0.24706663714854993
India,IND,1997,2525,TRUE,FALSE,3.402433346219312,5755,0.43874891398783666
India,IND,1998,4797,TRUE,FALSE,3.681060243631811,7044,0.6810051107325383
India,IND,1999,3127,TRUE,FALSE,3.4952667443878105,7925,0.39457413249211354
India,IND,2000,294,TRUE,FALSE,2.469822015978163,3297,0.08917197452229299
India,IND,2001,536,TRUE,FALSE,2.7299742856995555,878,0.6104783599088838
India,IND,2002,3200,TRUE,FALSE,3.5052856741441323,3565,0.8976157082748948
India,IND,2003,450,TRUE,FALSE,2.6541765418779604,1138,0.3954305799648506
India,IND,2004,149,TRUE,FALSE,2.1760912590556813,1475,0.10101694915254238
India,IND,2005,73,TRUE,FALSE,1.869231719730976,2696,0.027077151335311574
India,IND,2006,750,TRUE,FALSE,2.8756399370041685,2245,0.33407572383073497
India,IND,2007,970,TRUE,FALSE,2.9872192299080047,1541,0.6294613887086308
India,IND,2008,620,TRUE,FALSE,2.79309160017658,1926,0.32191069574247144
India,IND,2009,839,TRUE,FALSE,2.9242792860618816,2020,0.4153465346534653
India,IND,2010,49,TRUE,FALSE,1.6989700043360187,1988,0.02464788732394366
India,IND,2011,1,TRUE,FALSE,0.3010299956639812,826,0.0012106537530266344
India,IND,2012,0,FALSE,TRUE,0,325,0
India,IND,2013,0,FALSE,TRUE,0,565,0
India,IND,2014,0,FALSE,TRUE,0,469,0
India,IND,2015,0,FALSE,TRUE,0,139,0
India,IND,2016,0,FALSE,TRUE,0,49,0
India,IND,2017,0,FALSE,TRUE,0,131,0
India,IND,2018,0,FALSE,TRUE,0,203,0
India,IND,2019,0,FALSE,TRUE,0,656,0
India,IND,2020,0,FALSE,TRUE,0,1871,0
Indonesia,IDN,1980,1274,TRUE,FALSE,3.1055101847699738,368410,0.003458103743112293
Indonesia,IDN,1981,6587,TRUE,FALSE,3.818753590497717,460159,0.014314617338789418
Indonesia,IDN,1982,1526,TRUE,FALSE,3.183839037056422,361396,0.0042225149143875415
Indonesia,IDN,1983,399,TRUE,FALSE,2.6020599913279625,279811,0.0014259625247041753
Indonesia,IDN,1984,889,TRUE,FALSE,2.949390006644913,245588,0.0036198837076730135
Indonesia,IDN,1985,616,TRUE,FALSE,2.7902851640332416,269381,0.002286724008003534
Indonesia,IDN,1986,168,TRUE,FALSE,2.2278867046136734,229922,7.30682579309505e-4
Indonesia,IDN,1987,8099,TRUE,FALSE,3.90848501887865,277781,0.02915606178968324
Indonesia,IDN,1988,5411,TRUE,FALSE,3.7333577879255855,241624,0.022394298579611296
Indonesia,IDN,1989,4249,TRUE,FALSE,3.628388930050312,155499,0.027324934565495597
Indonesia,IDN,1990,3255,TRUE,FALSE,3.5126843962171637,131538,0.024745700862108286
Indonesia,IDN,1991,1477,TRUE,FALSE,3.1696744340588068,81574,0.018106259347341065
Indonesia,IDN,1992,553,TRUE,FALSE,2.74350976472843,100113,0.005523758153286786
Indonesia,IDN,1993,70,TRUE,FALSE,1.8512583487190752,73500,9.523809523809524e-4
Indonesia,IDN,1994,70,TRUE,FALSE,1.8512583487190752,60662,0.0011539349180706207
Indonesia,IDN,1995,84,TRUE,FALSE,1.9294189257142929,49301,0.0017038193951441148
Indonesia,IDN,1996,85,TRUE,FALSE,1.9344984512435677,4517,0.018817799424396722
Indonesia,IDN,1997,325,TRUE,FALSE,2.513217600067939,5755,0.05647263249348393
Indonesia,IDN,1998,54,TRUE,FALSE,1.740362689494244,7044,0.007666098807495741
Indonesia,IDN,1999,43,TRUE,FALSE,1.6434526764861874,7925,0.005425867507886435
Indonesia,IDN,2000,39,TRUE,FALSE,1.6020599913279625,3297,0.011828935395814377
Indonesia,IDN,2001,0,FALSE,TRUE,0,878,0
Indonesia,IDN,2002,0,FALSE,TRUE,0,3565,0
Indonesia,IDN,2003,0,FALSE,TRUE,0,1138,0
Indonesia,IDN,2004,0,FALSE,TRUE,0,1475,0
Indonesia,IDN,2005,387,TRUE,FALSE,2.5888317255942073,2696,0.1435459940652819
Indonesia,IDN,2006,2,TRUE,FALSE,0.4771212547196624,2245,8.908685968819599e-4
Indonesia,IDN,2007,0,FALSE,TRUE,0,1541,0
Indonesia,IDN,2008,0,FALSE,TRUE,0,1926,0
Indonesia,IDN,2009,0,FALSE,TRUE,0,2020,0
Indonesia,IDN,2010,0,FALSE,TRUE,0,1988,0
Indonesia,IDN,2011,0,FALSE,TRUE,0,826,0
Indonesia,IDN,2012,0,FALSE,TRUE,0,325,0
Indonesia,IDN,2013,0,FALSE,TRUE,0,565,0
Indonesia,IDN,2014,0,FALSE,TRUE,0,469,0
Indonesia,IDN,2015,0,FALSE,TRUE,0,139,0
Indonesia,IDN,2016,0,FALSE,TRUE,0,49,0
Indonesia,IDN,2017,0,FALSE,TRUE,0,131,0
Indonesia,IDN,2018,1,TRUE,FALSE,0.3010299956639812,203,0.0049261083743842365
Indonesia,IDN,2019,0,FALSE,TRUE,0,656,0
Indonesia,IDN,2020,0,FALSE,TRUE,0,1871,0
Iran,IRN,1980,560,TRUE,FALSE,2.7489628612561616,368410,0.0015200456013680411
Iran,IRN,1981,1344,TRUE,FALSE,3.128722284338427,460159,0.0029207295739081492
Iran,IRN,1982,1337,TRUE,FALSE,3.1264561134318045,361396,0.003699542883706516
Iran,IRN,1983,735,TRUE,FALSE,2.866877814337499,279811,0.002626773071823481
Iran,IRN,1984,700,TRUE,FALSE,2.8457180179666586,245588,0.0028503021320259946
Iran,IRN,1985,371,TRUE,FALSE,2.5705429398818973,269381,0.0013772315048203104
Iran,IRN,1986,490,TRUE,FALSE,2.6910814921229687,229922,0.002131157522986056
Iran,IRN,1987,217,TRUE,FALSE,2.3384564936046046,277781,7.81190938185117e-4
Iran,IRN,1988,252,TRUE,FALSE,2.403120521175818,241624,0.0010429427540310566
Iran,IRN,1989,91,TRUE,FALSE,1.9637878273455551,155499,5.852127666415861e-4
Iran,IRN,1990,105,TRUE,FALSE,2.0253058652647704,131538,7.98248414906719e-4
Iran,IRN,1991,385,TRUE,FALSE,2.586587304671755,81574,0.004719641062103121
Iran,IRN,1992,308,TRUE,FALSE,2.4899584794248346,100113,0.0030765235284128936
Iran,IRN,1993,749,TRUE,FALSE,2.8750612633917,73500,0.01019047619047619
Iran,IRN,1994,651,TRUE,FALSE,2.81424759573192,60662,0.010731594738056774
Iran,IRN,1995,707,TRUE,FALSE,2.850033257689769,49301,0.014340479909129632
Iran,IRN,1996,13,TRUE,FALSE,1.146128035678238,4517,0.002878016382554793
Iran,IRN,1997,14,TRUE,FALSE,1.1760912590556811,5755,0.0024326672458731538
Iran,IRN,1998,4,TRUE,FALSE,0.6989700043360189,7044,5.678591709256105e-4
Iran,IRN,1999,3,TRUE,FALSE,0.6020599913279624,7925,3.785488958990536e-4
Iran,IRN,2000,3,TRUE,FALSE,0.6020599913279624,3297,9.099181073703367e-4
Iran,IRN,2001,0,FALSE,TRUE,0,878,0
Iran,IRN,2002,0,FALSE,TRUE,0,3565,0
Iran,IRN,2003,0,FALSE,TRUE,0,1138,0
Iran,IRN,2004,0,FALSE,TRUE,0,1475,0
Iran,IRN,2005,0,FALSE,TRUE,0,2696,0
Iran,IRN,2006,0,FALSE,TRUE,0,2245,0
Iran,IRN,2007,0,FALSE,TRUE,0,1541,0
Iran,IRN,2008,0,FALSE,TRUE,0,1926,0
Iran,IRN,2009,0,FALSE,TRUE,0,2020,0
Iran,IRN,2010,0,FALSE,TRUE,0,1988,0
Iran,IRN,2011,0,FALSE,TRUE,0,826,0
Iran,IRN,2012,0,FALSE,TRUE,0,325,0
Iran,IRN,2013,0,FALSE,TRUE,0,565,0
Iran,IRN,2014,0,FALSE,TRUE,0,469,0
Iran,IRN,2015,0,FALSE,TRUE,0,139,0
Iran,IRN,2016,0,FALSE,TRUE,0,49,0
Iran,IRN,2017,0,FALSE,TRUE,0,131,0
Iran,IRN,2018,0,FALSE,TRUE,0,203,0
Iran,IRN,2019,0,FALSE,TRUE,0,656,0
Iran,IRN,2020,0,FALSE,TRUE,0,1871,0
Iraq,IRQ,1980,6979,TRUE,FALSE,3.843855422623161,368410,0.01894356830704921
Iraq,IRQ,1981,2940,TRUE,FALSE,3.468495024507069,460159,0.0063890959429240765
Iraq,IRQ,1982,2933,TRUE,FALSE,3.4674601095072637,361396,0.008115751142790733
Iraq,IRQ,1983,1064,TRUE,FALSE,3.0273496077747564,279811,0.0038025667325444676
Iraq,IRQ,1984,1561,TRUE,FALSE,3.1936810295412816,245588,0.006356173754417968
Iraq,IRQ,1985,1386,TRUE,FALSE,3.1420764610732848,269381,0.005145129018007952
Iraq,IRQ,1986,560,TRUE,FALSE,2.7489628612561616,229922,0.0024356085976983497
Iraq,IRQ,1987,315,TRUE,FALSE,2.499687082618404,277781,0.0011339868457525893
Iraq,IRQ,1988,483,TRUE,FALSE,2.6848453616444123,241624,0.0019989736118928582
Iraq,IRQ,1989,70,TRUE,FALSE,1.8512583487190752,155499,4.501636666473739e-4
Iraq,IRQ,1990,392,TRUE,FALSE,2.5943925503754266,131538,0.002980127415651751
Iraq,IRQ,1991,1302,TRUE,FALSE,3.1149444157125847,81574,0.01596096795547601
Iraq,IRQ,1992,840,TRUE,FALSE,2.924795995797912,100113,0.008390518713853346
Iraq,IRQ,1993,525,TRUE,FALSE,2.7209857441537393,73500,0.007142857142857143
Iraq,IRQ,1994,441,TRUE,FALSE,2.645422269349092,60662,0.007269789983844911
Iraq,IRQ,1995,238,TRUE,FALSE,2.3783979009481375,49301,0.004827488286241658
Iraq,IRQ,1996,23,TRUE,FALSE,1.380211241711606,4517,0.005091875138366172
Iraq,IRQ,1997,31,TRUE,FALSE,1.505149978319906,5755,0.005386620330147697
Iraq,IRQ,1998,41,TRUE,FALSE,1.6232492903979006,7044,0.005820556501987507
Iraq,IRQ,1999,98,TRUE,FALSE,1.99563519459755,7925,0.012365930599369085
Iraq,IRQ,2000,4,TRUE,FALSE,0.6989700043360189,3297,0.001213224143160449
Iraq,IRQ,2001,0,FALSE,TRUE,0,878,0
Iraq,IRQ,2002,0,FALSE,TRUE,0,3565,0
Iraq,IRQ,2003,0,FALSE,TRUE,0,1138,0
Iraq,IRQ,2004,0,FALSE,TRUE,0,1475,0
Iraq,IRQ,2005,0,FALSE,TRUE,0,2696,0
Iraq,IRQ,2006,0,FALSE,TRUE,0,2245,0
Iraq,IRQ,2007,0,FALSE,TRUE,0,1541,0
Iraq,IRQ,2008,0,FALSE,TRUE,0,1926,0
Iraq,IRQ,2009,0,FALSE,TRUE,0,2020,0
Iraq,IRQ,2010,0,FALSE,TRUE,0,1988,0
Iraq,IRQ,2011,0,FALSE,TRUE,0,826,0
Iraq,IRQ,2012,0,FALSE,TRUE,0,325,0
Iraq,IRQ,2013,0,FALSE,TRUE,0,565,0
Iraq,IRQ,2014,2,TRUE,FALSE,0.4771212547196624,469,0.0042643923240938165
Iraq,IRQ,2015,0,FALSE,TRUE,0,139,0
Iraq,IRQ,2016,0,FALSE,TRUE,0,49,0
Iraq,IRQ,2017,0,FALSE,TRUE,0,131,0
Iraq,IRQ,2018,0,FALSE,TRUE,0,203,0
Iraq,IRQ,2019,0,FALSE,TRUE,0,656,0
Iraq,IRQ,2020,0,FALSE,TRUE,0,1871,0
Ireland,IRL,1980,7,TRUE,FALSE,0.9030899869919436,368410,1.9000570017100515e-5
Ireland,IRL,1981,0,FALSE,TRUE,0,460159,0
Ireland,IRL,1982,7,TRUE,FALSE,0.9030899869919436,361396,1.9369334469667624e-5
Ireland,IRL,1983,0,FALSE,TRUE,0,279811,0
Ireland,IRL,1984,0,FALSE,TRUE,0,245588,0
Ireland,IRL,1985,0,FALSE,TRUE,0,269381,0
Ireland,IRL,1986,0,FALSE,TRUE,0,229922,0
Ireland,IRL,1987,0,FALSE,TRUE,0,277781,0
Ireland,IRL,1988,0,FALSE,TRUE,0,241624,0
Ireland,IRL,1989,0,FALSE,TRUE,0,155499,0
Ireland,IRL,1990,0,FALSE,TRUE,0,131538,0
Ireland,IRL,1991,0,FALSE,TRUE,0,81574,0
Ireland,IRL,1992,0,FALSE,TRUE,0,100113,0
Ireland,IRL,1993,0,FALSE,TRUE,0,73500,0
Ireland,IRL,1994,0,FALSE,TRUE,0,60662,0
Ireland,IRL,1995,0,FALSE,TRUE,0,49301,0
Ireland,IRL,1996,0,FALSE,TRUE,0,4517,0
Ireland,IRL,1997,0,FALSE,TRUE,0,5755,0
Ireland,IRL,1998,0,FALSE,TRUE,0,7044,0
Ireland,IRL,1999,0,FALSE,TRUE,0,7925,0
Ireland,IRL,2000,0,FALSE,TRUE,0,3297,0
Ireland,IRL,2001,0,FALSE,TRUE,0,878,0
Ireland,IRL,2002,0,FALSE,TRUE,0,3565,0
Ireland,IRL,2003,0,FALSE,TRUE,0,1138,0
Ireland,IRL,2004,0,FALSE,TRUE,0,1475,0
Ireland,IRL,2005,0,FALSE,TRUE,0,2696,0
Ireland,IRL,2006,0,FALSE,TRUE,0,2245,0
Ireland,IRL,2007,0,FALSE,TRUE,0,1541,0
Ireland,IRL,2008,0,FALSE,TRUE,0,1926,0
Ireland,IRL,2009,0,FALSE,TRUE,0,2020,0
Ireland,IRL,2010,0,FALSE,TRUE,0,1988,0
Ireland,IRL,2011,0,FALSE,TRUE,0,826,0
Ireland,IRL,2012,0,FALSE,TRUE,0,325,0
Ireland,IRL,2013,0,FALSE,TRUE,0,565,0
Ireland,IRL,2014,0,FALSE,TRUE,0,469,0
Ireland,IRL,2015,0,FALSE,TRUE,0,139,0
Ireland,IRL,2016,0,FALSE,TRUE,0,49,0
Ireland,IRL,2017,0,FALSE,TRUE,0,131,0
Ireland,IRL,2018,0,FALSE,TRUE,0,203,0
Ireland,IRL,2019,0,FALSE,TRUE,0,656,0
Ireland,IRL,2020,0,FALSE,TRUE,0,1871,0
Israel,ISR,1980,77,TRUE,FALSE,1.8920946026904804,368410,2.0900627018810564e-4
Israel,ISR,1981,56,TRUE,FALSE,1.7558748556724917,460159,1.2169706557950622e-4
Israel,ISR,1982,35,TRUE,FALSE,1.5563025007672873,361396,9.684667234833811e-5
Israel,ISR,1983,28,TRUE,FALSE,1.462397997898956,279811,1.0006754559327546e-4
Israel,ISR,1984,7,TRUE,FALSE,0.9030899869919436,245588,2.8503021320259948e-5
Israel,ISR,1985,14,TRUE,FALSE,1.1760912590556811,269381,5.1971000181898504e-5
Israel,ISR,1986,0,FALSE,TRUE,0,229922,0
Israel,ISR,1987,14,TRUE,FALSE,1.1760912590556811,277781,5.0399415366781744e-5
Israel,ISR,1988,112,TRUE,FALSE,2.0530784434834195,241624,4.635301129026918e-4
Israel,ISR,1989,0,FALSE,TRUE,0,155499,0
Israel,ISR,1990,0,FALSE,TRUE,0,131538,0
Israel,ISR,1991,0,FALSE,TRUE,0,81574,0
Israel,ISR,1992,0,FALSE,TRUE,0,100113,0
Israel,ISR,1993,0,FALSE,TRUE,0,73500,0
Israel,ISR,1994,0,FALSE,TRUE,0,60662,0
Israel,ISR,1995,0,FALSE,TRUE,0,49301,0
Israel,ISR,1996,0,FALSE,TRUE,0,4517,0
Israel,ISR,1997,0,FALSE,TRUE,0,5755,0
Israel,ISR,1998,0,FALSE,TRUE,0,7044,0
Israel,ISR,1999,0,FALSE,TRUE,0,7925,0
Israel,ISR,2000,0,FALSE,TRUE,0,3297,0
Israel,ISR,2001,0,FALSE,TRUE,0,878,0
Israel,ISR,2002,0,FALSE,TRUE,0,3565,0
Israel,ISR,2003,0,FALSE,TRUE,0,1138,0
Israel,ISR,2004,0,FALSE,TRUE,0,1475,0
Israel,ISR,2005,0,FALSE,TRUE,0,2696,0
Israel,ISR,2006,0,FALSE,TRUE,0,2245,0
Israel,ISR,2007,0,FALSE,TRUE,0,1541,0
Israel,ISR,2008,0,FALSE,TRUE,0,1926,0
Israel,ISR,2009,0,FALSE,TRUE,0,2020,0
Israel,ISR,2010,0,FALSE,TRUE,0,1988,0
Israel,ISR,2011,0,FALSE,TRUE,0,826,0
Israel,ISR,2012,0,FALSE,TRUE,0,325,0
Israel,ISR,2013,0,FALSE,TRUE,0,565,0
Israel,ISR,2014,0,FALSE,TRUE,0,469,0
Israel,ISR,2015,0,FALSE,TRUE,0,139,0
Israel,ISR,2016,0,FALSE,TRUE,0,49,0
Israel,ISR,2017,0,FALSE,TRUE,0,131,0
Israel,ISR,2018,0,FALSE,TRUE,0,203,0
Israel,ISR,2019,0,FALSE,TRUE,0,656,0
Israel,ISR,2020,0,FALSE,TRUE,0,1871,0
Italy,ITA,1980,7,TRUE,FALSE,0.9030899869919436,368410,1.9000570017100515e-5
Italy,ITA,1981,7,TRUE,FALSE,0.9030899869919436,460159,1.5212133197438277e-5
Italy,ITA,1982,21,TRUE,FALSE,1.3424226808222062,361396,5.8108003409002864e-5
Italy,ITA,1983,7,TRUE,FALSE,0.9030899869919436,279811,2.5016886398318866e-5
Italy,ITA,1984,7,TRUE,FALSE,0.9030899869919436,245588,2.8503021320259948e-5
Italy,ITA,1985,0,FALSE,TRUE,0,269381,0
Italy,ITA,1986,0,FALSE,TRUE,0,229922,0
Italy,ITA,1987,0,FALSE,TRUE,0,277781,0
Italy,ITA,1988,7,TRUE,FALSE,0.9030899869919436,241624,2.8970632056418236e-5
Italy,ITA,1989,0,FALSE,TRUE,0,155499,0
Italy,ITA,1990,0,FALSE,TRUE,0,131538,0
Italy,ITA,1991,0,FALSE,TRUE,0,81574,0
Italy,ITA,1992,0,FALSE,TRUE,0,100113,0
Italy,ITA,1993,0,FALSE,TRUE,0,73500,0
Italy,ITA,1994,0,FALSE,TRUE,0,60662,0
Italy,ITA,1995,0,FALSE,TRUE,0,49301,0
Italy,ITA,1996,0,FALSE,TRUE,0,4517,0
Italy,ITA,1997,0,FALSE,TRUE,0,5755,0
Italy,ITA,1998,0,FALSE,TRUE,0,7044,0
Italy,ITA,1999,0,FALSE,TRUE,0,7925,0
Italy,ITA,2000,0,FALSE,TRUE,0,3297,0
Italy,ITA,2001,0,FALSE,TRUE,0,878,0
Italy,ITA,2002,0,FALSE,TRUE,0,3565,0
Italy,ITA,2003,0,FALSE,TRUE,0,1138,0
Italy,ITA,2004,0,FALSE,TRUE,0,1475,0
Italy,ITA,2005,0,FALSE,TRUE,0,2696,0
Italy,ITA,2006,0,FALSE,TRUE,0,2245,0
Italy,ITA,2007,0,FALSE,TRUE,0,1541,0
Italy,ITA,2008,0,FALSE,TRUE,0,1926,0
Italy,ITA,2009,0,FALSE,TRUE,0,2020,0
Italy,ITA,2010,0,FALSE,TRUE,0,1988,0
Italy,ITA,2011,0,FALSE,TRUE,0,826,0
Italy,ITA,2012,0,FALSE,TRUE,0,325,0
Italy,ITA,2013,0,FALSE,TRUE,0,565,0
Italy,ITA,2014,0,FALSE,TRUE,0,469,0
Italy,ITA,2015,0,FALSE,TRUE,0,139,0
Italy,ITA,2016,0,FALSE,TRUE,0,49,0
Italy,ITA,2017,0,FALSE,TRUE,0,131,0
Italy,ITA,2018,0,FALSE,TRUE,0,203,0
Italy,ITA,2019,0,FALSE,TRUE,0,656,0
Italy,ITA,2020,0,FALSE,TRUE,0,1871,0
Jamaica,JAM,1980,0,FALSE,TRUE,0,368410,0
Jamaica,JAM,1981,0,FALSE,TRUE,0,460159,0
Jamaica,JAM,1982,420,TRUE,FALSE,2.6242820958356683,361396,0.0011621600681800573
Jamaica,JAM,1983,0,FALSE,TRUE,0,279811,0
Jamaica,JAM,1984,0,FALSE,TRUE,0,245588,0
Jamaica,JAM,1985,0,FALSE,TRUE,0,269381,0
Jamaica,JAM,1986,0,FALSE,TRUE,0,229922,0
Jamaica,JAM,1987,0,FALSE,TRUE,0,277781,0
Jamaica,JAM,1988,0,FALSE,TRUE,0,241624,0
Jamaica,JAM,1989,0,FALSE,TRUE,0,155499,0
Jamaica,JAM,1990,0,FALSE,TRUE,0,131538,0
Jamaica,JAM,1991,0,FALSE,TRUE,0,81574,0
Jamaica,JAM,1992,0,FALSE,TRUE,0,100113,0
Jamaica,JAM,1993,0,FALSE,TRUE,0,73500,0
Jamaica,JAM,1994,0,FALSE,TRUE,0,60662,0
Jamaica,JAM,1995,0,FALSE,TRUE,0,49301,0
Jamaica,JAM,1996,0,FALSE,TRUE,0,4517,0
Jamaica,JAM,1997,0,FALSE,TRUE,0,5755,0
Jamaica,JAM,1998,0,FALSE,TRUE,0,7044,0
Jamaica,JAM,1999,0,FALSE,TRUE,0,7925,0
Jamaica,JAM,2000,0,FALSE,TRUE,0,3297,0
Jamaica,JAM,2001,0,FALSE,TRUE,0,878,0
Jamaica,JAM,2002,0,FALSE,TRUE,0,3565,0
Jamaica,JAM,2003,0,FALSE,TRUE,0,1138,0
Jamaica,JAM,2004,0,FALSE,TRUE,0,1475,0
Jamaica,JAM,2005,0,FALSE,TRUE,0,2696,0
Jamaica,JAM,2006,0,FALSE,TRUE,0,2245,0
Jamaica,JAM,2007,0,FALSE,TRUE,0,1541,0
Jamaica,JAM,2008,0,FALSE,TRUE,0,1926,0
Jamaica,JAM,2010,0,FALSE,TRUE,0,1988,0
Japan,JPN,1980,28,TRUE,FALSE,1.462397997898956,368410,7.600228006840206e-5
Japan,JPN,1981,14,TRUE,FALSE,1.1760912590556811,460159,3.0424266394876555e-5
Japan,JPN,1982,7,TRUE,FALSE,0.9030899869919436,361396,1.9369334469667624e-5
Japan,JPN,1983,0,FALSE,TRUE,0,279811,0
Japan,JPN,1984,0,FALSE,TRUE,0,245588,0
Japan,JPN,1985,0,FALSE,TRUE,0,269381,0
Japan,JPN,1986,0,FALSE,TRUE,0,229922,0
Japan,JPN,1987,0,FALSE,TRUE,0,277781,0
Japan,JPN,1988,0,FALSE,TRUE,0,241624,0
Japan,JPN,1989,0,FALSE,TRUE,0,155499,0
Japan,JPN,1990,0,FALSE,TRUE,0,131538,0
Japan,JPN,1991,0,FALSE,TRUE,0,81574,0
Japan,JPN,1992,0,FALSE,TRUE,0,100113,0
Japan,JPN,1993,0,FALSE,TRUE,0,73500,0
Japan,JPN,1994,0,FALSE,TRUE,0,60662,0
Japan,JPN,1995,0,FALSE,TRUE,0,49301,0
Japan,JPN,1996,0,FALSE,TRUE,0,4517,0
Japan,JPN,1998,0,FALSE,TRUE,0,7044,0
Japan,JPN,1999,0,FALSE,TRUE,0,7925,0
Japan,JPN,2000,0,FALSE,TRUE,0,3297,0
Japan,JPN,2001,0,FALSE,TRUE,0,878,0
Japan,JPN,2002,0,FALSE,TRUE,0,3565,0
Japan,JPN,2003,0,FALSE,TRUE,0,1138,0
Japan,JPN,2004,0,FALSE,TRUE,0,1475,0
Japan,JPN,2005,0,FALSE,TRUE,0,2696,0
Japan,JPN,2006,0,FALSE,TRUE,0,2245,0
Japan,JPN,2007,0,FALSE,TRUE,0,1541,0
Japan,JPN,2008,0,FALSE,TRUE,0,1926,0
Japan,JPN,2009,0,FALSE,TRUE,0,2020,0
Japan,JPN,2010,0,FALSE,TRUE,0,1988,0
Japan,JPN,2011,0,FALSE,TRUE,0,826,0
Japan,JPN,2012,0,FALSE,TRUE,0,325,0
Japan,JPN,2013,0,FALSE,TRUE,0,565,0
Japan,JPN,2014,0,FALSE,TRUE,0,469,0
Japan,JPN,2015,0,FALSE,TRUE,0,139,0
Japan,JPN,2016,0,FALSE,TRUE,0,49,0
Japan,JPN,2017,0,FALSE,TRUE,0,131,0
Japan,JPN,2018,0,FALSE,TRUE,0,203,0
Japan,JPN,2019,0,FALSE,TRUE,0,656,0
Japan,JPN,2020,0,FALSE,TRUE,0,1871,0
Jordan,JOR,1980,105,TRUE,FALSE,2.0253058652647704,368410,2.850085502565077e-4
Jordan,JOR,1981,7,TRUE,FALSE,0.9030899869919436,460159,1.5212133197438277e-5
Jordan,JOR,1982,14,TRUE,FALSE,1.1760912590556811,361396,3.873866893933525e-5
Jordan,JOR,1983,14,TRUE,FALSE,1.1760912590556811,279811,5.003377279663773e-5
Jordan,JOR,1984,7,TRUE,FALSE,0.9030899869919436,245588,2.8503021320259948e-5
Jordan,JOR,1985,7,TRUE,FALSE,0.9030899869919436,269381,2.5985500090949252e-5
Jordan,JOR,1986,14,TRUE,FALSE,1.1760912590556811,229922,6.0890214942458744e-5
Jordan,JOR,1987,0,FALSE,TRUE,0,277781,0
Jordan,JOR,1988,14,TRUE,FALSE,1.1760912590556811,241624,5.794126411283647e-5
Jordan,JOR,1989,0,FALSE,TRUE,0,155499,0
Jordan,JOR,1990,0,FALSE,TRUE,0,131538,0
Jordan,JOR,1991,98,TRUE,FALSE,1.99563519459755,81574,0.0012013631794444309
Jordan,JOR,1992,126,TRUE,FALSE,2.103803720955957,100113,0.001258577807078002
Jordan,JOR,1993,0,FALSE,TRUE,0,73500,0
Jordan,JOR,1994,28,TRUE,FALSE,1.462397997898956,60662,4.6157396722824835e-4
Jordan,JOR,1995,0,FALSE,TRUE,0,49301,0
Jordan,JOR,1996,0,FALSE,TRUE,0,4517,0
Jordan,JOR,1997,0,FALSE,TRUE,0,5755,0
Jordan,JOR,1998,0,FALSE,TRUE,0,7044,0
Jordan,JOR,1999,0,FALSE,TRUE,0,7925,0
Jordan,JOR,2000,0,FALSE,TRUE,0,3297,0
Jordan,JOR,2001,0,FALSE,TRUE,0,878,0
Jordan,JOR,2002,0,FALSE,TRUE,0,3565,0
Jordan,JOR,2003,0,FALSE,TRUE,0,1138,0
Jordan,JOR,2004,0,FALSE,TRUE,0,1475,0
Jordan,JOR,2005,0,FALSE,TRUE,0,2696,0
Jordan,JOR,2006,0,FALSE,TRUE,0,2245,0
Jordan,JOR,2007,0,FALSE,TRUE,0,1541,0
Jordan,JOR,2008,0,FALSE,TRUE,0,1926,0
Jordan,JOR,2009,0,FALSE,TRUE,0,2020,0
Jordan,JOR,2010,0,FALSE,TRUE,0,1988,0
Jordan,JOR,2011,0,FALSE,TRUE,0,826,0
Jordan,JOR,2012,0,FALSE,TRUE,0,325,0
Jordan,JOR,2013,0,FALSE,TRUE,0,565,0
Jordan,JOR,2014,0,FALSE,TRUE,0,469,0
Jordan,JOR,2015,0,FALSE,TRUE,0,139,0
Jordan,JOR,2016,0,FALSE,TRUE,0,49,0
Jordan,JOR,2017,0,FALSE,TRUE,0,131,0
Jordan,JOR,2018,0,FALSE,TRUE,0,203,0
Jordan,JOR,2019,0,FALSE,TRUE,0,656,0
Jordan,JOR,2020,0,FALSE,TRUE,0,1871,0
Kazakhstan,KAZ,1991,35,TRUE,FALSE,1.5563025007672873,81574,4.29058278373011e-4
Kazakhstan,KAZ,1992,42,TRUE,FALSE,1.6334684555795864,100113,4.195259356926673e-4
Kazakhstan,KAZ,1993,7,TRUE,FALSE,0.9030899869919436,73500,9.523809523809524e-5
Kazakhstan,KAZ,1994,21,TRUE,FALSE,1.3424226808222062,60662,3.461804754211862e-4
Kazakhstan,KAZ,1995,14,TRUE,FALSE,1.1760912590556811,49301,2.839698991906858e-4
Kazakhstan,KAZ,1996,0,FALSE,TRUE,0,4517,0
Kazakhstan,KAZ,1997,0,FALSE,TRUE,0,5755,0
Kazakhstan,KAZ,1998,0,FALSE,TRUE,0,7044,0
Kazakhstan,KAZ,1999,0,FALSE,TRUE,0,7925,0
Kazakhstan,KAZ,2000,0,FALSE,TRUE,0,3297,0
Kazakhstan,KAZ,2001,0,FALSE,TRUE,0,878,0
Kazakhstan,KAZ,2002,0,FALSE,TRUE,0,3565,0
Kazakhstan,KAZ,2003,0,FALSE,TRUE,0,1138,0
Kazakhstan,KAZ,2004,0,FALSE,TRUE,0,1475,0
Kazakhstan,KAZ,2005,0,FALSE,TRUE,0,2696,0
Kazakhstan,KAZ,2006,0,FALSE,TRUE,0,2245,0
Kazakhstan,KAZ,2007,0,FALSE,TRUE,0,1541,0
Kazakhstan,KAZ,2008,0,FALSE,TRUE,0,1926,0
Kazakhstan,KAZ,2009,0,FALSE,TRUE,0,2020,0
Kazakhstan,KAZ,2010,1,TRUE,FALSE,0.3010299956639812,1988,5.030181086519115e-4
Kazakhstan,KAZ,2011,0,FALSE,TRUE,0,826,0
Kazakhstan,KAZ,2012,0,FALSE,TRUE,0,325,0
Kazakhstan,KAZ,2013,0,FALSE,TRUE,0,565,0
Kazakhstan,KAZ,2014,0,FALSE,TRUE,0,469,0
Kazakhstan,KAZ,2015,0,FALSE,TRUE,0,139,0
Kazakhstan,KAZ,2016,0,FALSE,TRUE,0,49,0
Kazakhstan,KAZ,2017,0,FALSE,TRUE,0,131,0
Kazakhstan,KAZ,2018,0,FALSE,TRUE,0,203,0
Kazakhstan,KAZ,2019,0,FALSE,TRUE,0,656,0
Kazakhstan,KAZ,2020,0,FALSE,TRUE,0,1871,0
Kenya,KEN,1980,3185,TRUE,FALSE,3.503245771465113,368410,0.008645259357780733
Kenya,KEN,1981,1876,TRUE,FALSE,3.273464272621346,460159,0.004076851696913458
Kenya,KEN,1982,1778,TRUE,FALSE,3.250175948083925,361396,0.004919810955295576
Kenya,KEN,1983,1379,TRUE,FALSE,3.1398790864012365,279811,0.004928326620468816
Kenya,KEN,1984,805,TRUE,FALSE,2.906335041805091,245588,0.0032778474518298938
Kenya,KEN,1985,2576,TRUE,FALSE,3.4111144185509046,269381,0.009562664033469325
Kenya,KEN,1986,931,TRUE,FALSE,2.9694159123539814,229922,0.004049199293673506
Kenya,KEN,1987,63,TRUE,FALSE,1.806179973983887,277781,2.2679736915051784e-4
Kenya,KEN,1988,11816,TRUE,FALSE,4.072507235528804,241624,0.04890242691123398
Kenya,KEN,1989,10913,TRUE,FALSE,4.037983949447127,155499,0.0701805156303256
Kenya,KEN,1990,10696,TRUE,FALSE,4.029261995804175,131538,0.08131490519849777
Kenya,KEN,1991,70,TRUE,FALSE,1.8512583487190752,81574,8.58116556746022e-4
Kenya,KEN,1992,0,FALSE,TRUE,0,100113,0
Kenya,KEN,1993,14,TRUE,FALSE,1.1760912590556811,73500,1.9047619047619048e-4
Kenya,KEN,1994,756,TRUE,FALSE,2.8790958795000727,60662,0.012462497115162705
Kenya,KEN,1995,84,TRUE,FALSE,1.9294189257142929,49301,0.0017038193951441148
Kenya,KEN,1996,0,FALSE,TRUE,0,4517,0
Kenya,KEN,1997,16,TRUE,FALSE,1.230448921378274,5755,0.002780191138140747
Kenya,KEN,1998,121,TRUE,FALSE,2.0863598306747484,7044,0.017177739920499716
Kenya,KEN,1999,175,TRUE,FALSE,2.24551266781415,7925,0.022082018927444796
Kenya,KEN,2000,0,FALSE,TRUE,0,3297,0
Kenya,KEN,2001,0,FALSE,TRUE,0,878,0
Kenya,KEN,2002,0,FALSE,TRUE,0,3565,0
Kenya,KEN,2003,0,FALSE,TRUE,0,1138,0
Kenya,KEN,2004,0,FALSE,TRUE,0,1475,0
Kenya,KEN,2005,0,FALSE,TRUE,0,2696,0
Kenya,KEN,2006,4,TRUE,FALSE,0.6989700043360189,2245,0.0017817371937639199
Kenya,KEN,2007,0,FALSE,TRUE,0,1541,0
Kenya,KEN,2008,0,FALSE,TRUE,0,1926,0
Kenya,KEN,2009,21,TRUE,FALSE,1.3424226808222062,2020,0.010396039603960397
Kenya,KEN,2010,0,FALSE,TRUE,0,1988,0
Kenya,KEN,2011,1,TRUE,FALSE,0.3010299956639812,826,0.0012106537530266344
Kenya,KEN,2012,3,TRUE,FALSE,0.6020599913279624,325,0.009230769230769232
Kenya,KEN,2013,16,TRUE,FALSE,1.230448921378274,565,0.02831858407079646
Kenya,KEN,2014,0,FALSE,TRUE,0,469,0
Kenya,KEN,2015,0,FALSE,TRUE,0,139,0
Kenya,KEN,2016,0,FALSE,TRUE,0,49,0
Kenya,KEN,2017,0,FALSE,TRUE,0,131,0
Kenya,KEN,2018,0,FALSE,TRUE,0,203,0
Kenya,KEN,2019,0,FALSE,TRUE,0,656,0
Kenya,KEN,2020,0,FALSE,TRUE,0,1871,0
Kiribati,KIR,1980,0,FALSE,TRUE,0,368410,0
Kiribati,KIR,1981,0,FALSE,TRUE,0,460159,0
Kiribati,KIR,1982,0,FALSE,TRUE,0,361396,0
Kiribati,KIR,1983,0,FALSE,TRUE,0,279811,0
Kiribati,KIR,1984,0,FALSE,TRUE,0,245588,0
Kiribati,KIR,1985,0,FALSE,TRUE,0,269381,0
Kiribati,KIR,1986,0,FALSE,TRUE,0,229922,0
Kiribati,KIR,1987,0,FALSE,TRUE,0,277781,0
Kiribati,KIR,1988,0,FALSE,TRUE,0,241624,0
Kiribati,KIR,1989,0,FALSE,TRUE,0,155499,0
Kiribati,KIR,1990,0,FALSE,TRUE,0,131538,0
Kiribati,KIR,1991,0,FALSE,TRUE,0,81574,0
Kiribati,KIR,1992,0,FALSE,TRUE,0,100113,0
Kiribati,KIR,1993,0,FALSE,TRUE,0,73500,0
Kiribati,KIR,1994,0,FALSE,TRUE,0,60662,0
Kiribati,KIR,1995,0,FALSE,TRUE,0,49301,0
Kiribati,KIR,1996,0,FALSE,TRUE,0,4517,0
Kiribati,KIR,1997,0,FALSE,TRUE,0,5755,0
Kiribati,KIR,1998,0,FALSE,TRUE,0,7044,0
Kiribati,KIR,1999,0,FALSE,TRUE,0,7925,0
Kiribati,KIR,2000,0,FALSE,TRUE,0,3297,0
Kiribati,KIR,2001,0,FALSE,TRUE,0,878,0
Kiribati,KIR,2002,0,FALSE,TRUE,0,3565,0
Kiribati,KIR,2003,0,FALSE,TRUE,0,1138,0
Kiribati,KIR,2004,0,FALSE,TRUE,0,1475,0
Kiribati,KIR,2005,0,FALSE,TRUE,0,2696,0
Kiribati,KIR,2006,0,FALSE,TRUE,0,2245,0
Kiribati,KIR,2007,0,FALSE,TRUE,0,1541,0
Kiribati,KIR,2008,0,FALSE,TRUE,0,1926,0
Kiribati,KIR,2010,0,FALSE,TRUE,0,1988,0
Kuwait,KWT,1980,224,TRUE,FALSE,2.3521825181113627,368410,6.080182405472165e-4
Kuwait,KWT,1981,63,TRUE,FALSE,1.806179973983887,460159,1.369091987769445e-4
Kuwait,KWT,1982,42,TRUE,FALSE,1.6334684555795864,361396,1.1621600681800573e-4
Kuwait,KWT,1983,14,TRUE,FALSE,1.1760912590556811,279811,5.003377279663773e-5
Kuwait,KWT,1984,0,FALSE,TRUE,0,245588,0
Kuwait,KWT,1985,14,TRUE,FALSE,1.1760912590556811,269381,5.1971000181898504e-5
Kuwait,KWT,1986,0,FALSE,TRUE,0,229922,0
Kuwait,KWT,1987,0,FALSE,TRUE,0,277781,0
Kuwait,KWT,1988,0,FALSE,TRUE,0,241624,0
Kuwait,KWT,1989,0,FALSE,TRUE,0,155499,0
Kuwait,KWT,1990,0,FALSE,TRUE,0,131538,0
Kuwait,KWT,1991,0,FALSE,TRUE,0,81574,0
Kuwait,KWT,1992,0,FALSE,TRUE,0,100113,0
Kuwait,KWT,1993,0,FALSE,TRUE,0,73500,0
Kuwait,KWT,1994,0,FALSE,TRUE,0,60662,0
Kuwait,KWT,1995,0,FALSE,TRUE,0,49301,0
Kuwait,KWT,1996,0,FALSE,TRUE,0,4517,0
Kuwait,KWT,1997,0,FALSE,TRUE,0,5755,0
Kuwait,KWT,1998,0,FALSE,TRUE,0,7044,0
Kuwait,KWT,1999,0,FALSE,TRUE,0,7925,0
Kuwait,KWT,2000,0,FALSE,TRUE,0,3297,0
Kuwait,KWT,2001,0,FALSE,TRUE,0,878,0
Kuwait,KWT,2002,0,FALSE,TRUE,0,3565,0
Kuwait,KWT,2003,0,FALSE,TRUE,0,1138,0
Kuwait,KWT,2004,0,FALSE,TRUE,0,1475,0
Kuwait,KWT,2005,0,FALSE,TRUE,0,2696,0
Kuwait,KWT,2006,0,FALSE,TRUE,0,2245,0
Kuwait,KWT,2007,0,FALSE,TRUE,0,1541,0
Kuwait,KWT,2008,0,FALSE,TRUE,0,1926,0
Kuwait,KWT,2009,0,FALSE,TRUE,0,2020,0
Kuwait,KWT,2010,0,FALSE,TRUE,0,1988,0
Kuwait,KWT,2011,0,FALSE,TRUE,0,826,0
Kuwait,KWT,2012,0,FALSE,TRUE,0,325,0
Kuwait,KWT,2013,0,FALSE,TRUE,0,565,0
Kuwait,KWT,2014,0,FALSE,TRUE,0,469,0
Kuwait,KWT,2015,0,FALSE,TRUE,0,139,0
Kuwait,KWT,2016,0,FALSE,TRUE,0,49,0
Kuwait,KWT,2017,0,FALSE,TRUE,0,131,0
Kuwait,KWT,2018,0,FALSE,TRUE,0,203,0
Kuwait,KWT,2019,0,FALSE,TRUE,0,656,0
Kuwait,KWT,2020,0,FALSE,TRUE,0,1871,0
Kyrgyzstan,KGZ,1991,28,TRUE,FALSE,1.462397997898956,81574,3.432466226984088e-4
Kyrgyzstan,KGZ,1992,35,TRUE,FALSE,1.5563025007672873,100113,3.496049464105561e-4
Kyrgyzstan,KGZ,1993,0,FALSE,TRUE,0,73500,0
Kyrgyzstan,KGZ,1994,0,FALSE,TRUE,0,60662,0
Kyrgyzstan,KGZ,1995,0,FALSE,TRUE,0,49301,0
Kyrgyzstan,KGZ,1996,0,FALSE,TRUE,0,4517,0
Kyrgyzstan,KGZ,1997,0,FALSE,TRUE,0,5755,0
Kyrgyzstan,KGZ,1998,0,FALSE,TRUE,0,7044,0
Kyrgyzstan,KGZ,1999,0,FALSE,TRUE,0,7925,0
Kyrgyzstan,KGZ,2000,0,FALSE,TRUE,0,3297,0
Kyrgyzstan,KGZ,2001,0,FALSE,TRUE,0,878,0
Kyrgyzstan,KGZ,2002,0,FALSE,TRUE,0,3565,0
Kyrgyzstan,KGZ,2003,0,FALSE,TRUE,0,1138,0
Kyrgyzstan,KGZ,2004,0,FALSE,TRUE,0,1475,0
Kyrgyzstan,KGZ,2005,0,FALSE,TRUE,0,2696,0
Kyrgyzstan,KGZ,2006,0,FALSE,TRUE,0,2245,0
Kyrgyzstan,KGZ,2007,0,FALSE,TRUE,0,1541,0
Kyrgyzstan,KGZ,2008,0,FALSE,TRUE,0,1926,0
Kyrgyzstan,KGZ,2009,0,FALSE,TRUE,0,2020,0
Kyrgyzstan,KGZ,2010,0,FALSE,TRUE,0,1988,0
Kyrgyzstan,KGZ,2011,0,FALSE,TRUE,0,826,0
Kyrgyzstan,KGZ,2012,0,FALSE,TRUE,0,325,0
Kyrgyzstan,KGZ,2013,0,FALSE,TRUE,0,565,0
Kyrgyzstan,KGZ,2014,0,FALSE,TRUE,0,469,0
Kyrgyzstan,KGZ,2015,0,FALSE,TRUE,0,139,0
Kyrgyzstan,KGZ,2016,0,FALSE,TRUE,0,49,0
Kyrgyzstan,KGZ,2017,0,FALSE,TRUE,0,131,0
Kyrgyzstan,KGZ,2018,0,FALSE,TRUE,0,203,0
Kyrgyzstan,KGZ,2019,0,FALSE,TRUE,0,656,0
Kyrgyzstan,KGZ,2020,0,FALSE,TRUE,0,1871,0
Laos,LAO,1980,8162,TRUE,FALSE,3.91184979649942,368410,0.0221546646399392
Laos,LAO,1982,322,TRUE,FALSE,2.509202522331103,361396,8.909893856047106e-4
Laos,LAO,1983,168,TRUE,FALSE,2.2278867046136734,279811,6.004052735596527e-4
Laos,LAO,1984,91,TRUE,FALSE,1.9637878273455551,245588,3.705392771633793e-4
Laos,LAO,1985,3661,TRUE,FALSE,3.5637183399656776,269381,0.013590416547566458
Laos,LAO,1986,1274,TRUE,FALSE,3.1055101847699738,229922,0.005541009559763746
Laos,LAO,1987,3360,TRUE,FALSE,3.5264685124694775,277781,0.01209585968802762
Laos,LAO,1988,1078,TRUE,FALSE,3.0330214446829107,241624,0.004461477336688408
Laos,LAO,1989,637,TRUE,FALSE,2.8048206787211623,155499,0.004096489366491103
Laos,LAO,1990,126,TRUE,FALSE,2.103803720955957,131538,9.578980978880628e-4
Laos,LAO,1991,14,TRUE,FALSE,1.1760912590556811,81574,1.716233113492044e-4
Laos,LAO,1992,49,TRUE,FALSE,1.6989700043360187,100113,4.894469249747785e-4
Laos,LAO,1993,49,TRUE,FALSE,1.6989700043360187,73500,6.666666666666666e-4
Laos,LAO,1994,42,TRUE,FALSE,1.6334684555795864,60662,6.923609508423724e-4
Laos,LAO,1995,56,TRUE,FALSE,1.7558748556724917,49301,0.0011358795967627432
Laos,LAO,1996,23,TRUE,FALSE,1.380211241711606,4517,0.005091875138366172
Laos,LAO,1997,0,FALSE,TRUE,0,5755,0
Laos,LAO,1998,0,FALSE,TRUE,0,7044,0
Laos,LAO,1999,0,FALSE,TRUE,0,7925,0
Laos,LAO,2000,0,FALSE,TRUE,0,3297,0
Laos,LAO,2001,0,FALSE,TRUE,0,878,0
Laos,LAO,2002,0,FALSE,TRUE,0,3565,0
Laos,LAO,2003,0,FALSE,TRUE,0,1138,0
Laos,LAO,2004,0,FALSE,TRUE,0,1475,0
Laos,LAO,2005,0,FALSE,TRUE,0,2696,0
Laos,LAO,2006,0,FALSE,TRUE,0,2245,0
Laos,LAO,2007,0,FALSE,TRUE,0,1541,0
Laos,LAO,2008,0,FALSE,TRUE,0,1926,0
Laos,LAO,2009,0,FALSE,TRUE,0,2020,0
Laos,LAO,2010,0,FALSE,TRUE,0,1988,0
Laos,LAO,2011,0,FALSE,TRUE,0,826,0
Laos,LAO,2012,0,FALSE,TRUE,0,325,0
Laos,LAO,2013,0,FALSE,TRUE,0,565,0
Laos,LAO,2014,0,FALSE,TRUE,0,469,0
Laos,LAO,2015,16,TRUE,FALSE,1.230448921378274,139,0.11510791366906475
Laos,LAO,2016,6,TRUE,FALSE,0.8450980400142568,49,0.12244897959183673
Laos,LAO,2017,0,FALSE,TRUE,0,131,0
Laos,LAO,2018,0,FALSE,TRUE,0,203,0
Laos,LAO,2019,0,FALSE,TRUE,0,656,0
Laos,LAO,2020,0,FALSE,TRUE,0,1871,0
Latvia,LVA,1991,0,FALSE,TRUE,0,81574,0
Latvia,LVA,1992,0,FALSE,TRUE,0,100113,0
Latvia,LVA,1993,0,FALSE,TRUE,0,73500,0
Latvia,LVA,1994,0,FALSE,TRUE,0,60662,0
Latvia,LVA,1995,0,FALSE,TRUE,0,49301,0
Latvia,LVA,1996,0,FALSE,TRUE,0,4517,0
Latvia,LVA,1997,0,FALSE,TRUE,0,5755,0
Latvia,LVA,1998,0,FALSE,TRUE,0,7044,0
Latvia,LVA,1999,0,FALSE,TRUE,0,7925,0
Latvia,LVA,2000,0,FALSE,TRUE,0,3297,0
Latvia,LVA,2001,0,FALSE,TRUE,0,878,0
Latvia,LVA,2002,0,FALSE,TRUE,0,3565,0
Latvia,LVA,2003,0,FALSE,TRUE,0,1138,0
Latvia,LVA,2004,0,FALSE,TRUE,0,1475,0
Latvia,LVA,2005,0,FALSE,TRUE,0,2696,0
Latvia,LVA,2006,0,FALSE,TRUE,0,2245,0
Latvia,LVA,2007,0,FALSE,TRUE,0,1541,0
Latvia,LVA,2008,0,FALSE,TRUE,0,1926,0
Latvia,LVA,2009,0,FALSE,TRUE,0,2020,0
Latvia,LVA,2010,0,FALSE,TRUE,0,1988,0
Latvia,LVA,2011,0,FALSE,TRUE,0,826,0
Latvia,LVA,2012,0,FALSE,TRUE,0,325,0
Latvia,LVA,2013,0,FALSE,TRUE,0,565,0
Latvia,LVA,2014,0,FALSE,TRUE,0,469,0
Latvia,LVA,2015,0,FALSE,TRUE,0,139,0
Latvia,LVA,2016,0,FALSE,TRUE,0,49,0
Latvia,LVA,2017,0,FALSE,TRUE,0,131,0
Latvia,LVA,2018,0,FALSE,TRUE,0,203,0
Latvia,LVA,2019,0,FALSE,TRUE,0,656,0
Latvia,LVA,2020,0,FALSE,TRUE,0,1871,0
Lebanon,LBN,1981,7,TRUE,FALSE,0.9030899869919436,460159,1.5212133197438277e-5
Lebanon,LBN,1983,280,TRUE,FALSE,2.44870631990508,279811,0.0010006754559327546
Lebanon,LBN,1984,21,TRUE,FALSE,1.3424226808222062,245588,8.550906396077984e-5
Lebanon,LBN,1985,21,TRUE,FALSE,1.3424226808222062,269381,7.795650027284775e-5
Lebanon,LBN,1986,14,TRUE,FALSE,1.1760912590556811,229922,6.0890214942458744e-5
Lebanon,LBN,1987,0,FALSE,TRUE,0,277781,0
Lebanon,LBN,1988,0,FALSE,TRUE,0,241624,0
Lebanon,LBN,1990,14,TRUE,FALSE,1.1760912590556811,131538,1.0643312198756252e-4
Lebanon,LBN,1991,35,TRUE,FALSE,1.5563025007672873,81574,4.29058278373011e-4
Lebanon,LBN,1992,0,FALSE,TRUE,0,100113,0
Lebanon,LBN,1993,0,FALSE,TRUE,0,73500,0
Lebanon,LBN,1994,14,TRUE,FALSE,1.1760912590556811,60662,2.3078698361412417e-4
Lebanon,LBN,1995,0,FALSE,TRUE,0,49301,0
Lebanon,LBN,1996,0,FALSE,TRUE,0,4517,0
Lebanon,LBN,1997,0,FALSE,TRUE,0,5755,0
Lebanon,LBN,1998,0,FALSE,TRUE,0,7044,0
Lebanon,LBN,1999,0,FALSE,TRUE,0,7925,0
Lebanon,LBN,2000,0,FALSE,TRUE,0,3297,0
Lebanon,LBN,2001,0,FALSE,TRUE,0,878,0
Lebanon,LBN,2002,0,FALSE,TRUE,0,3565,0
Lebanon,LBN,2003,2,TRUE,FALSE,0.4771212547196624,1138,0.0017574692442882249
Lebanon,LBN,2004,0,FALSE,TRUE,0,1475,0
Lebanon,LBN,2005,0,FALSE,TRUE,0,2696,0
Lebanon,LBN,2006,0,FALSE,TRUE,0,2245,0
Lebanon,LBN,2007,0,FALSE,TRUE,0,1541,0
Lebanon,LBN,2008,0,FALSE,TRUE,0,1926,0
Lebanon,LBN,2009,0,FALSE,TRUE,0,2020,0
Lebanon,LBN,2010,0,FALSE,TRUE,0,1988,0
Lebanon,LBN,2011,0,FALSE,TRUE,0,826,0
Lebanon,LBN,2012,0,FALSE,TRUE,0,325,0
Lebanon,LBN,2013,0,FALSE,TRUE,0,565,0
Lebanon,LBN,2014,0,FALSE,TRUE,0,469,0
Lebanon,LBN,2015,0,FALSE,TRUE,0,139,0
Lebanon,LBN,2016,0,FALSE,TRUE,0,49,0
Lebanon,LBN,2017,0,FALSE,TRUE,0,131,0
Lebanon,LBN,2018,0,FALSE,TRUE,0,203,0
Lebanon,LBN,2019,0,FALSE,TRUE,0,656,0
Lebanon,LBN,2020,0,FALSE,TRUE,0,1871,0
Lesotho,LSO,1980,252,TRUE,FALSE,2.403120521175818,368410,6.840205206156185e-4
Lesotho,LSO,1981,140,TRUE,FALSE,2.1492191126553797,460159,3.042426639487655e-4
Lesotho,LSO,1982,133,TRUE,FALSE,2.1271047983648077,361396,3.6801735492368484e-4
Lesotho,LSO,1983,112,TRUE,FALSE,2.0530784434834195,279811,4.0027018237310185e-4
Lesotho,LSO,1984,210,TRUE,FALSE,2.3242824552976926,245588,8.550906396077984e-4
Lesotho,LSO,1985,203,TRUE,FALSE,2.3096301674258988,269381,7.535795026375283e-4
Lesotho,LSO,1986,147,TRUE,FALSE,2.1702617153949575,229922,6.393472568958169e-4
Lesotho,LSO,1987,28,TRUE,FALSE,1.462397997898956,277781,1.0079883073356349e-4
Lesotho,LSO,1988,0,FALSE,TRUE,0,241624,0
Lesotho,LSO,1989,0,FALSE,TRUE,0,155499,0
Lesotho,LSO,1990,0,FALSE,TRUE,0,131538,0
Lesotho,LSO,1991,0,FALSE,TRUE,0,81574,0
Lesotho,LSO,1992,0,FALSE,TRUE,0,100113,0
Lesotho,LSO,1993,0,FALSE,TRUE,0,73500,0
Lesotho,LSO,1994,0,FALSE,TRUE,0,60662,0
Lesotho,LSO,1995,0,FALSE,TRUE,0,49301,0
Lesotho,LSO,1996,0,FALSE,TRUE,0,4517,0
Lesotho,LSO,1997,0,FALSE,TRUE,0,5755,0
Lesotho,LSO,1998,3,TRUE,FALSE,0.6020599913279624,7044,4.2589437819420784e-4
Lesotho,LSO,1999,0,FALSE,TRUE,0,7925,0
Lesotho,LSO,2000,0,FALSE,TRUE,0,3297,0
Lesotho,LSO,2001,0,FALSE,TRUE,0,878,0
Lesotho,LSO,2002,0,FALSE,TRUE,0,3565,0
Lesotho,LSO,2003,0,FALSE,TRUE,0,1138,0
Lesotho,LSO,2004,0,FALSE,TRUE,0,1475,0
Lesotho,LSO,2005,0,FALSE,TRUE,0,2696,0
Lesotho,LSO,2006,0,FALSE,TRUE,0,2245,0
Lesotho,LSO,2007,0,FALSE,TRUE,0,1541,0
Lesotho,LSO,2008,0,FALSE,TRUE,0,1926,0
Lesotho,LSO,2009,0,FALSE,TRUE,0,2020,0
Lesotho,LSO,2010,0,FALSE,TRUE,0,1988,0
Lesotho,LSO,2011,0,FALSE,TRUE,0,826,0
Lesotho,LSO,2012,0,FALSE,TRUE,0,325,0
Lesotho,LSO,2013,0,FALSE,TRUE,0,565,0
Lesotho,LSO,2014,0,FALSE,TRUE,0,469,0
Lesotho,LSO,2015,0,FALSE,TRUE,0,139,0
Lesotho,LSO,2016,0,FALSE,TRUE,0,49,0
Lesotho,LSO,2017,0,FALSE,TRUE,0,131,0
Lesotho,LSO,2018,0,FALSE,TRUE,0,203,0
Lesotho,LSO,2019,0,FALSE,TRUE,0,656,0
Lesotho,LSO,2020,0,FALSE,TRUE,0,1871,0
Liberia,LBR,1980,686,TRUE,FALSE,2.8369567370595505,368410,0.0018620558616758503
Liberia,LBR,1981,14,TRUE,FALSE,1.1760912590556811,460159,3.0424266394876555e-5
Liberia,LBR,1982,28,TRUE,FALSE,1.462397997898956,361396,7.74773378786705e-5
Liberia,LBR,1983,14,TRUE,FALSE,1.1760912590556811,279811,5.003377279663773e-5
Liberia,LBR,1984,28,TRUE,FALSE,1.462397997898956,245588,1.1401208528103979e-4
Liberia,LBR,1985,14,TRUE,FALSE,1.1760912590556811,269381,5.1971000181898504e-5
Liberia,LBR,1986,42,TRUE,FALSE,1.6334684555795864,229922,1.8267064482737624e-4
Liberia,LBR,1987,28,TRUE,FALSE,1.462397997898956,277781,1.0079883073356349e-4
Liberia,LBR,1988,42,TRUE,FALSE,1.6334684555795864,241624,1.7382379233850943e-4
Liberia,LBR,1989,84,TRUE,FALSE,1.9294189257142929,155499,5.401963999768487e-4
Liberia,LBR,1992,0,FALSE,TRUE,0,100113,0
Liberia,LBR,1993,21,TRUE,FALSE,1.3424226808222062,73500,2.8571428571428574e-4
Liberia,LBR,1994,42,TRUE,FALSE,1.6334684555795864,60662,6.923609508423724e-4
Liberia,LBR,1995,0,FALSE,TRUE,0,49301,0
Liberia,LBR,1996,2,TRUE,FALSE,0.4771212547196624,4517,4.4277175116227583e-4
Liberia,LBR,1997,0,FALSE,TRUE,0,5755,0
Liberia,LBR,1998,0,FALSE,TRUE,0,7044,0
Liberia,LBR,1999,47,TRUE,FALSE,1.6812412373755872,7925,0.005930599369085174
Liberia,LBR,2000,0,FALSE,TRUE,0,3297,0
Liberia,LBR,2001,0,FALSE,TRUE,0,878,0
Liberia,LBR,2002,0,FALSE,TRUE,0,3565,0
Liberia,LBR,2003,0,FALSE,TRUE,0,1138,0
Liberia,LBR,2004,0,FALSE,TRUE,0,1475,0
Liberia,LBR,2005,0,FALSE,TRUE,0,2696,0
Liberia,LBR,2006,0,FALSE,TRUE,0,2245,0
Liberia,LBR,2007,0,FALSE,TRUE,0,1541,0
Liberia,LBR,2008,0,FALSE,TRUE,0,1926,0
Liberia,LBR,2009,12,TRUE,FALSE,1.1139433523068367,2020,0.005940594059405941
Liberia,LBR,2010,2,TRUE,FALSE,0.4771212547196624,1988,0.001006036217303823
Liberia,LBR,2011,0,FALSE,TRUE,0,826,0
Liberia,LBR,2012,0,FALSE,TRUE,0,325,0
Liberia,LBR,2013,0,FALSE,TRUE,0,565,0
Liberia,LBR,2014,0,FALSE,TRUE,0,469,0
Liberia,LBR,2015,0,FALSE,TRUE,0,139,0
Liberia,LBR,2016,0,FALSE,TRUE,0,49,0
Liberia,LBR,2017,0,FALSE,TRUE,0,131,0
Liberia,LBR,2018,0,FALSE,TRUE,0,203,0
Liberia,LBR,2019,0,FALSE,TRUE,0,656,0
Liberia,LBR,2020,0,FALSE,TRUE,0,1871,0
Libya,LBY,1980,210,TRUE,FALSE,2.3242824552976926,368410,5.700171005130154e-4
Libya,LBY,1981,231,TRUE,FALSE,2.3654879848909,460159,5.020003955154631e-4
Libya,LBY,1982,1218,TRUE,FALSE,3.0860037056183818,361396,0.0033702641977221663
Libya,LBY,1983,203,TRUE,FALSE,2.3096301674258988,279811,7.25489705551247e-4
Libya,LBY,1984,56,TRUE,FALSE,1.7558748556724917,245588,2.2802417056207958e-4
Libya,LBY,1985,14,TRUE,FALSE,1.1760912590556811,269381,5.1971000181898504e-5
Libya,LBY,1986,175,TRUE,FALSE,2.24551266781415,229922,7.611276867807343e-4
Libya,LBY,1987,196,TRUE,FALSE,2.294466226161593,277781,7.055918151349444e-4
Libya,LBY,1988,70,TRUE,FALSE,1.8512583487190752,241624,2.897063205641824e-4
Libya,LBY,1989,28,TRUE,FALSE,1.462397997898956,155499,1.8006546665894958e-4
Libya,LBY,1990,35,TRUE,FALSE,1.5563025007672873,131538,2.660828049689063e-4
Libya,LBY,1991,42,TRUE,FALSE,1.6334684555795864,81574,5.148699340476132e-4
Libya,LBY,1992,0,FALSE,TRUE,0,100113,0
Libya,LBY,1993,0,FALSE,TRUE,0,73500,0
Libya,LBY,1994,0,FALSE,TRUE,0,60662,0
Libya,LBY,1995,0,FALSE,TRUE,0,49301,0
Libya,LBY,1996,0,FALSE,TRUE,0,4517,0
Libya,LBY,1997,0,FALSE,TRUE,0,5755,0
Libya,LBY,1998,0,FALSE,TRUE,0,7044,0
Libya,LBY,1999,0,FALSE,TRUE,0,7925,0
Libya,LBY,2000,0,FALSE,TRUE,0,3297,0
Libya,LBY,2001,0,FALSE,TRUE,0,878,0
Libya,LBY,2002,0,FALSE,TRUE,0,3565,0
Libya,LBY,2003,0,FALSE,TRUE,0,1138,0
Libya,LBY,2004,0,FALSE,TRUE,0,1475,0
Libya,LBY,2005,0,FALSE,TRUE,0,2696,0
Libya,LBY,2006,0,FALSE,TRUE,0,2245,0
Libya,LBY,2007,0,FALSE,TRUE,0,1541,0
Libya,LBY,2008,0,FALSE,TRUE,0,1926,0
Libya,LBY,2009,0,FALSE,TRUE,0,2020,0
Libya,LBY,2010,0,FALSE,TRUE,0,1988,0
Libya,LBY,2011,0,FALSE,TRUE,0,826,0
Libya,LBY,2012,0,FALSE,TRUE,0,325,0
Libya,LBY,2013,0,FALSE,TRUE,0,565,0
Libya,LBY,2014,0,FALSE,TRUE,0,469,0
Libya,LBY,2015,0,FALSE,TRUE,0,139,0
Libya,LBY,2016,0,FALSE,TRUE,0,49,0
Libya,LBY,2017,0,FALSE,TRUE,0,131,0
Libya,LBY,2018,0,FALSE,TRUE,0,203,0
Libya,LBY,2019,0,FALSE,TRUE,0,656,0
Libya,LBY,2020,0,FALSE,TRUE,0,1871,0
Lithuania,LTU,1991,0,FALSE,TRUE,0,81574,0
Lithuania,LTU,1992,0,FALSE,TRUE,0,100113,0
Lithuania,LTU,1993,0,FALSE,TRUE,0,73500,0
Lithuania,LTU,1994,0,FALSE,TRUE,0,60662,0
Lithuania,LTU,1995,0,FALSE,TRUE,0,49301,0
Lithuania,LTU,1996,0,FALSE,TRUE,0,4517,0
Lithuania,LTU,1997,0,FALSE,TRUE,0,5755,0
Lithuania,LTU,1998,0,FALSE,TRUE,0,7044,0
Lithuania,LTU,1999,0,FALSE,TRUE,0,7925,0
Lithuania,LTU,2000,0,FALSE,TRUE,0,3297,0
Lithuania,LTU,2001,0,FALSE,TRUE,0,878,0
Lithuania,LTU,2002,0,FALSE,TRUE,0,3565,0
Lithuania,LTU,2003,0,FALSE,TRUE,0,1138,0
Lithuania,LTU,2004,0,FALSE,TRUE,0,1475,0
Lithuania,LTU,2005,0,FALSE,TRUE,0,2696,0
Lithuania,LTU,2006,0,FALSE,TRUE,0,2245,0
Lithuania,LTU,2007,0,FALSE,TRUE,0,1541,0
Lithuania,LTU,2008,0,FALSE,TRUE,0,1926,0
Lithuania,LTU,2009,0,FALSE,TRUE,0,2020,0
Lithuania,LTU,2010,0,FALSE,TRUE,0,1988,0
Lithuania,LTU,2011,0,FALSE,TRUE,0,826,0
Lithuania,LTU,2012,0,FALSE,TRUE,0,325,0
Lithuania,LTU,2013,0,FALSE,TRUE,0,565,0
Lithuania,LTU,2014,0,FALSE,TRUE,0,469,0
Lithuania,LTU,2015,0,FALSE,TRUE,0,139,0
Lithuania,LTU,2016,0,FALSE,TRUE,0,49,0
Lithuania,LTU,2017,0,FALSE,TRUE,0,131,0
Lithuania,LTU,2018,0,FALSE,TRUE,0,203,0
Lithuania,LTU,2019,0,FALSE,TRUE,0,656,0
Lithuania,LTU,2020,0,FALSE,TRUE,0,1871,0
Luxembourg,LUX,1980,0,FALSE,TRUE,0,368410,0
Luxembourg,LUX,1981,0,FALSE,TRUE,0,460159,0
Luxembourg,LUX,1982,0,FALSE,TRUE,0,361396,0
Luxembourg,LUX,1983,0,FALSE,TRUE,0,279811,0
Luxembourg,LUX,1984,0,FALSE,TRUE,0,245588,0
Luxembourg,LUX,1985,0,FALSE,TRUE,0,269381,0
Luxembourg,LUX,1986,0,FALSE,TRUE,0,229922,0
Luxembourg,LUX,1987,0,FALSE,TRUE,0,277781,0
Luxembourg,LUX,1988,0,FALSE,TRUE,0,241624,0
Luxembourg,LUX,1989,0,FALSE,TRUE,0,155499,0
Luxembourg,LUX,1990,0,FALSE,TRUE,0,131538,0
Luxembourg,LUX,1991,0,FALSE,TRUE,0,81574,0
Luxembourg,LUX,1992,0,FALSE,TRUE,0,100113,0
Luxembourg,LUX,1993,0,FALSE,TRUE,0,73500,0
Luxembourg,LUX,1994,0,FALSE,TRUE,0,60662,0
Luxembourg,LUX,1995,0,FALSE,TRUE,0,49301,0
Luxembourg,LUX,1996,0,FALSE,TRUE,0,4517,0
Luxembourg,LUX,1997,0,FALSE,TRUE,0,5755,0
Luxembourg,LUX,1998,0,FALSE,TRUE,0,7044,0
Luxembourg,LUX,1999,0,FALSE,TRUE,0,7925,0
Luxembourg,LUX,2000,0,FALSE,TRUE,0,3297,0
Luxembourg,LUX,2001,0,FALSE,TRUE,0,878,0
Luxembourg,LUX,2002,0,FALSE,TRUE,0,3565,0
Luxembourg,LUX,2003,0,FALSE,TRUE,0,1138,0
Luxembourg,LUX,2004,0,FALSE,TRUE,0,1475,0
Luxembourg,LUX,2006,0,FALSE,TRUE,0,2245,0
Luxembourg,LUX,2007,0,FALSE,TRUE,0,1541,0
Luxembourg,LUX,2008,0,FALSE,TRUE,0,1926,0
Luxembourg,LUX,2009,0,FALSE,TRUE,0,2020,0
Luxembourg,LUX,2010,0,FALSE,TRUE,0,1988,0
Luxembourg,LUX,2011,0,FALSE,TRUE,0,826,0
Luxembourg,LUX,2012,0,FALSE,TRUE,0,325,0
Luxembourg,LUX,2013,0,FALSE,TRUE,0,565,0
Luxembourg,LUX,2014,0,FALSE,TRUE,0,469,0
Luxembourg,LUX,2015,0,FALSE,TRUE,0,139,0
Luxembourg,LUX,2016,0,FALSE,TRUE,0,49,0
Luxembourg,LUX,2017,0,FALSE,TRUE,0,131,0
Luxembourg,LUX,2018,0,FALSE,TRUE,0,203,0
Luxembourg,LUX,2019,0,FALSE,TRUE,0,656,0
Luxembourg,LUX,2020,0,FALSE,TRUE,0,1871,0
Macao,MAC,2001,0,FALSE,TRUE,0,878,0
Macao,MAC,2002,0,FALSE,TRUE,0,3565,0
Macao,MAC,2003,0,FALSE,TRUE,0,1138,0
Macao,MAC,2004,0,FALSE,TRUE,0,1475,0
Macao,MAC,2005,0,FALSE,TRUE,0,2696,0
Macao,MAC,2006,0,FALSE,TRUE,0,2245,0
Macao,MAC,2007,0,FALSE,TRUE,0,1541,0
Macao,MAC,2008,0,FALSE,TRUE,0,1926,0
Macao,MAC,2009,0,FALSE,TRUE,0,2020,0
Macao,MAC,2010,0,FALSE,TRUE,0,1988,0
Macao,MAC,2011,0,FALSE,TRUE,0,826,0
Macao,MAC,2012,0,FALSE,TRUE,0,325,0
Macao,MAC,2013,0,FALSE,TRUE,0,565,0
Macao,MAC,2014,0,FALSE,TRUE,0,469,0
Macao,MAC,2015,0,FALSE,TRUE,0,139,0
Macao,MAC,2016,0,FALSE,TRUE,0,49,0
Macao,MAC,2017,0,FALSE,TRUE,0,131,0
Macao,MAC,2018,0,FALSE,TRUE,0,203,0
Macao,MAC,2019,0,FALSE,TRUE,0,656,0
Macao,MAC,2020,0,FALSE,TRUE,0,1871,0
Madagascar,MDG,1980,476,TRUE,FALSE,2.678518379040114,368410,0.001292038761162835
Madagascar,MDG,1981,385,TRUE,FALSE,2.586587304671755,460159,8.366673258591052e-4
Madagascar,MDG,1982,308,TRUE,FALSE,2.4899584794248346,361396,8.522507166653754e-4
Madagascar,MDG,1983,511,TRUE,FALSE,2.709269960975831,279811,0.0018262327070772773
Madagascar,MDG,1984,161,TRUE,FALSE,2.2095150145426308,245588,6.555694903659788e-4
Madagascar,MDG,1985,147,TRUE,FALSE,2.1702617153949575,269381,5.456955019099343e-4
Madagascar,MDG,1986,266,TRUE,FALSE,2.4265112613645754,229922,0.0011569140839067162
Madagascar,MDG,1987,189,TRUE,FALSE,2.278753600952829,277781,6.803921074515536e-4
Madagascar,MDG,1988,294,TRUE,FALSE,2.469822015978163,241624,0.001216766546369566
Madagascar,MDG,1989,224,TRUE,FALSE,2.3521825181113627,155499,0.0014405237332715966
Madagascar,MDG,1990,273,TRUE,FALSE,2.437750562820388,131538,0.002075445878757469
Madagascar,MDG,1991,91,TRUE,FALSE,1.9637878273455551,81574,0.0011155515237698287
Madagascar,MDG,1992,119,TRUE,FALSE,2.0791812460476247,100113,0.0011886568177958906
Madagascar,MDG,1993,133,TRUE,FALSE,2.1271047983648077,73500,0.0018095238095238095
Madagascar,MDG,1994,77,TRUE,FALSE,1.8920946026904804,60662,0.001269328409877683
Madagascar,MDG,1995,0,FALSE,TRUE,0,49301,0
Madagascar,MDG,1996,1,TRUE,FALSE,0.3010299956639812,4517,2.2138587558113792e-4
Madagascar,MDG,1997,11,TRUE,FALSE,1.0791812460476249,5755,0.0019113814074717638
Madagascar,MDG,1998,7,TRUE,FALSE,0.9030899869919436,7044,9.937535491198182e-4
Madagascar,MDG,1999,0,FALSE,TRUE,0,7925,0
Madagascar,MDG,2000,0,FALSE,TRUE,0,3297,0
Madagascar,MDG,2001,2,TRUE,FALSE,0.4771212547196624,878,0.002277904328018223
Madagascar,MDG,2002,8,TRUE,FALSE,0.9542425094393248,3565,0.002244039270687237
Madagascar,MDG,2003,0,FALSE,TRUE,0,1138,0
Madagascar,MDG,2004,0,FALSE,TRUE,0,1475,0
Madagascar,MDG,2005,3,TRUE,FALSE,0.6020599913279624,2696,0.001112759643916914
Madagascar,MDG,2006,0,FALSE,TRUE,0,2245,0
Madagascar,MDG,2007,0,FALSE,TRUE,0,1541,0
Madagascar,MDG,2008,0,FALSE,TRUE,0,1926,0
Madagascar,MDG,2009,0,FALSE,TRUE,0,2020,0
Madagascar,MDG,2010,0,FALSE,TRUE,0,1988,0
Madagascar,MDG,2011,0,FALSE,TRUE,0,826,0
Madagascar,MDG,2012,0,FALSE,TRUE,0,325,0
Madagascar,MDG,2013,0,FALSE,TRUE,0,565,0
Madagascar,MDG,2014,1,TRUE,FALSE,0.3010299956639812,469,0.0021321961620469083
Madagascar,MDG,2015,20,TRUE,FALSE,1.3222192947339193,139,0.14388489208633093
Madagascar,MDG,2016,0,FALSE,TRUE,0,49,0
Madagascar,MDG,2017,0,FALSE,TRUE,0,131,0
Madagascar,MDG,2018,0,FALSE,TRUE,0,203,0
Madagascar,MDG,2019,0,FALSE,TRUE,0,656,0
Madagascar,MDG,2020,4,TRUE,FALSE,0.6989700043360189,1871,0.002137894174238375
Malawi,MWI,1980,490,TRUE,FALSE,2.6910814921229687,368410,0.001330039901197036
Malawi,MWI,1981,490,TRUE,FALSE,2.6910814921229687,460159,0.0010648493238206793
Malawi,MWI,1982,273,TRUE,FALSE,2.437750562820388,361396,7.554040443170372e-4
Malawi,MWI,1983,77,TRUE,FALSE,1.8920946026904804,279811,2.7518575038150753e-4
Malawi,MWI,1984,175,TRUE,FALSE,2.24551266781415,245588,7.125755330064987e-4
Malawi,MWI,1985,602,TRUE,FALSE,2.780317312140151,269381,0.0022347530078216356
Malawi,MWI,1986,511,TRUE,FALSE,2.709269960975831,229922,0.002222492845399744
Malawi,MWI,1987,217,TRUE,FALSE,2.3384564936046046,277781,7.81190938185117e-4
Malawi,MWI,1988,77,TRUE,FALSE,1.8920946026904804,241624,3.186769526206006e-4
Malawi,MWI,1989,28,TRUE,FALSE,1.462397997898956,155499,1.8006546665894958e-4
Malawi,MWI,1990,21,TRUE,FALSE,1.3424226808222062,131538,1.596496829813438e-4
Malawi,MWI,1991,21,TRUE,FALSE,1.3424226808222062,81574,2.574349670238066e-4
Malawi,MWI,1992,0,FALSE,TRUE,0,100113,0
Malawi,MWI,1993,0,FALSE,TRUE,0,73500,0
Malawi,MWI,1994,0,FALSE,TRUE,0,60662,0
Malawi,MWI,1995,0,FALSE,TRUE,0,49301,0
Malawi,MWI,1996,0,FALSE,TRUE,0,4517,0
Malawi,MWI,1997,2,TRUE,FALSE,0.4771212547196624,5755,3.475238922675934e-4
Malawi,MWI,1998,6,TRUE,FALSE,0.8450980400142568,7044,8.517887563884157e-4
Malawi,MWI,1999,0,FALSE,TRUE,0,7925,0
Malawi,MWI,2000,0,FALSE,TRUE,0,3297,0
Malawi,MWI,2001,0,FALSE,TRUE,0,878,0
Malawi,MWI,2002,0,FALSE,TRUE,0,3565,0
Malawi,MWI,2003,0,FALSE,TRUE,0,1138,0
Malawi,MWI,2004,0,FALSE,TRUE,0,1475,0
Malawi,MWI,2005,0,FALSE,TRUE,0,2696,0
Malawi,MWI,2006,0,FALSE,TRUE,0,2245,0
Malawi,MWI,2007,0,FALSE,TRUE,0,1541,0
Malawi,MWI,2008,0,FALSE,TRUE,0,1926,0
Malawi,MWI,2009,0,FALSE,TRUE,0,2020,0
Malawi,MWI,2010,0,FALSE,TRUE,0,1988,0
Malawi,MWI,2011,0,FALSE,TRUE,0,826,0
Malawi,MWI,2012,0,FALSE,TRUE,0,325,0
Malawi,MWI,2013,0,FALSE,TRUE,0,565,0
Malawi,MWI,2014,0,FALSE,TRUE,0,469,0
Malawi,MWI,2015,0,FALSE,TRUE,0,139,0
Malawi,MWI,2016,0,FALSE,TRUE,0,49,0
Malawi,MWI,2017,0,FALSE,TRUE,0,131,0
Malawi,MWI,2018,0,FALSE,TRUE,0,203,0
Malawi,MWI,2019,0,FALSE,TRUE,0,656,0
Malawi,MWI,2020,0,FALSE,TRUE,0,1871,0
Malaysia,MYS,1980,35,TRUE,FALSE,1.5563025007672873,368410,9.500285008550257e-5
Malaysia,MYS,1981,7,TRUE,FALSE,0.9030899869919436,460159,1.5212133197438277e-5
Malaysia,MYS,1982,35,TRUE,FALSE,1.5563025007672873,361396,9.684667234833811e-5
Malaysia,MYS,1983,14,TRUE,FALSE,1.1760912590556811,279811,5.003377279663773e-5
Malaysia,MYS,1984,28,TRUE,FALSE,1.462397997898956,245588,1.1401208528103979e-4
Malaysia,MYS,1985,28,TRUE,FALSE,1.462397997898956,269381,1.0394200036379701e-4
Malaysia,MYS,1986,0,FALSE,TRUE,0,229922,0
Malaysia,MYS,1987,0,FALSE,TRUE,0,277781,0
Malaysia,MYS,1988,0,FALSE,TRUE,0,241624,0
Malaysia,MYS,1989,0,FALSE,TRUE,0,155499,0
Malaysia,MYS,1990,0,FALSE,TRUE,0,131538,0
Malaysia,MYS,1991,0,FALSE,TRUE,0,81574,0
Malaysia,MYS,1992,21,TRUE,FALSE,1.3424226808222062,100113,2.0976296784633365e-4
Malaysia,MYS,1993,0,FALSE,TRUE,0,73500,0
Malaysia,MYS,1994,0,FALSE,TRUE,0,60662,0
Malaysia,MYS,1995,0,FALSE,TRUE,0,49301,0
Malaysia,MYS,1996,3,TRUE,FALSE,0.6020599913279624,4517,6.641576267434137e-4
Malaysia,MYS,1997,0,FALSE,TRUE,0,5755,0
Malaysia,MYS,1998,0,FALSE,TRUE,0,7044,0
Malaysia,MYS,1999,0,FALSE,TRUE,0,7925,0
Malaysia,MYS,2000,0,FALSE,TRUE,0,3297,0
Malaysia,MYS,2001,0,FALSE,TRUE,0,878,0
Malaysia,MYS,2002,0,FALSE,TRUE,0,3565,0
Malaysia,MYS,2003,0,FALSE,TRUE,0,1138,0
Malaysia,MYS,2004,0,FALSE,TRUE,0,1475,0
Malaysia,MYS,2005,0,FALSE,TRUE,0,2696,0
Malaysia,MYS,2006,0,FALSE,TRUE,0,2245,0
Malaysia,MYS,2007,0,FALSE,TRUE,0,1541,0
Malaysia,MYS,2008,0,FALSE,TRUE,0,1926,0
Malaysia,MYS,2009,0,FALSE,TRUE,0,2020,0
Malaysia,MYS,2010,0,FALSE,TRUE,0,1988,0
Malaysia,MYS,2011,0,FALSE,TRUE,0,826,0
Malaysia,MYS,2012,0,FALSE,TRUE,0,325,0
Malaysia,MYS,2013,0,FALSE,TRUE,0,565,0
Malaysia,MYS,2014,0,FALSE,TRUE,0,469,0
Malaysia,MYS,2015,0,FALSE,TRUE,0,139,0
Malaysia,MYS,2016,0,FALSE,TRUE,0,49,0
Malaysia,MYS,2017,0,FALSE,TRUE,0,131,0
Malaysia,MYS,2018,0,FALSE,TRUE,0,203,0
Malaysia,MYS,2019,6,TRUE,FALSE,0.8450980400142568,656,0.009146341463414634
Malaysia,MYS,2020,1,TRUE,FALSE,0.3010299956639812,1871,5.344735435595938e-4
Maldives,MDV,1980,7,TRUE,FALSE,0.9030899869919436,368410,1.9000570017100515e-5
Maldives,MDV,1981,0,FALSE,TRUE,0,460159,0
Maldives,MDV,1982,0,FALSE,TRUE,0,361396,0
Maldives,MDV,1983,0,FALSE,TRUE,0,279811,0
Maldives,MDV,1984,0,FALSE,TRUE,0,245588,0
Maldives,MDV,1985,0,FALSE,TRUE,0,269381,0
Maldives,MDV,1986,0,FALSE,TRUE,0,229922,0
Maldives,MDV,1987,0,FALSE,TRUE,0,277781,0
Maldives,MDV,1988,0,FALSE,TRUE,0,241624,0
Maldives,MDV,1989,0,FALSE,TRUE,0,155499,0
Maldives,MDV,1990,0,FALSE,TRUE,0,131538,0
Maldives,MDV,1991,0,FALSE,TRUE,0,81574,0
Maldives,MDV,1992,0,FALSE,TRUE,0,100113,0
Maldives,MDV,1993,0,FALSE,TRUE,0,73500,0
Maldives,MDV,1994,0,FALSE,TRUE,0,60662,0
Maldives,MDV,1995,0,FALSE,TRUE,0,49301,0
Maldives,MDV,1996,0,FALSE,TRUE,0,4517,0
Maldives,MDV,1997,0,FALSE,TRUE,0,5755,0
Maldives,MDV,1998,0,FALSE,TRUE,0,7044,0
Maldives,MDV,1999,0,FALSE,TRUE,0,7925,0
Maldives,MDV,2000,0,FALSE,TRUE,0,3297,0
Maldives,MDV,2001,0,FALSE,TRUE,0,878,0
Maldives,MDV,2002,0,FALSE,TRUE,0,3565,0
Maldives,MDV,2003,0,FALSE,TRUE,0,1138,0
Maldives,MDV,2004,0,FALSE,TRUE,0,1475,0
Maldives,MDV,2005,0,FALSE,TRUE,0,2696,0
Maldives,MDV,2006,0,FALSE,TRUE,0,2245,0
Maldives,MDV,2007,0,FALSE,TRUE,0,1541,0
Maldives,MDV,2008,0,FALSE,TRUE,0,1926,0
Maldives,MDV,2009,0,FALSE,TRUE,0,2020,0
Maldives,MDV,2010,0,FALSE,TRUE,0,1988,0
Maldives,MDV,2011,0,FALSE,TRUE,0,826,0
Maldives,MDV,2012,0,FALSE,TRUE,0,325,0
Maldives,MDV,2013,0,FALSE,TRUE,0,565,0
Maldives,MDV,2014,0,FALSE,TRUE,0,469,0
Maldives,MDV,2015,0,FALSE,TRUE,0,139,0
Maldives,MDV,2016,0,FALSE,TRUE,0,49,0
Maldives,MDV,2017,0,FALSE,TRUE,0,131,0
Maldives,MDV,2018,0,FALSE,TRUE,0,203,0
Maldives,MDV,2019,0,FALSE,TRUE,0,656,0
Maldives,MDV,2020,0,FALSE,TRUE,0,1871,0
Mali,MLI,1980,1638,TRUE,FALSE,3.214578953570499,368410,0.00444613338400152
Mali,MLI,1981,1932,TRUE,FALSE,3.286231854028553,460159,0.0041985487624929645
Mali,MLI,1982,784,TRUE,FALSE,2.8948696567452528,361396,0.0021693654606027737
Mali,MLI,1983,399,TRUE,FALSE,2.6020599913279625,279811,0.0014259625247041753
Mali,MLI,1984,581,TRUE,FALSE,2.7649229846498886,245588,0.0023657507695815758
Mali,MLI,1985,1897,TRUE,FALSE,3.2782962080912736,269381,0.007042070524647247
Mali,MLI,1986,2114,TRUE,FALSE,3.325310371711061,229922,0.00919442245631127
Mali,MLI,1987,1190,TRUE,FALSE,3.0759117614827773,277781,0.004283950306176449
Mali,MLI,1988,847,TRUE,FALSE,2.9283958522567137,241624,0.0035054464788266066
Mali,MLI,1989,1246,TRUE,FALSE,3.0958664534785427,155499,0.008012913266323257
Mali,MLI,1990,441,TRUE,FALSE,2.645422269349092,131538,0.0033526433426082198
Mali,MLI,1991,1015,TRUE,FALSE,3.006893707947901,81574,0.01244269007281732
Mali,MLI,1992,441,TRUE,FALSE,2.645422269349092,100113,0.004405022324773007
Mali,MLI,1993,182,TRUE,FALSE,2.2624510897304293,73500,0.002476190476190476
Mali,MLI,1994,133,TRUE,FALSE,2.1271047983648077,60662,0.0021924763443341797
Mali,MLI,1995,182,TRUE,FALSE,2.2624510897304293,49301,0.0036916086894789152
Mali,MLI,1996,17,TRUE,FALSE,1.255272505103306,4517,0.003763559884879345
Mali,MLI,1997,2,TRUE,FALSE,0.4771212547196624,5755,3.475238922675934e-4
Mali,MLI,1998,16,TRUE,FALSE,1.230448921378274,7044,0.002271436683702442
Mali,MLI,1999,24,TRUE,FALSE,1.3979400086720375,7925,0.003028391167192429
Mali,MLI,2000,0,FALSE,TRUE,0,3297,0
Mali,MLI,2001,0,FALSE,TRUE,0,878,0
Mali,MLI,2002,0,FALSE,TRUE,0,3565,0
Mali,MLI,2003,0,FALSE,TRUE,0,1138,0
Mali,MLI,2004,21,TRUE,FALSE,1.3424226808222062,1475,0.01423728813559322
Mali,MLI,2005,3,TRUE,FALSE,0.6020599913279624,2696,0.001112759643916914
Mali,MLI,2006,0,FALSE,TRUE,0,2245,0
Mali,MLI,2007,0,FALSE,TRUE,0,1541,0
Mali,MLI,2008,1,TRUE,FALSE,0.3010299956639812,1926,5.192107995846313e-4
Mali,MLI,2009,2,TRUE,FALSE,0.4771212547196624,2020,9.900990099009901e-4
Mali,MLI,2010,4,TRUE,FALSE,0.6989700043360189,1988,0.002012072434607646
Mali,MLI,2011,8,TRUE,FALSE,0.9542425094393248,826,0.009685230024213076
Mali,MLI,2012,0,FALSE,TRUE,0,325,0
Mali,MLI,2013,0,FALSE,TRUE,0,565,0
Mali,MLI,2014,0,FALSE,TRUE,0,469,0
Mali,MLI,2015,0,FALSE,TRUE,0,139,0
Mali,MLI,2016,0,FALSE,TRUE,0,49,0
Mali,MLI,2017,0,FALSE,TRUE,0,131,0
Mali,MLI,2018,0,FALSE,TRUE,0,203,0
Mali,MLI,2019,0,FALSE,TRUE,0,656,0
Mali,MLI,2020,104,TRUE,FALSE,2.0211892990699383,1871,0.05558524853019776
Malta,MLT,1980,0,FALSE,TRUE,0,368410,0
Malta,MLT,1981,0,FALSE,TRUE,0,460159,0
Malta,MLT,1982,0,FALSE,TRUE,0,361396,0
Malta,MLT,1983,0,FALSE,TRUE,0,279811,0
Malta,MLT,1984,0,FALSE,TRUE,0,245588,0
Malta,MLT,1985,0,FALSE,TRUE,0,269381,0
Malta,MLT,1986,0,FALSE,TRUE,0,229922,0
Malta,MLT,1987,0,FALSE,TRUE,0,277781,0
Malta,MLT,1988,0,FALSE,TRUE,0,241624,0
Malta,MLT,1989,0,FALSE,TRUE,0,155499,0
Malta,MLT,1990,0,FALSE,TRUE,0,131538,0
Malta,MLT,1991,0,FALSE,TRUE,0,81574,0
Malta,MLT,1992,0,FALSE,TRUE,0,100113,0
Malta,MLT,1993,0,FALSE,TRUE,0,73500,0
Malta,MLT,1994,0,FALSE,TRUE,0,60662,0
Malta,MLT,1995,0,FALSE,TRUE,0,49301,0
Malta,MLT,1996,0,FALSE,TRUE,0,4517,0
Malta,MLT,1997,0,FALSE,TRUE,0,5755,0
Malta,MLT,1998,0,FALSE,TRUE,0,7044,0
Malta,MLT,1999,0,FALSE,TRUE,0,7925,0
Malta,MLT,2000,0,FALSE,TRUE,0,3297,0
Malta,MLT,2001,0,FALSE,TRUE,0,878,0
Malta,MLT,2002,0,FALSE,TRUE,0,3565,0
Malta,MLT,2003,0,FALSE,TRUE,0,1138,0
Malta,MLT,2004,0,FALSE,TRUE,0,1475,0
Malta,MLT,2005,0,FALSE,TRUE,0,2696,0
Malta,MLT,2006,0,FALSE,TRUE,0,2245,0
Malta,MLT,2007,0,FALSE,TRUE,0,1541,0
Malta,MLT,2008,0,FALSE,TRUE,0,1926,0
Malta,MLT,2009,0,FALSE,TRUE,0,2020,0
Malta,MLT,2010,0,FALSE,TRUE,0,1988,0
Malta,MLT,2011,0,FALSE,TRUE,0,826,0
Malta,MLT,2012,0,FALSE,TRUE,0,325,0
Malta,MLT,2013,0,FALSE,TRUE,0,565,0
Malta,MLT,2014,0,FALSE,TRUE,0,469,0
Malta,MLT,2015,0,FALSE,TRUE,0,139,0
Malta,MLT,2016,0,FALSE,TRUE,0,49,0
Malta,MLT,2017,0,FALSE,TRUE,0,131,0
Malta,MLT,2018,0,FALSE,TRUE,0,203,0
Malta,MLT,2019,0,FALSE,TRUE,0,656,0
Malta,MLT,2020,0,FALSE,TRUE,0,1871,0
Marshall Islands,MHL,1980,0,FALSE,TRUE,0,368410,0
Marshall Islands,MHL,1981,0,FALSE,TRUE,0,460159,0
Marshall Islands,MHL,1982,0,FALSE,TRUE,0,361396,0
Marshall Islands,MHL,1983,0,FALSE,TRUE,0,279811,0
Marshall Islands,MHL,1984,0,FALSE,TRUE,0,245588,0
Marshall Islands,MHL,1985,0,FALSE,TRUE,0,269381,0
Marshall Islands,MHL,1986,0,FALSE,TRUE,0,229922,0
Marshall Islands,MHL,1987,7,TRUE,FALSE,0.9030899869919436,277781,2.5199707683390872e-5
Marshall Islands,MHL,1988,0,FALSE,TRUE,0,241624,0
Marshall Islands,MHL,1989,0,FALSE,TRUE,0,155499,0
Marshall Islands,MHL,1990,0,FALSE,TRUE,0,131538,0
Marshall Islands,MHL,1991,0,FALSE,TRUE,0,81574,0
Marshall Islands,MHL,1992,0,FALSE,TRUE,0,100113,0
Marshall Islands,MHL,1993,0,FALSE,TRUE,0,73500,0
Marshall Islands,MHL,1994,0,FALSE,TRUE,0,60662,0
Marshall Islands,MHL,1995,0,FALSE,TRUE,0,49301,0
Marshall Islands,MHL,1996,0,FALSE,TRUE,0,4517,0
Marshall Islands,MHL,1997,0,FALSE,TRUE,0,5755,0
Marshall Islands,MHL,1998,0,FALSE,TRUE,0,7044,0
Marshall Islands,MHL,1999,0,FALSE,TRUE,0,7925,0
Marshall Islands,MHL,2000,0,FALSE,TRUE,0,3297,0
Marshall Islands,MHL,2001,0,FALSE,TRUE,0,878,0
Marshall Islands,MHL,2002,0,FALSE,TRUE,0,3565,0
Marshall Islands,MHL,2003,0,FALSE,TRUE,0,1138,0
Marshall Islands,MHL,2004,0,FALSE,TRUE,0,1475,0
Marshall Islands,MHL,2005,0,FALSE,TRUE,0,2696,0
Marshall Islands,MHL,2006,0,FALSE,TRUE,0,2245,0
Marshall Islands,MHL,2007,0,FALSE,TRUE,0,1541,0
Marshall Islands,MHL,2008,0,FALSE,TRUE,0,1926,0
Marshall Islands,MHL,2010,0,FALSE,TRUE,0,1988,0
Mauritania,MRT,1980,1113,TRUE,FALSE,3.04688519083771,368410,0.0030210906327189815
Mauritania,MRT,1981,63,TRUE,FALSE,1.806179973983887,460159,1.369091987769445e-4
Mauritania,MRT,1982,126,TRUE,FALSE,2.103803720955957,361396,3.486480204540172e-4
Mauritania,MRT,1983,385,TRUE,FALSE,2.586587304671755,279811,0.0013759287519075375
Mauritania,MRT,1984,546,TRUE,FALSE,2.737987326333431,245588,0.0022232356629802758
Mauritania,MRT,1985,987,TRUE,FALSE,2.9947569445876283,269381,0.003663955512823844
Mauritania,MRT,1986,707,TRUE,FALSE,2.850033257689769,229922,0.0030749558545941666
Mauritania,MRT,1987,483,TRUE,FALSE,2.6848453616444123,277781,0.0017387798301539703
Mauritania,MRT,1988,119,TRUE,FALSE,2.0791812460476247,241624,4.9250074495911e-4
Mauritania,MRT,1989,133,TRUE,FALSE,2.1271047983648077,155499,8.553109666300105e-4
Mauritania,MRT,1990,49,TRUE,FALSE,1.6989700043360187,131538,3.7251592695646885e-4
Mauritania,MRT,1991,364,TRUE,FALSE,2.562292864456474,81574,0.004462206095079315
Mauritania,MRT,1992,175,TRUE,FALSE,2.24551266781415,100113,0.0017480247320527803
Mauritania,MRT,1993,112,TRUE,FALSE,2.0530784434834195,73500,0.0015238095238095239
Mauritania,MRT,1994,98,TRUE,FALSE,1.99563519459755,60662,0.0016155088852988692
Mauritania,MRT,1995,35,TRUE,FALSE,1.5563025007672873,49301,7.099247479767144e-4
Mauritania,MRT,1996,0,FALSE,TRUE,0,4517,0
Mauritania,MRT,1997,6,TRUE,FALSE,0.8450980400142568,5755,0.0010425716768027802
Mauritania,MRT,1998,0,FALSE,TRUE,0,7044,0
Mauritania,MRT,1999,8,TRUE,FALSE,0.9542425094393248,7925,0.0010094637223974764
Mauritania,MRT,2000,0,FALSE,TRUE,0,3297,0
Mauritania,MRT,2001,1,TRUE,FALSE,0.3010299956639812,878,0.0011389521640091116
Mauritania,MRT,2002,0,FALSE,TRUE,0,3565,0
Mauritania,MRT,2003,0,FALSE,TRUE,0,1138,0
Mauritania,MRT,2004,0,FALSE,TRUE,0,1475,0
Mauritania,MRT,2005,0,FALSE,TRUE,0,2696,0
Mauritania,MRT,2006,0,FALSE,TRUE,0,2245,0
Mauritania,MRT,2007,0,FALSE,TRUE,0,1541,0
Mauritania,MRT,2008,0,FALSE,TRUE,0,1926,0
Mauritania,MRT,2009,14,TRUE,FALSE,1.1760912590556811,2020,0.006930693069306931
Mauritania,MRT,2010,6,TRUE,FALSE,0.8450980400142568,1988,0.0030181086519114686
Mauritania,MRT,2011,0,FALSE,TRUE,0,826,0
Mauritania,MRT,2012,0,FALSE,TRUE,0,325,0
Mauritania,MRT,2013,0,FALSE,TRUE,0,565,0
Mauritania,MRT,2014,0,FALSE,TRUE,0,469,0
Mauritania,MRT,2015,0,FALSE,TRUE,0,139,0
Mauritania,MRT,2016,0,FALSE,TRUE,0,49,0
Mauritania,MRT,2017,0,FALSE,TRUE,0,131,0
Mauritania,MRT,2018,0,FALSE,TRUE,0,203,0
Mauritania,MRT,2019,0,FALSE,TRUE,0,656,0
Mauritania,MRT,2020,0,FALSE,TRUE,0,1871,0
Mauritius,MUS,1980,0,FALSE,TRUE,0,368410,0
Mauritius,MUS,1981,0,FALSE,TRUE,0,460159,0
Mauritius,MUS,1982,0,FALSE,TRUE,0,361396,0
Mauritius,MUS,1983,0,FALSE,TRUE,0,279811,0
Mauritius,MUS,1984,0,FALSE,TRUE,0,245588,0
Mauritius,MUS,1985,0,FALSE,TRUE,0,269381,0
Mauritius,MUS,1986,0,FALSE,TRUE,0,229922,0
Mauritius,MUS,1987,0,FALSE,TRUE,0,277781,0
Mauritius,MUS,1988,0,FALSE,TRUE,0,241624,0
Mauritius,MUS,1989,0,FALSE,TRUE,0,155499,0
Mauritius,MUS,1990,0,FALSE,TRUE,0,131538,0
Mauritius,MUS,1991,0,FALSE,TRUE,0,81574,0
Mauritius,MUS,1992,0,FALSE,TRUE,0,100113,0
Mauritius,MUS,1993,0,FALSE,TRUE,0,73500,0
Mauritius,MUS,1994,0,FALSE,TRUE,0,60662,0
Mauritius,MUS,1995,0,FALSE,TRUE,0,49301,0
Mauritius,MUS,1996,0,FALSE,TRUE,0,4517,0
Mauritius,MUS,1997,0,FALSE,TRUE,0,5755,0
Mauritius,MUS,1998,0,FALSE,TRUE,0,7044,0
Mauritius,MUS,1999,0,FALSE,TRUE,0,7925,0
Mauritius,MUS,2000,0,FALSE,TRUE,0,3297,0
Mauritius,MUS,2001,0,FALSE,TRUE,0,878,0
Mauritius,MUS,2002,0,FALSE,TRUE,0,3565,0
Mauritius,MUS,2003,0,FALSE,TRUE,0,1138,0
Mauritius,MUS,2004,0,FALSE,TRUE,0,1475,0
Mauritius,MUS,2005,0,FALSE,TRUE,0,2696,0
Mauritius,MUS,2006,0,FALSE,TRUE,0,2245,0
Mauritius,MUS,2007,0,FALSE,TRUE,0,1541,0
Mauritius,MUS,2008,0,FALSE,TRUE,0,1926,0
Mauritius,MUS,2009,0,FALSE,TRUE,0,2020,0
Mauritius,MUS,2010,0,FALSE,TRUE,0,1988,0
Mauritius,MUS,2011,0,FALSE,TRUE,0,826,0
Mauritius,MUS,2012,0,FALSE,TRUE,0,325,0
Mauritius,MUS,2013,0,FALSE,TRUE,0,565,0
Mauritius,MUS,2014,0,FALSE,TRUE,0,469,0
Mauritius,MUS,2015,0,FALSE,TRUE,0,139,0
Mauritius,MUS,2016,0,FALSE,TRUE,0,49,0
Mauritius,MUS,2017,0,FALSE,TRUE,0,131,0
Mauritius,MUS,2018,0,FALSE,TRUE,0,203,0
Mauritius,MUS,2019,0,FALSE,TRUE,0,656,0
Mauritius,MUS,2020,0,FALSE,TRUE,0,1871,0
Mexico,MEX,1980,4774,TRUE,FALSE,3.678973375919765,368410,0.01295838875166255
Mexico,MEX,1981,1302,TRUE,FALSE,3.1149444157125847,460159,0.0028294567747235194
Mexico,MEX,1982,686,TRUE,FALSE,2.8369567370595505,361396,0.001898194778027427
Mexico,MEX,1983,1624,TRUE,FALSE,3.210853365314893,279811,0.005803917644409976
Mexico,MEX,1984,959,TRUE,FALSE,2.9822712330395684,245588,0.0039049139208756126
Mexico,MEX,1985,1036,TRUE,FALSE,3.015778756389041,269381,0.003845854013460489
Mexico,MEX,1986,462,TRUE,FALSE,2.6655809910179533,229922,0.0020093770931011385
Mexico,MEX,1987,539,TRUE,FALSE,2.7323937598229686,277781,0.0019403774916210972
Mexico,MEX,1988,161,TRUE,FALSE,2.2095150145426308,241624,6.663245372976194e-4
Mexico,MEX,1989,189,TRUE,FALSE,2.278753600952829,155499,0.0012154418999479096
Mexico,MEX,1990,49,TRUE,FALSE,1.6989700043360187,131538,3.7251592695646885e-4
Mexico,MEX,1991,0,FALSE,TRUE,0,81574,0
Mexico,MEX,1992,0,FALSE,TRUE,0,100113,0
Mexico,MEX,1993,0,FALSE,TRUE,0,73500,0
Mexico,MEX,1994,0,FALSE,TRUE,0,60662,0
Mexico,MEX,1995,0,FALSE,TRUE,0,49301,0
Mexico,MEX,1996,0,FALSE,TRUE,0,4517,0
Mexico,MEX,1997,0,FALSE,TRUE,0,5755,0
Mexico,MEX,1998,0,FALSE,TRUE,0,7044,0
Mexico,MEX,1999,0,FALSE,TRUE,0,7925,0
Mexico,MEX,2000,0,FALSE,TRUE,0,3297,0
Mexico,MEX,2001,0,FALSE,TRUE,0,878,0
Mexico,MEX,2002,0,FALSE,TRUE,0,3565,0
Mexico,MEX,2003,0,FALSE,TRUE,0,1138,0
Mexico,MEX,2004,0,FALSE,TRUE,0,1475,0
Mexico,MEX,2005,0,FALSE,TRUE,0,2696,0
Mexico,MEX,2006,0,FALSE,TRUE,0,2245,0
Mexico,MEX,2007,0,FALSE,TRUE,0,1541,0
Mexico,MEX,2008,0,FALSE,TRUE,0,1926,0
Mexico,MEX,2009,0,FALSE,TRUE,0,2020,0
Mexico,MEX,2010,0,FALSE,TRUE,0,1988,0
Mexico,MEX,2011,0,FALSE,TRUE,0,826,0
Mexico,MEX,2012,0,FALSE,TRUE,0,325,0
Mexico,MEX,2013,0,FALSE,TRUE,0,565,0
Mexico,MEX,2014,0,FALSE,TRUE,0,469,0
Mexico,MEX,2015,0,FALSE,TRUE,0,139,0
Mexico,MEX,2016,0,FALSE,TRUE,0,49,0
Mexico,MEX,2017,0,FALSE,TRUE,0,131,0
Mexico,MEX,2018,0,FALSE,TRUE,0,203,0
Mexico,MEX,2019,0,FALSE,TRUE,0,656,0
Mexico,MEX,2020,0,FALSE,TRUE,0,1871,0
Micronesia (country),FSM,1987,0,FALSE,TRUE,0,277781,0
Micronesia (country),FSM,1989,0,FALSE,TRUE,0,155499,0
Micronesia (country),FSM,1990,0,FALSE,TRUE,0,131538,0
Micronesia (country),FSM,1991,0,FALSE,TRUE,0,81574,0
Micronesia (country),FSM,1992,0,FALSE,TRUE,0,100113,0
Micronesia (country),FSM,1993,0,FALSE,TRUE,0,73500,0
Micronesia (country),FSM,1994,0,FALSE,TRUE,0,60662,0
Micronesia (country),FSM,1995,0,FALSE,TRUE,0,49301,0
Micronesia (country),FSM,1996,0,FALSE,TRUE,0,4517,0
Micronesia (country),FSM,1997,0,FALSE,TRUE,0,5755,0
Micronesia (country),FSM,1998,0,FALSE,TRUE,0,7044,0
Micronesia (country),FSM,1999,0,FALSE,TRUE,0,7925,0
Micronesia (country),FSM,2000,0,FALSE,TRUE,0,3297,0
Micronesia (country),FSM,2001,0,FALSE,TRUE,0,878,0
Micronesia (country),FSM,2002,0,FALSE,TRUE,0,3565,0
Micronesia (country),FSM,2003,0,FALSE,TRUE,0,1138,0
Micronesia (country),FSM,2004,0,FALSE,TRUE,0,1475,0
Micronesia (country),FSM,2005,0,FALSE,TRUE,0,2696,0
Micronesia (country),FSM,2006,0,FALSE,TRUE,0,2245,0
Micronesia (country),FSM,2007,0,FALSE,TRUE,0,1541,0
Micronesia (country),FSM,2008,0,FALSE,TRUE,0,1926,0
Micronesia (country),FSM,2010,0,FALSE,TRUE,0,1988,0
Moldova,MDA,1991,21,TRUE,FALSE,1.3424226808222062,81574,2.574349670238066e-4
Moldova,MDA,1992,7,TRUE,FALSE,0.9030899869919436,100113,6.992098928211121e-5
Moldova,MDA,1993,7,TRUE,FALSE,0.9030899869919436,73500,9.523809523809524e-5
Moldova,MDA,1994,0,FALSE,TRUE,0,60662,0
Moldova,MDA,1995,0,FALSE,TRUE,0,49301,0
Moldova,MDA,1996,1,TRUE,FALSE,0.3010299956639812,4517,2.2138587558113792e-4
Moldova,MDA,1997,0,FALSE,TRUE,0,5755,0
Moldova,MDA,1998,0,FALSE,TRUE,0,7044,0
Moldova,MDA,1999,0,FALSE,TRUE,0,7925,0
Moldova,MDA,2000,0,FALSE,TRUE,0,3297,0
Moldova,MDA,2001,0,FALSE,TRUE,0,878,0
Moldova,MDA,2002,0,FALSE,TRUE,0,3565,0
Moldova,MDA,2003,0,FALSE,TRUE,0,1138,0
Moldova,MDA,2004,0,FALSE,TRUE,0,1475,0
Moldova,MDA,2005,0,FALSE,TRUE,0,2696,0
Moldova,MDA,2006,0,FALSE,TRUE,0,2245,0
Moldova,MDA,2007,0,FALSE,TRUE,0,1541,0
Moldova,MDA,2008,0,FALSE,TRUE,0,1926,0
Moldova,MDA,2009,0,FALSE,TRUE,0,2020,0
Moldova,MDA,2010,0,FALSE,TRUE,0,1988,0
Moldova,MDA,2011,0,FALSE,TRUE,0,826,0
Moldova,MDA,2012,0,FALSE,TRUE,0,325,0
Moldova,MDA,2013,0,FALSE,TRUE,0,565,0
Moldova,MDA,2014,0,FALSE,TRUE,0,469,0
Moldova,MDA,2015,0,FALSE,TRUE,0,139,0
Moldova,MDA,2016,0,FALSE,TRUE,0,49,0
Moldova,MDA,2017,0,FALSE,TRUE,0,131,0
Moldova,MDA,2018,0,FALSE,TRUE,0,203,0
Moldova,MDA,2019,0,FALSE,TRUE,0,656,0
Moldova,MDA,2020,0,FALSE,TRUE,0,1871,0
Monaco,MCO,1980,0,FALSE,TRUE,0,368410,0
Monaco,MCO,1981,0,FALSE,TRUE,0,460159,0
Monaco,MCO,1982,0,FALSE,TRUE,0,361396,0
Monaco,MCO,1983,0,FALSE,TRUE,0,279811,0
Monaco,MCO,1984,0,FALSE,TRUE,0,245588,0
Monaco,MCO,1985,0,FALSE,TRUE,0,269381,0
Monaco,MCO,1986,0,FALSE,TRUE,0,229922,0
Monaco,MCO,1987,0,FALSE,TRUE,0,277781,0
Monaco,MCO,1988,0,FALSE,TRUE,0,241624,0
Monaco,MCO,1989,0,FALSE,TRUE,0,155499,0
Monaco,MCO,1991,0,FALSE,TRUE,0,81574,0
Monaco,MCO,1992,0,FALSE,TRUE,0,100113,0
Monaco,MCO,1993,0,FALSE,TRUE,0,73500,0
Monaco,MCO,1994,0,FALSE,TRUE,0,60662,0
Monaco,MCO,1995,0,FALSE,TRUE,0,49301,0
Monaco,MCO,1996,0,FALSE,TRUE,0,4517,0
Monaco,MCO,1997,0,FALSE,TRUE,0,5755,0
Monaco,MCO,1999,0,FALSE,TRUE,0,7925,0
Monaco,MCO,2000,0,FALSE,TRUE,0,3297,0
Monaco,MCO,2001,0,FALSE,TRUE,0,878,0
Monaco,MCO,2002,0,FALSE,TRUE,0,3565,0
Monaco,MCO,2003,0,FALSE,TRUE,0,1138,0
Monaco,MCO,2004,0,FALSE,TRUE,0,1475,0
Monaco,MCO,2005,0,FALSE,TRUE,0,2696,0
Monaco,MCO,2006,0,FALSE,TRUE,0,2245,0
Monaco,MCO,2007,0,FALSE,TRUE,0,1541,0
Monaco,MCO,2008,0,FALSE,TRUE,0,1926,0
Monaco,MCO,2009,0,FALSE,TRUE,0,2020,0
Monaco,MCO,2010,0,FALSE,TRUE,0,1988,0
Monaco,MCO,2011,0,FALSE,TRUE,0,826,0
Monaco,MCO,2012,0,FALSE,TRUE,0,325,0
Monaco,MCO,2013,0,FALSE,TRUE,0,565,0
Monaco,MCO,2014,0,FALSE,TRUE,0,469,0
Monaco,MCO,2015,0,FALSE,TRUE,0,139,0
Monaco,MCO,2016,0,FALSE,TRUE,0,49,0
Monaco,MCO,2017,0,FALSE,TRUE,0,131,0
Monaco,MCO,2018,0,FALSE,TRUE,0,203,0
Monaco,MCO,2019,0,FALSE,TRUE,0,656,0
Monaco,MCO,2020,0,FALSE,TRUE,0,1871,0
Mongolia,MNG,1980,0,FALSE,TRUE,0,368410,0
Mongolia,MNG,1981,0,FALSE,TRUE,0,460159,0
Mongolia,MNG,1982,518,TRUE,FALSE,2.7151673578484576,361396,0.001433330750755404
Mongolia,MNG,1983,105,TRUE,FALSE,2.0253058652647704,279811,3.7525329597478297e-4
Mongolia,MNG,1984,49,TRUE,FALSE,1.6989700043360187,245588,1.9952114924181964e-4
Mongolia,MNG,1985,14,TRUE,FALSE,1.1760912590556811,269381,5.1971000181898504e-5
Mongolia,MNG,1986,49,TRUE,FALSE,1.6989700043360187,229922,2.1311575229860562e-4
Mongolia,MNG,1988,7,TRUE,FALSE,0.9030899869919436,241624,2.8970632056418236e-5
Mongolia,MNG,1989,0,FALSE,TRUE,0,155499,0
Mongolia,MNG,1990,0,FALSE,TRUE,0,131538,0
Mongolia,MNG,1991,7,TRUE,FALSE,0.9030899869919436,81574,8.58116556746022e-5
Mongolia,MNG,1992,7,TRUE,FALSE,0.9030899869919436,100113,6.992098928211121e-5
Mongolia,MNG,1993,21,TRUE,FALSE,1.3424226808222062,73500,2.8571428571428574e-4
Mongolia,MNG,1994,0,FALSE,TRUE,0,60662,0
Mongolia,MNG,1995,0,FALSE,TRUE,0,49301,0
Mongolia,MNG,1996,0,FALSE,TRUE,0,4517,0
Mongolia,MNG,1997,0,FALSE,TRUE,0,5755,0
Mongolia,MNG,1998,0,FALSE,TRUE,0,7044,0
Mongolia,MNG,1999,0,FALSE,TRUE,0,7925,0
Mongolia,MNG,2000,0,FALSE,TRUE,0,3297,0
Mongolia,MNG,2001,0,FALSE,TRUE,0,878,0
Mongolia,MNG,2002,0,FALSE,TRUE,0,3565,0
Mongolia,MNG,2003,0,FALSE,TRUE,0,1138,0
Mongolia,MNG,2004,0,FALSE,TRUE,0,1475,0
Mongolia,MNG,2005,0,FALSE,TRUE,0,2696,0
Mongolia,MNG,2006,0,FALSE,TRUE,0,2245,0
Mongolia,MNG,2007,0,FALSE,TRUE,0,1541,0
Mongolia,MNG,2008,0,FALSE,TRUE,0,1926,0
Mongolia,MNG,2009,0,FALSE,TRUE,0,2020,0
Mongolia,MNG,2010,0,FALSE,TRUE,0,1988,0
Mongolia,MNG,2011,0,FALSE,TRUE,0,826,0
Mongolia,MNG,2012,0,FALSE,TRUE,0,325,0
Mongolia,MNG,2013,0,FALSE,TRUE,0,565,0
Mongolia,MNG,2014,0,FALSE,TRUE,0,469,0
Mongolia,MNG,2015,0,FALSE,TRUE,0,139,0
Mongolia,MNG,2016,0,FALSE,TRUE,0,49,0
Mongolia,MNG,2017,0,FALSE,TRUE,0,131,0
Mongolia,MNG,2018,0,FALSE,TRUE,0,203,0
Mongolia,MNG,2019,0,FALSE,TRUE,0,656,0
Mongolia,MNG,2020,0,FALSE,TRUE,0,1871,0
Montenegro,MNE,2006,0,FALSE,TRUE,0,2245,0
Montenegro,MNE,2007,0,FALSE,TRUE,0,1541,0
Montenegro,MNE,2008,0,FALSE,TRUE,0,1926,0
Montenegro,MNE,2009,0,FALSE,TRUE,0,2020,0
Montenegro,MNE,2010,0,FALSE,TRUE,0,1988,0
Montenegro,MNE,2011,0,FALSE,TRUE,0,826,0
Montenegro,MNE,2012,0,FALSE,TRUE,0,325,0
Montenegro,MNE,2013,0,FALSE,TRUE,0,565,0
Montenegro,MNE,2014,0,FALSE,TRUE,0,469,0
Montenegro,MNE,2015,0,FALSE,TRUE,0,139,0
Montenegro,MNE,2016,0,FALSE,TRUE,0,49,0
Montenegro,MNE,2017,0,FALSE,TRUE,0,131,0
Montenegro,MNE,2018,0,FALSE,TRUE,0,203,0
Montenegro,MNE,2019,0,FALSE,TRUE,0,656,0
Montenegro,MNE,2020,0,FALSE,TRUE,0,1871,0
Morocco,MAR,1980,364,TRUE,FALSE,2.562292864456474,368410,9.880296408892267e-4
Morocco,MAR,1981,406,TRUE,FALSE,2.60959440922522,460159,8.8230372545142e-4
Morocco,MAR,1982,623,TRUE,FALSE,2.795184589682424,361396,0.0017238707678004185
Morocco,MAR,1983,343,TRUE,FALSE,2.53655844257153,279811,0.0012258274335176244
Morocco,MAR,1984,154,TRUE,FALSE,2.1903316981702914,245588,6.270664690457188e-4
Morocco,MAR,1985,105,TRUE,FALSE,2.0253058652647704,269381,3.8978250136423873e-4
Morocco,MAR,1986,84,TRUE,FALSE,1.9294189257142929,229922,3.653412896547525e-4
Morocco,MAR,1987,63,TRUE,FALSE,1.806179973983887,277781,2.2679736915051784e-4
Morocco,MAR,1988,0,FALSE,TRUE,0,241624,0
Morocco,MAR,1989,14,TRUE,FALSE,1.1760912590556811,155499,9.003273332947479e-5
Morocco,MAR,1990,0,FALSE,TRUE,0,131538,0
Morocco,MAR,1991,0,FALSE,TRUE,0,81574,0
Morocco,MAR,1992,0,FALSE,TRUE,0,100113,0
Morocco,MAR,1993,0,FALSE,TRUE,0,73500,0
Morocco,MAR,1994,0,FALSE,TRUE,0,60662,0
Morocco,MAR,1995,0,FALSE,TRUE,0,49301,0
Morocco,MAR,1996,0,FALSE,TRUE,0,4517,0
Morocco,MAR,1997,0,FALSE,TRUE,0,5755,0
Morocco,MAR,1998,0,FALSE,TRUE,0,7044,0
Morocco,MAR,1999,0,FALSE,TRUE,0,7925,0
Morocco,MAR,2000,0,FALSE,TRUE,0,3297,0
Morocco,MAR,2001,0,FALSE,TRUE,0,878,0
Morocco,MAR,2002,0,FALSE,TRUE,0,3565,0
Morocco,MAR,2003,0,FALSE,TRUE,0,1138,0
Morocco,MAR,2004,0,FALSE,TRUE,0,1475,0
Morocco,MAR,2005,0,FALSE,TRUE,0,2696,0
Morocco,MAR,2006,0,FALSE,TRUE,0,2245,0
Morocco,MAR,2007,0,FALSE,TRUE,0,1541,0
Morocco,MAR,2008,0,FALSE,TRUE,0,1926,0
Morocco,MAR,2009,0,FALSE,TRUE,0,2020,0
Morocco,MAR,2010,0,FALSE,TRUE,0,1988,0
Morocco,MAR,2011,0,FALSE,TRUE,0,826,0
Morocco,MAR,2012,0,FALSE,TRUE,0,325,0
Morocco,MAR,2013,0,FALSE,TRUE,0,565,0
Morocco,MAR,2014,0,FALSE,TRUE,0,469,0
Morocco,MAR,2015,0,FALSE,TRUE,0,139,0
Morocco,MAR,2016,0,FALSE,TRUE,0,49,0
Morocco,MAR,2017,0,FALSE,TRUE,0,131,0
Morocco,MAR,2018,0,FALSE,TRUE,0,203,0
Morocco,MAR,2019,0,FALSE,TRUE,0,656,0
Morocco,MAR,2020,0,FALSE,TRUE,0,1871,0
Mozambique,MOZ,1980,455,TRUE,FALSE,2.658964842664435,368410,0.0012350370511115334
Mozambique,MOZ,1981,294,TRUE,FALSE,2.469822015978163,460159,6.389095942924076e-4
Mozambique,MOZ,1982,329,TRUE,FALSE,2.5185139398778875,361396,9.103587200743783e-4
Mozambique,MOZ,1983,196,TRUE,FALSE,2.294466226161593,279811,7.004728191529283e-4
Mozambique,MOZ,1984,217,TRUE,FALSE,2.3384564936046046,245588,8.835936609280584e-4
Mozambique,MOZ,1985,182,TRUE,FALSE,2.2624510897304293,269381,6.756230023646805e-4
Mozambique,MOZ,1986,49,TRUE,FALSE,1.6989700043360187,229922,2.1311575229860562e-4
Mozambique,MOZ,1987,7,TRUE,FALSE,0.9030899869919436,277781,2.5199707683390872e-5
Mozambique,MOZ,1988,49,TRUE,FALSE,1.6989700043360187,241624,2.0279442439492766e-4
Mozambique,MOZ,1989,0,FALSE,TRUE,0,155499,0
Mozambique,MOZ,1990,7,TRUE,FALSE,0.9030899869919436,131538,5.321656099378126e-5
Mozambique,MOZ,1991,21,TRUE,FALSE,1.3424226808222062,81574,2.574349670238066e-4
Mozambique,MOZ,1992,21,TRUE,FALSE,1.3424226808222062,100113,2.0976296784633365e-4
Mozambique,MOZ,1993,7,TRUE,FALSE,0.9030899869919436,73500,9.523809523809524e-5
Mozambique,MOZ,1994,0,FALSE,TRUE,0,60662,0
Mozambique,MOZ,1995,0,FALSE,TRUE,0,49301,0
Mozambique,MOZ,1996,0,FALSE,TRUE,0,4517,0
Mozambique,MOZ,1997,4,TRUE,FALSE,0.6989700043360189,5755,6.950477845351868e-4
Mozambique,MOZ,1998,8,TRUE,FALSE,0.9542425094393248,7044,0.001135718341851221
Mozambique,MOZ,1999,0,FALSE,TRUE,0,7925,0
Mozambique,MOZ,2000,2,TRUE,FALSE,0.4771212547196624,3297,6.066120715802245e-4
Mozambique,MOZ,2001,0,FALSE,TRUE,0,878,0
Mozambique,MOZ,2002,0,FALSE,TRUE,0,3565,0
Mozambique,MOZ,2003,0,FALSE,TRUE,0,1138,0
Mozambique,MOZ,2004,0,FALSE,TRUE,0,1475,0
Mozambique,MOZ,2005,0,FALSE,TRUE,0,2696,0
Mozambique,MOZ,2006,0,FALSE,TRUE,0,2245,0
Mozambique,MOZ,2007,0,FALSE,TRUE,0,1541,0
Mozambique,MOZ,2008,0,FALSE,TRUE,0,1926,0
Mozambique,MOZ,2009,0,FALSE,TRUE,0,2020,0
Mozambique,MOZ,2010,0,FALSE,TRUE,0,1988,0
Mozambique,MOZ,2011,2,TRUE,FALSE,0.4771212547196624,826,0.002421307506053269
Mozambique,MOZ,2012,0,FALSE,TRUE,0,325,0
Mozambique,MOZ,2013,0,FALSE,TRUE,0,565,0
Mozambique,MOZ,2014,0,FALSE,TRUE,0,469,0
Mozambique,MOZ,2015,0,FALSE,TRUE,0,139,0
Mozambique,MOZ,2016,0,FALSE,TRUE,0,49,0
Mozambique,MOZ,2017,0,FALSE,TRUE,0,131,0
Mozambique,MOZ,2018,2,TRUE,FALSE,0.4771212547196624,203,0.009852216748768473
Mozambique,MOZ,2019,0,FALSE,TRUE,0,656,0
Mozambique,MOZ,2020,0,FALSE,TRUE,0,1871,0
Myanmar,MMR,1980,1708,TRUE,FALSE,3.232742062720737,368410,0.004636139084172525
Myanmar,MMR,1981,2009,TRUE,FALSE,3.303196057420489,460159,0.004365882227664785
Myanmar,MMR,1982,2128,TRUE,FALSE,3.3281756614383227,361396,0.0058882776787789574
Myanmar,MMR,1983,1505,TRUE,FALSE,3.177824971864682,279811,0.005378630575638556
Myanmar,MMR,1984,1162,TRUE,FALSE,3.0655797147284485,245588,0.0047315015391631516
Myanmar,MMR,1985,763,TRUE,FALSE,2.8830933585756897,269381,0.0028324195099134683
Myanmar,MMR,1986,637,TRUE,FALSE,2.8048206787211623,229922,0.002770504779881873
Myanmar,MMR,1987,469,TRUE,FALSE,2.6720978579357175,277781,0.0016883804147871885
Myanmar,MMR,1988,420,TRUE,FALSE,2.6242820958356683,241624,0.0017382379233850942
Myanmar,MMR,1989,350,TRUE,FALSE,2.545307116465824,155499,0.00225081833323687
Myanmar,MMR,1990,329,TRUE,FALSE,2.5185139398778875,131538,0.0025011783667077195
Myanmar,MMR,1991,406,TRUE,FALSE,2.60959440922522,81574,0.004977076029126928
Myanmar,MMR,1992,329,TRUE,FALSE,2.5185139398778875,100113,0.003286286496259227
Myanmar,MMR,1993,364,TRUE,FALSE,2.562292864456474,73500,0.004952380952380952
Myanmar,MMR,1994,189,TRUE,FALSE,2.278753600952829,60662,0.0031156242787906763
Myanmar,MMR,1995,126,TRUE,FALSE,2.103803720955957,49301,0.002555729092716172
Myanmar,MMR,1996,9,TRUE,FALSE,1,4517,0.0019924728802302415
Myanmar,MMR,1997,61,TRUE,FALSE,1.792391689498254,5755,0.010599478714161599
Myanmar,MMR,1998,46,TRUE,FALSE,1.6720978579357175,7044,0.00653038046564452
Myanmar,MMR,1999,56,TRUE,FALSE,1.7558748556724917,7925,0.007066246056782334
Myanmar,MMR,2000,49,TRUE,FALSE,1.6989700043360187,3297,0.014861995753715499
Myanmar,MMR,2001,0,FALSE,TRUE,0,878,0
Myanmar,MMR,2002,0,FALSE,TRUE,0,3565,0
Myanmar,MMR,2003,0,FALSE,TRUE,0,1138,0
Myanmar,MMR,2004,0,FALSE,TRUE,0,1475,0
Myanmar,MMR,2005,0,FALSE,TRUE,0,2696,0
Myanmar,MMR,2006,1,TRUE,FALSE,0.3010299956639812,2245,4.4543429844097997e-4
Myanmar,MMR,2007,17,TRUE,FALSE,1.255272505103306,1541,0.011031797534068787
Myanmar,MMR,2008,0,FALSE,TRUE,0,1926,0
Myanmar,MMR,2009,0,FALSE,TRUE,0,2020,0
Myanmar,MMR,2010,0,FALSE,TRUE,0,1988,0
Myanmar,MMR,2011,0,FALSE,TRUE,0,826,0
Myanmar,MMR,2012,0,FALSE,TRUE,0,325,0
Myanmar,MMR,2013,0,FALSE,TRUE,0,565,0
Myanmar,MMR,2014,0,FALSE,TRUE,0,469,0
Myanmar,MMR,2015,2,TRUE,FALSE,0.4771212547196624,139,0.014388489208633094
Myanmar,MMR,2016,0,FALSE,TRUE,0,49,0
Myanmar,MMR,2017,0,FALSE,TRUE,0,131,0
Myanmar,MMR,2018,0,FALSE,TRUE,0,203,0
Myanmar,MMR,2019,7,TRUE,FALSE,0.9030899869919436,656,0.010670731707317074
Myanmar,MMR,2020,0,FALSE,TRUE,0,1871,0
Namibia,NAM,1989,7,TRUE,FALSE,0.9030899869919436,155499,4.5016366664737395e-5
Namibia,NAM,1990,0,FALSE,TRUE,0,131538,0
Namibia,NAM,1991,0,FALSE,TRUE,0,81574,0
Namibia,NAM,1992,0,FALSE,TRUE,0,100113,0
Namibia,NAM,1993,371,TRUE,FALSE,2.5705429398818973,73500,0.005047619047619047
Namibia,NAM,1994,28,TRUE,FALSE,1.462397997898956,60662,4.6157396722824835e-4
Namibia,NAM,1995,105,TRUE,FALSE,2.0253058652647704,49301,0.0021297742439301435
Namibia,NAM,1996,9,TRUE,FALSE,1,4517,0.0019924728802302415
Namibia,NAM,1997,2,TRUE,FALSE,0.4771212547196624,5755,3.475238922675934e-4
Namibia,NAM,1998,2,TRUE,FALSE,0.4771212547196624,7044,2.8392958546280523e-4
Namibia,NAM,1999,3,TRUE,FALSE,0.6020599913279624,7925,3.785488958990536e-4
Namibia,NAM,2000,0,FALSE,TRUE,0,3297,0
Namibia,NAM,2001,0,FALSE,TRUE,0,878,0
Namibia,NAM,2002,0,FALSE,TRUE,0,3565,0
Namibia,NAM,2003,0,FALSE,TRUE,0,1138,0
Namibia,NAM,2004,0,FALSE,TRUE,0,1475,0
Namibia,NAM,2005,0,FALSE,TRUE,0,2696,0
Namibia,NAM,2006,21,TRUE,FALSE,1.3424226808222062,2245,0.009354120267260579
Namibia,NAM,2007,0,FALSE,TRUE,0,1541,0
Namibia,NAM,2008,0,FALSE,TRUE,0,1926,0
Namibia,NAM,2009,0,FALSE,TRUE,0,2020,0
Namibia,NAM,2010,0,FALSE,TRUE,0,1988,0
Namibia,NAM,2011,0,FALSE,TRUE,0,826,0
Namibia,NAM,2012,0,FALSE,TRUE,0,325,0
Namibia,NAM,2013,0,FALSE,TRUE,0,565,0
Namibia,NAM,2014,0,FALSE,TRUE,0,469,0
Namibia,NAM,2015,0,FALSE,TRUE,0,139,0
Namibia,NAM,2016,0,FALSE,TRUE,0,49,0
Namibia,NAM,2017,0,FALSE,TRUE,0,131,0
Namibia,NAM,2018,0,FALSE,TRUE,0,203,0
Namibia,NAM,2019,0,FALSE,TRUE,0,656,0
Namibia,NAM,2020,0,FALSE,TRUE,0,1871,0
Nauru,NRU,1980,0,FALSE,TRUE,0,368410,0
Nauru,NRU,1981,0,FALSE,TRUE,0,460159,0
Nauru,NRU,1982,0,FALSE,TRUE,0,361396,0
Nauru,NRU,1983,0,FALSE,TRUE,0,279811,0
Nauru,NRU,1984,0,FALSE,TRUE,0,245588,0
Nauru,NRU,1986,7,TRUE,FALSE,0.9030899869919436,229922,3.0445107471229372e-5
Nauru,NRU,1987,0,FALSE,TRUE,0,277781,0
Nauru,NRU,1988,0,FALSE,TRUE,0,241624,0
Nauru,NRU,1989,0,FALSE,TRUE,0,155499,0
Nauru,NRU,1990,0,FALSE,TRUE,0,131538,0
Nauru,NRU,1991,0,FALSE,TRUE,0,81574,0
Nauru,NRU,1992,0,FALSE,TRUE,0,100113,0
Nauru,NRU,1993,0,FALSE,TRUE,0,73500,0
Nauru,NRU,1994,0,FALSE,TRUE,0,60662,0
Nauru,NRU,1995,0,FALSE,TRUE,0,49301,0
Nauru,NRU,1996,0,FALSE,TRUE,0,4517,0
Nauru,NRU,1997,0,FALSE,TRUE,0,5755,0
Nauru,NRU,1999,0,FALSE,TRUE,0,7925,0
Nauru,NRU,2000,0,FALSE,TRUE,0,3297,0
Nauru,NRU,2001,0,FALSE,TRUE,0,878,0
Nauru,NRU,2002,0,FALSE,TRUE,0,3565,0
Nauru,NRU,2003,0,FALSE,TRUE,0,1138,0
Nauru,NRU,2004,0,FALSE,TRUE,0,1475,0
Nauru,NRU,2005,0,FALSE,TRUE,0,2696,0
Nauru,NRU,2006,0,FALSE,TRUE,0,2245,0
Nauru,NRU,2007,0,FALSE,TRUE,0,1541,0
Nauru,NRU,2008,0,FALSE,TRUE,0,1926,0
Nauru,NRU,2010,0,FALSE,TRUE,0,1988,0
Nepal,NPL,1980,364,TRUE,FALSE,2.562292864456474,368410,9.880296408892267e-4
Nepal,NPL,1981,63,TRUE,FALSE,1.806179973983887,460159,1.369091987769445e-4
Nepal,NPL,1982,462,TRUE,FALSE,2.6655809910179533,361396,0.001278376074998063
Nepal,NPL,1983,462,TRUE,FALSE,2.6655809910179533,279811,0.0016511145022890452
Nepal,NPL,1984,532,TRUE,FALSE,2.7267272090265724,245588,0.002166229620339756
Nepal,NPL,1985,210,TRUE,FALSE,2.3242824552976926,269381,7.795650027284775e-4
Nepal,NPL,1986,70,TRUE,FALSE,1.8512583487190752,229922,3.044510747122937e-4
Nepal,NPL,1987,49,TRUE,FALSE,1.6989700043360187,277781,1.763979537837361e-4
Nepal,NPL,1988,63,TRUE,FALSE,1.806179973983887,241624,2.6073568850776415e-4
Nepal,NPL,1989,238,TRUE,FALSE,2.3783979009481375,155499,0.0015305564666010713
Nepal,NPL,1990,42,TRUE,FALSE,1.6334684555795864,131538,3.192993659626876e-4
Nepal,NPL,1991,84,TRUE,FALSE,1.9294189257142929,81574,0.0010297398680952263
Nepal,NPL,1992,21,TRUE,FALSE,1.3424226808222062,100113,2.0976296784633365e-4
Nepal,NPL,1993,14,TRUE,FALSE,1.1760912590556811,73500,1.9047619047619048e-4
Nepal,NPL,1994,14,TRUE,FALSE,1.1760912590556811,60662,2.3078698361412417e-4
Nepal,NPL,1995,63,TRUE,FALSE,1.806179973983887,49301,0.001277864546358086
Nepal,NPL,1996,10,TRUE,FALSE,1.0413926851582251,4517,0.002213858755811379
Nepal,NPL,1997,13,TRUE,FALSE,1.146128035678238,5755,0.002258905299739357
Nepal,NPL,1998,34,TRUE,FALSE,1.5440680443502757,7044,0.004826802952867689
Nepal,NPL,1999,47,TRUE,FALSE,1.6812412373755872,7925,0.005930599369085174
Nepal,NPL,2000,32,TRUE,FALSE,1.5185139398778875,3297,0.009705793145283591
Nepal,NPL,2001,0,FALSE,TRUE,0,878,0
Nepal,NPL,2002,0,FALSE,TRUE,0,3565,0
Nepal,NPL,2003,0,FALSE,TRUE,0,1138,0
Nepal,NPL,2004,0,FALSE,TRUE,0,1475,0
Nepal,NPL,2005,4,TRUE,FALSE,0.6989700043360189,2696,0.001483679525222552
Nepal,NPL,2006,6,TRUE,FALSE,0.8450980400142568,2245,0.0026726057906458797
Nepal,NPL,2007,6,TRUE,FALSE,0.8450980400142568,1541,0.003893575600259572
Nepal,NPL,2008,7,TRUE,FALSE,0.9030899869919436,1926,0.0036344755970924196
Nepal,NPL,2009,0,FALSE,TRUE,0,2020,0
Nepal,NPL,2010,7,TRUE,FALSE,0.9030899869919436,1988,0.0035211267605633804
Nepal,NPL,2011,0,FALSE,TRUE,0,826,0
Nepal,NPL,2012,0,FALSE,TRUE,0,325,0
Nepal,NPL,2013,0,FALSE,TRUE,0,565,0
Nepal,NPL,2014,0,FALSE,TRUE,0,469,0
Nepal,NPL,2015,0,FALSE,TRUE,0,139,0
Nepal,NPL,2016,0,FALSE,TRUE,0,49,0
Nepal,NPL,2017,0,FALSE,TRUE,0,131,0
Nepal,NPL,2018,0,FALSE,TRUE,0,203,0
Nepal,NPL,2019,0,FALSE,TRUE,0,656,0
Nepal,NPL,2020,0,FALSE,TRUE,0,1871,0
Netherlands,NLD,1980,0,FALSE,TRUE,0,368410,0
Netherlands,NLD,1981,7,TRUE,FALSE,0.9030899869919436,460159,1.5212133197438277e-5
Netherlands,NLD,1982,0,FALSE,TRUE,0,361396,0
Netherlands,NLD,1983,7,TRUE,FALSE,0.9030899869919436,279811,2.5016886398318866e-5
Netherlands,NLD,1984,7,TRUE,FALSE,0.9030899869919436,245588,2.8503021320259948e-5
Netherlands,NLD,1985,0,FALSE,TRUE,0,269381,0
Netherlands,NLD,1986,0,FALSE,TRUE,0,229922,0
Netherlands,NLD,1987,0,FALSE,TRUE,0,277781,0
Netherlands,NLD,1988,0,FALSE,TRUE,0,241624,0
Netherlands,NLD,1989,0,FALSE,TRUE,0,155499,0
Netherlands,NLD,1990,0,FALSE,TRUE,0,131538,0
Netherlands,NLD,1991,0,FALSE,TRUE,0,81574,0
Netherlands,NLD,1992,448,TRUE,FALSE,2.6522463410033232,100113,0.004474943314055117
Netherlands,NLD,1993,49,TRUE,FALSE,1.6989700043360187,73500,6.666666666666666e-4
Netherlands,NLD,1994,0,FALSE,TRUE,0,60662,0
Netherlands,NLD,1995,0,FALSE,TRUE,0,49301,0
Netherlands,NLD,1996,0,FALSE,TRUE,0,4517,0
Netherlands,NLD,1997,0,FALSE,TRUE,0,5755,0
Netherlands,NLD,1998,0,FALSE,TRUE,0,7044,0
Netherlands,NLD,1999,0,FALSE,TRUE,0,7925,0
Netherlands,NLD,2000,0,FALSE,TRUE,0,3297,0
Netherlands,NLD,2001,0,FALSE,TRUE,0,878,0
Netherlands,NLD,2002,0,FALSE,TRUE,0,3565,0
Netherlands,NLD,2003,0,FALSE,TRUE,0,1138,0
Netherlands,NLD,2004,0,FALSE,TRUE,0,1475,0
Netherlands,NLD,2005,0,FALSE,TRUE,0,2696,0
Netherlands,NLD,2006,0,FALSE,TRUE,0,2245,0
Netherlands,NLD,2007,0,FALSE,TRUE,0,1541,0
Netherlands,NLD,2008,0,FALSE,TRUE,0,1926,0
Netherlands,NLD,2009,0,FALSE,TRUE,0,2020,0
Netherlands,NLD,2010,0,FALSE,TRUE,0,1988,0
Netherlands,NLD,2011,0,FALSE,TRUE,0,826,0
Netherlands,NLD,2012,0,FALSE,TRUE,0,325,0
Netherlands,NLD,2013,0,FALSE,TRUE,0,565,0
Netherlands,NLD,2014,0,FALSE,TRUE,0,469,0
Netherlands,NLD,2015,0,FALSE,TRUE,0,139,0
Netherlands,NLD,2016,0,FALSE,TRUE,0,49,0
Netherlands,NLD,2017,0,FALSE,TRUE,0,131,0
Netherlands,NLD,2018,0,FALSE,TRUE,0,203,0
Netherlands,NLD,2019,0,FALSE,TRUE,0,656,0
Netherlands,NLD,2020,0,FALSE,TRUE,0,1871,0
New Zealand,NZL,1980,0,FALSE,TRUE,0,368410,0
New Zealand,NZL,1981,0,FALSE,TRUE,0,460159,0
New Zealand,NZL,1982,0,FALSE,TRUE,0,361396,0
New Zealand,NZL,1983,0,FALSE,TRUE,0,279811,0
New Zealand,NZL,1984,0,FALSE,TRUE,0,245588,0
New Zealand,NZL,1985,0,FALSE,TRUE,0,269381,0
New Zealand,NZL,1986,0,FALSE,TRUE,0,229922,0
New Zealand,NZL,1987,0,FALSE,TRUE,0,277781,0
New Zealand,NZL,1988,0,FALSE,TRUE,0,241624,0
New Zealand,NZL,1989,0,FALSE,TRUE,0,155499,0
New Zealand,NZL,1990,0,FALSE,TRUE,0,131538,0
New Zealand,NZL,1991,0,FALSE,TRUE,0,81574,0
New Zealand,NZL,1992,0,FALSE,TRUE,0,100113,0
New Zealand,NZL,1993,0,FALSE,TRUE,0,73500,0
New Zealand,NZL,1994,0,FALSE,TRUE,0,60662,0
New Zealand,NZL,1995,0,FALSE,TRUE,0,49301,0
New Zealand,NZL,1996,0,FALSE,TRUE,0,4517,0
New Zealand,NZL,1997,0,FALSE,TRUE,0,5755,0
New Zealand,NZL,1998,0,FALSE,TRUE,0,7044,0
New Zealand,NZL,1999,0,FALSE,TRUE,0,7925,0
New Zealand,NZL,2000,0,FALSE,TRUE,0,3297,0
New Zealand,NZL,2001,0,FALSE,TRUE,0,878,0
New Zealand,NZL,2002,0,FALSE,TRUE,0,3565,0
New Zealand,NZL,2003,0,FALSE,TRUE,0,1138,0
New Zealand,NZL,2004,0,FALSE,TRUE,0,1475,0
New Zealand,NZL,2005,0,FALSE,TRUE,0,2696,0
New Zealand,NZL,2006,0,FALSE,TRUE,0,2245,0
New Zealand,NZL,2007,0,FALSE,TRUE,0,1541,0
New Zealand,NZL,2008,0,FALSE,TRUE,0,1926,0
New Zealand,NZL,2009,0,FALSE,TRUE,0,2020,0
New Zealand,NZL,2010,0,FALSE,TRUE,0,1988,0
New Zealand,NZL,2011,0,FALSE,TRUE,0,826,0
New Zealand,NZL,2012,0,FALSE,TRUE,0,325,0
New Zealand,NZL,2013,0,FALSE,TRUE,0,565,0
New Zealand,NZL,2014,0,FALSE,TRUE,0,469,0
New Zealand,NZL,2015,0,FALSE,TRUE,0,139,0
New Zealand,NZL,2016,0,FALSE,TRUE,0,49,0
New Zealand,NZL,2017,0,FALSE,TRUE,0,131,0
New Zealand,NZL,2018,0,FALSE,TRUE,0,203,0
New Zealand,NZL,2019,0,FALSE,TRUE,0,656,0
New Zealand,NZL,2020,0,FALSE,TRUE,0,1871,0
Nicaragua,NIC,1980,147,TRUE,FALSE,2.1702617153949575,368410,3.990119703591108e-4
Nicaragua,NIC,1981,322,TRUE,FALSE,2.509202522331103,460159,6.997581270821607e-4
Nicaragua,NIC,1982,0,FALSE,TRUE,0,361396,0
Nicaragua,NIC,1983,0,FALSE,TRUE,0,279811,0
Nicaragua,NIC,1984,0,FALSE,TRUE,0,245588,0
Nicaragua,NIC,1985,0,FALSE,TRUE,0,269381,0
Nicaragua,NIC,1986,0,FALSE,TRUE,0,229922,0
Nicaragua,NIC,1987,0,FALSE,TRUE,0,277781,0
Nicaragua,NIC,1988,0,FALSE,TRUE,0,241624,0
Nicaragua,NIC,1989,0,FALSE,TRUE,0,155499,0
Nicaragua,NIC,1990,0,FALSE,TRUE,0,131538,0
Nicaragua,NIC,1991,0,FALSE,TRUE,0,81574,0
Nicaragua,NIC,1992,0,FALSE,TRUE,0,100113,0
Nicaragua,NIC,1993,0,FALSE,TRUE,0,73500,0
Nicaragua,NIC,1994,0,FALSE,TRUE,0,60662,0
Nicaragua,NIC,1995,0,FALSE,TRUE,0,49301,0
Nicaragua,NIC,1996,0,FALSE,TRUE,0,4517,0
Nicaragua,NIC,1997,0,FALSE,TRUE,0,5755,0
Nicaragua,NIC,1998,0,FALSE,TRUE,0,7044,0
Nicaragua,NIC,1999,0,FALSE,TRUE,0,7925,0
Nicaragua,NIC,2000,0,FALSE,TRUE,0,3297,0
Nicaragua,NIC,2001,0,FALSE,TRUE,0,878,0
Nicaragua,NIC,2002,0,FALSE,TRUE,0,3565,0
Nicaragua,NIC,2003,0,FALSE,TRUE,0,1138,0
Nicaragua,NIC,2004,0,FALSE,TRUE,0,1475,0
Nicaragua,NIC,2005,0,FALSE,TRUE,0,2696,0
Nicaragua,NIC,2006,0,FALSE,TRUE,0,2245,0
Nicaragua,NIC,2007,0,FALSE,TRUE,0,1541,0
Nicaragua,NIC,2008,0,FALSE,TRUE,0,1926,0
Nicaragua,NIC,2009,0,FALSE,TRUE,0,2020,0
Nicaragua,NIC,2010,0,FALSE,TRUE,0,1988,0
Nicaragua,NIC,2011,0,FALSE,TRUE,0,826,0
Nicaragua,NIC,2012,0,FALSE,TRUE,0,325,0
Nicaragua,NIC,2013,0,FALSE,TRUE,0,565,0
Nicaragua,NIC,2014,0,FALSE,TRUE,0,469,0
Nicaragua,NIC,2015,0,FALSE,TRUE,0,139,0
Nicaragua,NIC,2016,0,FALSE,TRUE,0,49,0
Nicaragua,NIC,2017,0,FALSE,TRUE,0,131,0
Nicaragua,NIC,2018,0,FALSE,TRUE,0,203,0
Nicaragua,NIC,2019,0,FALSE,TRUE,0,656,0
Nicaragua,NIC,2020,0,FALSE,TRUE,0,1871,0
Niger,NER,1980,2177,TRUE,FALSE,3.3380578754197563,368410,0.005909177275318259
Niger,NER,1981,1953,TRUE,FALSE,3.2909245593827543,460159,0.004244185162085279
Niger,NER,1982,1225,TRUE,FALSE,3.0884904701823963,361396,0.003389633532191834
Niger,NER,1983,1407,TRUE,FALSE,3.1486026548060932,279811,0.005028394166062092
Niger,NER,1984,1288,TRUE,FALSE,3.110252917353403,245588,0.00524455592292783
Niger,NER,1985,1022,TRUE,FALSE,3.00987563371216,269381,0.0037938830132785905
Niger,NER,1986,210,TRUE,FALSE,2.3242824552976926,229922,9.133532241368813e-4
Niger,NER,1987,168,TRUE,FALSE,2.2278867046136734,277781,6.04792984401381e-4
Niger,NER,1988,231,TRUE,FALSE,2.3654879848909,241624,9.560308578618019e-4
Niger,NER,1989,133,TRUE,FALSE,2.1271047983648077,155499,8.553109666300105e-4
Niger,NER,1990,224,TRUE,FALSE,2.3521825181113627,131538,0.0017029299518010004
Niger,NER,1991,399,TRUE,FALSE,2.6020599913279625,81574,0.004891264373452326
Niger,NER,1992,280,TRUE,FALSE,2.44870631990508,100113,0.0027968395712844487
Niger,NER,1993,287,TRUE,FALSE,2.459392487759231,73500,0.003904761904761905
Niger,NER,1994,434,TRUE,FALSE,2.6384892569546374,60662,0.007154396492037849
Niger,NER,1995,280,TRUE,FALSE,2.44870631990508,49301,0.0056793979838137155
Niger,NER,1996,44,TRUE,FALSE,1.6532125137753435,4517,0.00974097852557007
Niger,NER,1997,62,TRUE,FALSE,1.7993405494535817,5755,0.010773240660295395
Niger,NER,1998,9,TRUE,FALSE,1,7044,0.0012776831345826234
Niger,NER,1999,62,TRUE,FALSE,1.7993405494535817,7925,0.007823343848580442
Niger,NER,2000,37,TRUE,FALSE,1.57978359661681,3297,0.011222323324234153
Niger,NER,2001,7,TRUE,FALSE,0.9030899869919436,878,0.007972665148063782
Niger,NER,2002,3,TRUE,FALSE,0.6020599913279624,3565,8.415147265077139e-4
Niger,NER,2003,80,TRUE,FALSE,1.9084850188786495,1138,0.070298769771529
Niger,NER,2004,28,TRUE,FALSE,1.462397997898956,1475,0.018983050847457626
Niger,NER,2005,11,TRUE,FALSE,1.0791812460476249,2696,0.004080118694362018
Niger,NER,2006,14,TRUE,FALSE,1.1760912590556811,2245,0.0062360801781737195
Niger,NER,2007,12,TRUE,FALSE,1.1139433523068367,1541,0.007787151200519144
Niger,NER,2008,13,TRUE,FALSE,1.146128035678238,1926,0.006749740394600207
Niger,NER,2009,30,TRUE,FALSE,1.4913616938342726,2020,0.01485148514851485
Niger,NER,2010,3,TRUE,FALSE,0.6020599913279624,1988,0.0015090543259557343
Niger,NER,2011,7,TRUE,FALSE,0.9030899869919436,826,0.00847457627118644
Niger,NER,2012,2,TRUE,FALSE,0.4771212547196624,325,0.006153846153846154
Niger,NER,2013,1,TRUE,FALSE,0.3010299956639812,565,0.0017699115044247787
Niger,NER,2014,0,FALSE,TRUE,0,469,0
Niger,NER,2015,0,FALSE,TRUE,0,139,0
Niger,NER,2016,0,FALSE,TRUE,0,49,0
Niger,NER,2017,0,FALSE,TRUE,0,131,0
Niger,NER,2018,20,TRUE,FALSE,1.3222192947339193,203,0.09852216748768473
Niger,NER,2019,1,TRUE,FALSE,0.3010299956639812,656,0.001524390243902439
Niger,NER,2020,20,TRUE,FALSE,1.3222192947339193,1871,0.010689470871191877
Nigeria,NGA,1980,5712,TRUE,FALSE,3.756864224060549,368410,0.015504465133954018
Nigeria,NGA,1981,2345,TRUE,FALSE,3.3703280077795106,460159,0.005096064621141823
Nigeria,NGA,1982,2765,TRUE,FALSE,3.441852175773292,361396,0.00765088711551871
Nigeria,NGA,1983,2744,TRUE,FALSE,3.43854234878611,279811,0.009806619468140996
Nigeria,NGA,1984,4375,TRUE,FALSE,3.641077313325374,245588,0.017814388325162467
Nigeria,NGA,1985,6713,TRUE,FALSE,3.826981336911994,269381,0.02492009458722033
Nigeria,NGA,1986,3171,TRUE,FALSE,3.501333178645566,229922,0.013791633684466906
Nigeria,NGA,1987,4242,TRUE,FALSE,3.627673031766616,277781,0.015271022856134868
Nigeria,NGA,1988,10220,TRUE,FALSE,4.00949338828754,241624,0.04229712280237063
Nigeria,NGA,1989,3185,TRUE,FALSE,3.503245771465113,155499,0.020482446832455516
Nigeria,NGA,1990,13111,TRUE,FALSE,4.117668940562442,131538,0.0996746187413523
Nigeria,NGA,1991,5894,TRUE,FALSE,3.770483809431108,81574,0.07225341407801505
Nigeria,NGA,1992,6699,TRUE,FALSE,3.8260748027008264,100113,0.06691438674298043
Nigeria,NGA,1993,7581,TRUE,FALSE,3.879783780090416,73500,0.10314285714285715
Nigeria,NGA,1994,3514,TRUE,FALSE,3.5459253293558426,60662,0.05792753288714517
Nigeria,NGA,1995,3073,TRUE,FALSE,3.4877038631637265,49301,0.06233139287235553
Nigeria,NGA,1996,1046,TRUE,FALSE,3.0199466816788423,4517,0.23156962585787028
Nigeria,NGA,1997,425,TRUE,FALSE,2.629409599102719,5755,0.0738488271068636
Nigeria,NGA,1998,346,TRUE,FALSE,2.5403294747908736,7044,0.0491198182850653
Nigeria,NGA,1999,1089,TRUE,FALSE,3.037426497940624,7925,0.13741324921135648
Nigeria,NGA,2000,708,TRUE,FALSE,2.8506462351830666,3297,0.21474067333939945
Nigeria,NGA,2001,112,TRUE,FALSE,2.0530784434834195,878,0.1275626423690205
Nigeria,NGA,2002,224,TRUE,FALSE,2.3521825181113627,3565,0.06283309957924264
Nigeria,NGA,2003,394,TRUE,FALSE,2.59659709562646,1138,0.3462214411247803
Nigeria,NGA,2004,868,TRUE,FALSE,2.9390197764486663,1475,0.5884745762711865
Nigeria,NGA,2005,922,TRUE,FALSE,2.965201701025912,2696,0.34198813056379823
Nigeria,NGA,2006,1269,TRUE,FALSE,3.103803720955957,2245,0.5652561247216036
Nigeria,NGA,2007,392,TRUE,FALSE,2.5943925503754266,1541,0.254380272550292
Nigeria,NGA,2008,961,TRUE,FALSE,2.983175072037813,1926,0.4989615784008307
Nigeria,NGA,2009,602,TRUE,FALSE,2.780317312140151,2020,0.298019801980198
Nigeria,NGA,2010,53,TRUE,FALSE,1.7323937598229686,1988,0.02665995975855131
Nigeria,NGA,2011,105,TRUE,FALSE,2.0253058652647704,826,0.1271186440677966
Nigeria,NGA,2012,144,TRUE,FALSE,2.161368002234975,325,0.4430769230769231
Nigeria,NGA,2013,63,TRUE,FALSE,1.806179973983887,565,0.11150442477876106
Nigeria,NGA,2014,40,TRUE,FALSE,1.6127838567197357,469,0.08528784648187633
Nigeria,NGA,2015,1,TRUE,FALSE,0.3010299956639812,139,0.007194244604316547
Nigeria,NGA,2016,6,TRUE,FALSE,0.8450980400142568,49,0.12244897959183673
Nigeria,NGA,2017,0,FALSE,TRUE,0,131,0
Nigeria,NGA,2018,38,TRUE,FALSE,1.591064607026499,203,0.18719211822660098
Nigeria,NGA,2019,20,TRUE,FALSE,1.3222192947339193,656,0.03048780487804878
Nigeria,NGA,2020,9,TRUE,FALSE,1,1871,0.004810261892036344
Niue,NIU,1980,0,FALSE,TRUE,0,368410,0
Niue,NIU,1981,0,FALSE,TRUE,0,460159,0
Niue,NIU,1982,0,FALSE,TRUE,0,361396,0
Niue,NIU,1983,0,FALSE,TRUE,0,279811,0
Niue,NIU,1984,0,FALSE,TRUE,0,245588,0
Niue,NIU,1985,0,FALSE,TRUE,0,269381,0
Niue,NIU,1986,0,FALSE,TRUE,0,229922,0
Niue,NIU,1987,0,FALSE,TRUE,0,277781,0
Niue,NIU,1988,0,FALSE,TRUE,0,241624,0
Niue,NIU,1989,0,FALSE,TRUE,0,155499,0
Niue,NIU,1990,0,FALSE,TRUE,0,131538,0
Niue,NIU,1991,0,FALSE,TRUE,0,81574,0
Niue,NIU,1992,0,FALSE,TRUE,0,100113,0
Niue,NIU,1993,0,FALSE,TRUE,0,73500,0
Niue,NIU,1994,0,FALSE,TRUE,0,60662,0
Niue,NIU,1995,0,FALSE,TRUE,0,49301,0
Niue,NIU,1996,0,FALSE,TRUE,0,4517,0
Niue,NIU,1997,0,FALSE,TRUE,0,5755,0
Niue,NIU,1998,0,FALSE,TRUE,0,7044,0
Niue,NIU,1999,0,FALSE,TRUE,0,7925,0
Niue,NIU,2000,0,FALSE,TRUE,0,3297,0
Niue,NIU,2001,0,FALSE,TRUE,0,878,0
Niue,NIU,2002,0,FALSE,TRUE,0,3565,0
Niue,NIU,2003,0,FALSE,TRUE,0,1138,0
Niue,NIU,2004,0,FALSE,TRUE,0,1475,0
Niue,NIU,2005,0,FALSE,TRUE,0,2696,0
Niue,NIU,2006,0,FALSE,TRUE,0,2245,0
Niue,NIU,2007,0,FALSE,TRUE,0,1541,0
Niue,NIU,2008,0,FALSE,TRUE,0,1926,0
Niue,NIU,2010,0,FALSE,TRUE,0,1988,0
North Korea,PRK,1980,0,FALSE,TRUE,0,368410,0
North Korea,PRK,1981,0,FALSE,TRUE,0,460159,0
North Korea,PRK,1982,0,FALSE,TRUE,0,361396,0
North Korea,PRK,1983,0,FALSE,TRUE,0,279811,0
North Korea,PRK,1984,0,FALSE,TRUE,0,245588,0
North Korea,PRK,1985,0,FALSE,TRUE,0,269381,0
North Korea,PRK,1986,0,FALSE,TRUE,0,229922,0
North Korea,PRK,1987,266,TRUE,FALSE,2.4265112613645754,277781,9.575888919688532e-4
North Korea,PRK,1988,56,TRUE,FALSE,1.7558748556724917,241624,2.317650564513459e-4
North Korea,PRK,1989,0,FALSE,TRUE,0,155499,0
North Korea,PRK,1990,0,FALSE,TRUE,0,131538,0
North Korea,PRK,1991,0,FALSE,TRUE,0,81574,0
North Korea,PRK,1992,0,FALSE,TRUE,0,100113,0
North Korea,PRK,1994,0,FALSE,TRUE,0,60662,0
North Korea,PRK,1995,49,TRUE,FALSE,1.6989700043360187,49301,9.938946471674003e-4
North Korea,PRK,1996,7,TRUE,FALSE,0.9030899869919436,4517,0.0015497011290679654
North Korea,PRK,1997,0,FALSE,TRUE,0,5755,0
North Korea,PRK,1998,0,FALSE,TRUE,0,7044,0
North Korea,PRK,1999,0,FALSE,TRUE,0,7925,0
North Korea,PRK,2000,0,FALSE,TRUE,0,3297,0
North Korea,PRK,2001,0,FALSE,TRUE,0,878,0
North Korea,PRK,2002,0,FALSE,TRUE,0,3565,0
North Korea,PRK,2003,0,FALSE,TRUE,0,1138,0
North Korea,PRK,2004,0,FALSE,TRUE,0,1475,0
North Korea,PRK,2005,0,FALSE,TRUE,0,2696,0
North Korea,PRK,2006,0,FALSE,TRUE,0,2245,0
North Korea,PRK,2007,0,FALSE,TRUE,0,1541,0
North Korea,PRK,2008,0,FALSE,TRUE,0,1926,0
North Korea,PRK,2009,0,FALSE,TRUE,0,2020,0
North Korea,PRK,2010,0,FALSE,TRUE,0,1988,0
North Korea,PRK,2011,0,FALSE,TRUE,0,826,0
North Korea,PRK,2012,0,FALSE,TRUE,0,325,0
North Korea,PRK,2013,0,FALSE,TRUE,0,565,0
North Korea,PRK,2014,0,FALSE,TRUE,0,469,0
North Korea,PRK,2015,0,FALSE,TRUE,0,139,0
North Korea,PRK,2016,0,FALSE,TRUE,0,49,0
North Korea,PRK,2017,0,FALSE,TRUE,0,131,0
North Korea,PRK,2018,0,FALSE,TRUE,0,203,0
North Korea,PRK,2019,0,FALSE,TRUE,0,656,0
North Korea,PRK,2020,0,FALSE,TRUE,0,1871,0
North Macedonia,MKD,1991,0,FALSE,TRUE,0,81574,0
North Macedonia,MKD,1992,0,FALSE,TRUE,0,100113,0
North Macedonia,MKD,1993,0,FALSE,TRUE,0,73500,0
North Macedonia,MKD,1994,0,FALSE,TRUE,0,60662,0
North Macedonia,MKD,1995,0,FALSE,TRUE,0,49301,0
North Macedonia,MKD,1996,0,FALSE,TRUE,0,4517,0
North Macedonia,MKD,1997,0,FALSE,TRUE,0,5755,0
North Macedonia,MKD,1998,0,FALSE,TRUE,0,7044,0
North Macedonia,MKD,1999,0,FALSE,TRUE,0,7925,0
North Macedonia,MKD,2000,0,FALSE,TRUE,0,3297,0
North Macedonia,MKD,2001,0,FALSE,TRUE,0,878,0
North Macedonia,MKD,2002,0,FALSE,TRUE,0,3565,0
North Macedonia,MKD,2003,0,FALSE,TRUE,0,1138,0
North Macedonia,MKD,2004,0,FALSE,TRUE,0,1475,0
North Macedonia,MKD,2005,0,FALSE,TRUE,0,2696,0
North Macedonia,MKD,2006,0,FALSE,TRUE,0,2245,0
North Macedonia,MKD,2007,0,FALSE,TRUE,0,1541,0
North Macedonia,MKD,2008,0,FALSE,TRUE,0,1926,0
North Macedonia,MKD,2009,0,FALSE,TRUE,0,2020,0
North Macedonia,MKD,2010,0,FALSE,TRUE,0,1988,0
North Macedonia,MKD,2011,0,FALSE,TRUE,0,826,0
North Macedonia,MKD,2012,0,FALSE,TRUE,0,325,0
North Macedonia,MKD,2013,0,FALSE,TRUE,0,565,0
North Macedonia,MKD,2014,0,FALSE,TRUE,0,469,0
North Macedonia,MKD,2015,0,FALSE,TRUE,0,139,0
North Macedonia,MKD,2016,0,FALSE,TRUE,0,49,0
North Macedonia,MKD,2017,0,FALSE,TRUE,0,131,0
North Macedonia,MKD,2018,0,FALSE,TRUE,0,203,0
North Macedonia,MKD,2019,0,FALSE,TRUE,0,656,0
North Macedonia,MKD,2020,0,FALSE,TRUE,0,1871,0
Norway,NOR,1980,0,FALSE,TRUE,0,368410,0
Norway,NOR,1981,7,TRUE,FALSE,0.9030899869919436,460159,1.5212133197438277e-5
Norway,NOR,1982,7,TRUE,FALSE,0.9030899869919436,361396,1.9369334469667624e-5
Norway,NOR,1983,0,FALSE,TRUE,0,279811,0
Norway,NOR,1984,0,FALSE,TRUE,0,245588,0
Norway,NOR,1985,0,FALSE,TRUE,0,269381,0
Norway,NOR,1986,0,FALSE,TRUE,0,229922,0
Norway,NOR,1987,0,FALSE,TRUE,0,277781,0
Norway,NOR,1988,0,FALSE,TRUE,0,241624,0
Norway,NOR,1989,0,FALSE,TRUE,0,155499,0
Norway,NOR,1990,0,FALSE,TRUE,0,131538,0
Norway,NOR,1991,0,FALSE,TRUE,0,81574,0
Norway,NOR,1992,7,TRUE,FALSE,0.9030899869919436,100113,6.992098928211121e-5
Norway,NOR,1993,0,FALSE,TRUE,0,73500,0
Norway,NOR,1994,0,FALSE,TRUE,0,60662,0
Norway,NOR,1995,0,FALSE,TRUE,0,49301,0
Norway,NOR,1996,0,FALSE,TRUE,0,4517,0
Norway,NOR,1997,0,FALSE,TRUE,0,5755,0
Norway,NOR,1998,0,FALSE,TRUE,0,7044,0
Norway,NOR,1999,0,FALSE,TRUE,0,7925,0
Norway,NOR,2000,0,FALSE,TRUE,0,3297,0
Norway,NOR,2001,0,FALSE,TRUE,0,878,0
Norway,NOR,2002,0,FALSE,TRUE,0,3565,0
Norway,NOR,2003,0,FALSE,TRUE,0,1138,0
Norway,NOR,2004,0,FALSE,TRUE,0,1475,0
Norway,NOR,2005,0,FALSE,TRUE,0,2696,0
Norway,NOR,2006,0,FALSE,TRUE,0,2245,0
Norway,NOR,2007,0,FALSE,TRUE,0,1541,0
Norway,NOR,2008,0,FALSE,TRUE,0,1926,0
Norway,NOR,2009,0,FALSE,TRUE,0,2020,0
Norway,NOR,2010,0,FALSE,TRUE,0,1988,0
Norway,NOR,2011,0,FALSE,TRUE,0,826,0
Norway,NOR,2012,0,FALSE,TRUE,0,325,0
Norway,NOR,2013,0,FALSE,TRUE,0,565,0
Norway,NOR,2014,0,FALSE,TRUE,0,469,0
Norway,NOR,2015,0,FALSE,TRUE,0,139,0
Norway,NOR,2016,0,FALSE,TRUE,0,49,0
Norway,NOR,2017,0,FALSE,TRUE,0,131,0
Norway,NOR,2018,0,FALSE,TRUE,0,203,0
Norway,NOR,2019,0,FALSE,TRUE,0,656,0
Norway,NOR,2020,0,FALSE,TRUE,0,1871,0
Oman,OMN,1980,259,TRUE,FALSE,2.4149733479708178,368410,7.03021090632719e-4
Oman,OMN,1981,301,TRUE,FALSE,2.4800069429571505,460159,6.54121727489846e-4
Oman,OMN,1982,567,TRUE,FALSE,2.754348335711019,361396,0.0015689160920430774
Oman,OMN,1983,266,TRUE,FALSE,2.4265112613645754,279811,9.506416831361169e-4
Oman,OMN,1984,210,TRUE,FALSE,2.3242824552976926,245588,8.550906396077984e-4
Oman,OMN,1985,231,TRUE,FALSE,2.3654879848909,269381,8.575215030013252e-4
Oman,OMN,1986,63,TRUE,FALSE,1.806179973983887,229922,2.740059672410644e-4
Oman,OMN,1987,42,TRUE,FALSE,1.6334684555795864,277781,1.5119824610034525e-4
Oman,OMN,1988,131,TRUE,FALSE,2.12057393120585,241624,5.421646856272555e-4
Oman,OMN,1989,35,TRUE,FALSE,1.5563025007672873,155499,2.2508183332368696e-4
Oman,OMN,1990,0,FALSE,TRUE,0,131538,0
Oman,OMN,1991,28,TRUE,FALSE,1.462397997898956,81574,3.432466226984088e-4
Oman,OMN,1992,0,FALSE,TRUE,0,100113,0
Oman,OMN,1993,14,TRUE,FALSE,1.1760912590556811,73500,1.9047619047619048e-4
Oman,OMN,1994,0,FALSE,TRUE,0,60662,0
Oman,OMN,1995,0,FALSE,TRUE,0,49301,0
Oman,OMN,1996,0,FALSE,TRUE,0,4517,0
Oman,OMN,1997,0,FALSE,TRUE,0,5755,0
Oman,OMN,1998,0,FALSE,TRUE,0,7044,0
Oman,OMN,1999,0,FALSE,TRUE,0,7925,0
Oman,OMN,2000,0,FALSE,TRUE,0,3297,0
Oman,OMN,2001,0,FALSE,TRUE,0,878,0
Oman,OMN,2002,0,FALSE,TRUE,0,3565,0
Oman,OMN,2003,0,FALSE,TRUE,0,1138,0
Oman,OMN,2004,0,FALSE,TRUE,0,1475,0
Oman,OMN,2005,0,FALSE,TRUE,0,2696,0
Oman,OMN,2006,0,FALSE,TRUE,0,2245,0
Oman,OMN,2007,0,FALSE,TRUE,0,1541,0
Oman,OMN,2008,0,FALSE,TRUE,0,1926,0
Oman,OMN,2009,0,FALSE,TRUE,0,2020,0
Oman,OMN,2010,0,FALSE,TRUE,0,1988,0
Oman,OMN,2011,0,FALSE,TRUE,0,826,0
Oman,OMN,2012,0,FALSE,TRUE,0,325,0
Oman,OMN,2013,0,FALSE,TRUE,0,565,0
Oman,OMN,2014,0,FALSE,TRUE,0,469,0
Oman,OMN,2015,0,FALSE,TRUE,0,139,0
Oman,OMN,2016,0,FALSE,TRUE,0,49,0
Oman,OMN,2017,0,FALSE,TRUE,0,131,0
Oman,OMN,2018,0,FALSE,TRUE,0,203,0
Oman,OMN,2019,0,FALSE,TRUE,0,656,0
Oman,OMN,2020,0,FALSE,TRUE,0,1871,0
Pakistan,PAK,1980,20860,TRUE,FALSE,4.319335123077688,368410,0.05662169865095953
Pakistan,PAK,1981,30338,TRUE,FALSE,4.4820012619602965,460159,0.0659293852776975
Pakistan,PAK,1982,24542,TRUE,FALSE,4.389927647380955,361396,0.06790888665065468
Pakistan,PAK,1983,6307,TRUE,FALSE,3.799891684656865,279811,0.022540214644885297
Pakistan,PAK,1984,4165,TRUE,FALSE,3.619719265611727,245588,0.01695929768555467
Pakistan,PAK,1985,15113,TRUE,FALSE,4.179379417881757,269381,0.05610269469635943
Pakistan,PAK,1986,4501,TRUE,FALSE,3.6534054906645017,229922,0.01957620410400049
Pakistan,PAK,1987,8498,TRUE,FALSE,3.9293678292401,277781,0.03059244512763652
Pakistan,PAK,1988,6545,TRUE,FALSE,3.8159760009719856,241624,0.02708754097275105
Pakistan,PAK,1989,5677,TRUE,FALSE,3.7541953881898382,155499,0.036508273365102026
Pakistan,PAK,1990,5439,TRUE,FALSE,3.73559889969818,131538,0.04134926789216804
Pakistan,PAK,1991,8029,TRUE,FALSE,3.904715545278681,81574,0.09842596905876873
Pakistan,PAK,1992,7322,TRUE,FALSE,3.864689034136851,100113,0.07313735478908832
Pakistan,PAK,1993,12621,TRUE,FALSE,4.101128175838757,73500,0.1717142857142857
Pakistan,PAK,1994,3689,TRUE,FALSE,3.56702636615906,60662,0.06081237018232172
Pakistan,PAK,1995,3556,TRUE,FALSE,3.55108386518578,49301,0.07212835439443419
Pakistan,PAK,1996,379,TRUE,FALSE,2.57978359661681,4517,0.08390524684525127
Pakistan,PAK,1997,1273,TRUE,FALSE,3.1051694279993316,5755,0.22119895742832318
Pakistan,PAK,1998,379,TRUE,FALSE,2.57978359661681,7044,0.05380465644520159
Pakistan,PAK,1999,619,TRUE,FALSE,2.792391689498254,7925,0.07810725552050474
Pakistan,PAK,2000,221,TRUE,FALSE,2.346352974450639,3297,0.0670306339096148
Pakistan,PAK,2001,132,TRUE,FALSE,2.123851640967086,878,0.15034168564920272
Pakistan,PAK,2002,100,TRUE,FALSE,2.004321373782642,3565,0.028050490883590462
Pakistan,PAK,2003,114,TRUE,FALSE,2.060697840353612,1138,0.10017574692442882
Pakistan,PAK,2004,59,TRUE,FALSE,1.7781512503836436,1475,0.04
Pakistan,PAK,2005,31,TRUE,FALSE,1.505149978319906,2696,0.011498516320474777
Pakistan,PAK,2006,44,TRUE,FALSE,1.6532125137753435,2245,0.019599109131403118
Pakistan,PAK,2007,36,TRUE,FALSE,1.568201724066995,1541,0.02336145360155743
Pakistan,PAK,2008,130,TRUE,FALSE,2.1172712956557644,1926,0.06749740394600208
Pakistan,PAK,2009,99,TRUE,FALSE,2,2020,0.04900990099009901
Pakistan,PAK,2010,160,TRUE,FALSE,2.2068258760318495,1988,0.08048289738430583
Pakistan,PAK,2011,220,TRUE,FALSE,2.3443922736851106,826,0.26634382566585957
Pakistan,PAK,2012,82,TRUE,FALSE,1.919078092376074,325,0.2523076923076923
Pakistan,PAK,2013,157,TRUE,FALSE,2.198657086954422,565,0.2778761061946903
Pakistan,PAK,2014,364,TRUE,FALSE,2.562292864456474,469,0.7761194029850746
Pakistan,PAK,2015,62,TRUE,FALSE,1.7993405494535817,139,0.4460431654676259
Pakistan,PAK,2016,23,TRUE,FALSE,1.380211241711606,49,0.46938775510204084
Pakistan,PAK,2017,9,TRUE,FALSE,1,131,0.06870229007633588
Pakistan,PAK,2018,13,TRUE,FALSE,1.146128035678238,203,0.06403940886699508
Pakistan,PAK,2019,188,TRUE,FALSE,2.2764618041732443,656,0.2865853658536585
Pakistan,PAK,2020,243,TRUE,FALSE,2.387389826338729,1871,0.12987707108498128
Palau,PLW,1980,0,FALSE,TRUE,0,368410,0
Palau,PLW,1981,0,FALSE,TRUE,0,460159,0
Palau,PLW,1982,0,FALSE,TRUE,0,361396,0
Palau,PLW,1983,0,FALSE,TRUE,0,279811,0
Palau,PLW,1984,0,FALSE,TRUE,0,245588,0
Palau,PLW,1985,0,FALSE,TRUE,0,269381,0
Palau,PLW,1986,0,FALSE,TRUE,0,229922,0
Palau,PLW,1987,0,FALSE,TRUE,0,277781,0
Palau,PLW,1988,0,FALSE,TRUE,0,241624,0
Palau,PLW,1989,0,FALSE,TRUE,0,155499,0
Palau,PLW,1990,0,FALSE,TRUE,0,131538,0
Palau,PLW,1991,0,FALSE,TRUE,0,81574,0
Palau,PLW,1992,0,FALSE,TRUE,0,100113,0
Palau,PLW,1993,0,FALSE,TRUE,0,73500,0
Palau,PLW,1994,0,FALSE,TRUE,0,60662,0
Palau,PLW,1995,0,FALSE,TRUE,0,49301,0
Palau,PLW,1996,0,FALSE,TRUE,0,4517,0
Palau,PLW,1997,0,FALSE,TRUE,0,5755,0
Palau,PLW,1998,0,FALSE,TRUE,0,7044,0
Palau,PLW,1999,0,FALSE,TRUE,0,7925,0
Palau,PLW,2000,0,FALSE,TRUE,0,3297,0
Palau,PLW,2001,0,FALSE,TRUE,0,878,0
Palau,PLW,2002,0,FALSE,TRUE,0,3565,0
Palau,PLW,2003,0,FALSE,TRUE,0,1138,0
Palau,PLW,2004,0,FALSE,TRUE,0,1475,0
Palau,PLW,2005,0,FALSE,TRUE,0,2696,0
Palau,PLW,2006,0,FALSE,TRUE,0,2245,0
Palau,PLW,2007,0,FALSE,TRUE,0,1541,0
Palau,PLW,2008,0,FALSE,TRUE,0,1926,0
Palau,PLW,2010,0,FALSE,TRUE,0,1988,0
Palestine,PSE,2001,0,FALSE,TRUE,0,878,0
Palestine,PSE,2002,0,FALSE,TRUE,0,3565,0
Palestine,PSE,2003,0,FALSE,TRUE,0,1138,0
Palestine,PSE,2004,0,FALSE,TRUE,0,1475,0
Palestine,PSE,2005,0,FALSE,TRUE,0,2696,0
Palestine,PSE,2006,0,FALSE,TRUE,0,2245,0
Palestine,PSE,2007,0,FALSE,TRUE,0,1541,0
Palestine,PSE,2008,0,FALSE,TRUE,0,1926,0
Palestine,PSE,2009,0,FALSE,TRUE,0,2020,0
Palestine,PSE,2010,0,FALSE,TRUE,0,1988,0
Palestine,PSE,2011,0,FALSE,TRUE,0,826,0
Palestine,PSE,2012,0,FALSE,TRUE,0,325,0
Palestine,PSE,2013,0,FALSE,TRUE,0,565,0
Palestine,PSE,2014,0,FALSE,TRUE,0,469,0
Palestine,PSE,2015,0,FALSE,TRUE,0,139,0
Palestine,PSE,2016,0,FALSE,TRUE,0,49,0
Palestine,PSE,2017,0,FALSE,TRUE,0,131,0
Palestine,PSE,2018,0,FALSE,TRUE,0,203,0
Palestine,PSE,2019,0,FALSE,TRUE,0,656,0
Palestine,PSE,2020,0,FALSE,TRUE,0,1871,0
Panama,PAN,1980,0,FALSE,TRUE,0,368410,0
Panama,PAN,1981,0,FALSE,TRUE,0,460159,0
Panama,PAN,1982,0,FALSE,TRUE,0,361396,0
Panama,PAN,1983,0,FALSE,TRUE,0,279811,0
Panama,PAN,1984,0,FALSE,TRUE,0,245588,0
Panama,PAN,1985,0,FALSE,TRUE,0,269381,0
Panama,PAN,1986,0,FALSE,TRUE,0,229922,0
Panama,PAN,1987,0,FALSE,TRUE,0,277781,0
Panama,PAN,1988,0,FALSE,TRUE,0,241624,0
Panama,PAN,1989,0,FALSE,TRUE,0,155499,0
Panama,PAN,1990,0,FALSE,TRUE,0,131538,0
Panama,PAN,1991,0,FALSE,TRUE,0,81574,0
Panama,PAN,1992,0,FALSE,TRUE,0,100113,0
Panama,PAN,1993,0,FALSE,TRUE,0,73500,0
Panama,PAN,1994,0,FALSE,TRUE,0,60662,0
Panama,PAN,1995,0,FALSE,TRUE,0,49301,0
Panama,PAN,1996,0,FALSE,TRUE,0,4517,0
Panama,PAN,1997,0,FALSE,TRUE,0,5755,0
Panama,PAN,1998,0,FALSE,TRUE,0,7044,0
Panama,PAN,1999,0,FALSE,TRUE,0,7925,0
Panama,PAN,2000,0,FALSE,TRUE,0,3297,0
Panama,PAN,2001,0,FALSE,TRUE,0,878,0
Panama,PAN,2002,0,FALSE,TRUE,0,3565,0
Panama,PAN,2003,0,FALSE,TRUE,0,1138,0
Panama,PAN,2004,0,FALSE,TRUE,0,1475,0
Panama,PAN,2005,0,FALSE,TRUE,0,2696,0
Panama,PAN,2006,0,FALSE,TRUE,0,2245,0
Panama,PAN,2007,0,FALSE,TRUE,0,1541,0
Panama,PAN,2008,0,FALSE,TRUE,0,1926,0
Panama,PAN,2009,0,FALSE,TRUE,0,2020,0
Panama,PAN,2010,0,FALSE,TRUE,0,1988,0
Panama,PAN,2011,0,FALSE,TRUE,0,826,0
Panama,PAN,2012,0,FALSE,TRUE,0,325,0
Panama,PAN,2013,0,FALSE,TRUE,0,565,0
Panama,PAN,2014,0,FALSE,TRUE,0,469,0
Panama,PAN,2015,0,FALSE,TRUE,0,139,0
Panama,PAN,2016,0,FALSE,TRUE,0,49,0
Panama,PAN,2017,0,FALSE,TRUE,0,131,0
Panama,PAN,2018,0,FALSE,TRUE,0,203,0
Panama,PAN,2019,0,FALSE,TRUE,0,656,0
Panama,PAN,2020,0,FALSE,TRUE,0,1871,0
Papua New Guinea,PNG,1980,154,TRUE,FALSE,2.1903316981702914,368410,4.180125403762113e-4
Papua New Guinea,PNG,1981,63,TRUE,FALSE,1.806179973983887,460159,1.369091987769445e-4
Papua New Guinea,PNG,1982,126,TRUE,FALSE,2.103803720955957,361396,3.486480204540172e-4
Papua New Guinea,PNG,1983,56,TRUE,FALSE,1.7558748556724917,279811,2.0013509118655093e-4
Papua New Guinea,PNG,1984,126,TRUE,FALSE,2.103803720955957,245588,5.130543837646791e-4
Papua New Guinea,PNG,1985,63,TRUE,FALSE,1.806179973983887,269381,2.3386950081854326e-4
Papua New Guinea,PNG,1986,168,TRUE,FALSE,2.2278867046136734,229922,7.30682579309505e-4
Papua New Guinea,PNG,1987,28,TRUE,FALSE,1.462397997898956,277781,1.0079883073356349e-4
Papua New Guinea,PNG,1988,126,TRUE,FALSE,2.103803720955957,241624,5.214713770155283e-4
Papua New Guinea,PNG,1989,182,TRUE,FALSE,2.2624510897304293,155499,0.0011704255332831723
Papua New Guinea,PNG,1990,63,TRUE,FALSE,1.806179973983887,131538,4.789490489440314e-4
Papua New Guinea,PNG,1991,0,FALSE,TRUE,0,81574,0
Papua New Guinea,PNG,1992,0,FALSE,TRUE,0,100113,0
Papua New Guinea,PNG,1993,0,FALSE,TRUE,0,73500,0
Papua New Guinea,PNG,1994,14,TRUE,FALSE,1.1760912590556811,60662,2.3078698361412417e-4
Papua New Guinea,PNG,1995,0,FALSE,TRUE,0,49301,0
Papua New Guinea,PNG,1996,0,FALSE,TRUE,0,4517,0
Papua New Guinea,PNG,1997,0,FALSE,TRUE,0,5755,0
Papua New Guinea,PNG,1998,0,FALSE,TRUE,0,7044,0
Papua New Guinea,PNG,1999,0,FALSE,TRUE,0,7925,0
Papua New Guinea,PNG,2000,0,FALSE,TRUE,0,3297,0
Papua New Guinea,PNG,2001,0,FALSE,TRUE,0,878,0
Papua New Guinea,PNG,2002,0,FALSE,TRUE,0,3565,0
Papua New Guinea,PNG,2003,0,FALSE,TRUE,0,1138,0
Papua New Guinea,PNG,2004,0,FALSE,TRUE,0,1475,0
Papua New Guinea,PNG,2005,0,FALSE,TRUE,0,2696,0
Papua New Guinea,PNG,2006,0,FALSE,TRUE,0,2245,0
Papua New Guinea,PNG,2007,0,FALSE,TRUE,0,1541,0
Papua New Guinea,PNG,2008,0,FALSE,TRUE,0,1926,0
Papua New Guinea,PNG,2009,0,FALSE,TRUE,0,2020,0
Papua New Guinea,PNG,2010,0,FALSE,TRUE,0,1988,0
Papua New Guinea,PNG,2011,0,FALSE,TRUE,0,826,0
Papua New Guinea,PNG,2012,0,FALSE,TRUE,0,325,0
Papua New Guinea,PNG,2013,0,FALSE,TRUE,0,565,0
Papua New Guinea,PNG,2014,0,FALSE,TRUE,0,469,0
Papua New Guinea,PNG,2015,0,FALSE,TRUE,0,139,0
Papua New Guinea,PNG,2016,0,FALSE,TRUE,0,49,0
Papua New Guinea,PNG,2017,0,FALSE,TRUE,0,131,0
Papua New Guinea,PNG,2018,52,TRUE,FALSE,1.724275869600789,203,0.2561576354679803
Papua New Guinea,PNG,2019,0,FALSE,TRUE,0,656,0
Papua New Guinea,PNG,2020,0,FALSE,TRUE,0,1871,0
Paraguay,PRY,1980,49,TRUE,FALSE,1.6989700043360187,368410,1.330039901197036e-4
Paraguay,PRY,1981,371,TRUE,FALSE,2.5705429398818973,460159,8.062430594642287e-4
Paraguay,PRY,1982,518,TRUE,FALSE,2.7151673578484576,361396,0.001433330750755404
Paraguay,PRY,1983,84,TRUE,FALSE,1.9294189257142929,279811,3.0020263677982636e-4
Paraguay,PRY,1984,14,TRUE,FALSE,1.1760912590556811,245588,5.7006042640519895e-5
Paraguay,PRY,1985,21,TRUE,FALSE,1.3424226808222062,269381,7.795650027284775e-5
Paraguay,PRY,1986,0,FALSE,TRUE,0,229922,0
Paraguay,PRY,1987,0,FALSE,TRUE,0,277781,0
Paraguay,PRY,1988,14,TRUE,FALSE,1.1760912590556811,241624,5.794126411283647e-5
Paraguay,PRY,1989,0,FALSE,TRUE,0,155499,0
Paraguay,PRY,1990,0,FALSE,TRUE,0,131538,0
Paraguay,PRY,1991,0,FALSE,TRUE,0,81574,0
Paraguay,PRY,1992,0,FALSE,TRUE,0,100113,0
Paraguay,PRY,1993,0,FALSE,TRUE,0,73500,0
Paraguay,PRY,1994,0,FALSE,TRUE,0,60662,0
Paraguay,PRY,1995,0,FALSE,TRUE,0,49301,0
Paraguay,PRY,1996,0,FALSE,TRUE,0,4517,0
Paraguay,PRY,1997,0,FALSE,TRUE,0,5755,0
Paraguay,PRY,1998,0,FALSE,TRUE,0,7044,0
Paraguay,PRY,1999,0,FALSE,TRUE,0,7925,0
Paraguay,PRY,2000,0,FALSE,TRUE,0,3297,0
Paraguay,PRY,2001,0,FALSE,TRUE,0,878,0
Paraguay,PRY,2002,0,FALSE,TRUE,0,3565,0
Paraguay,PRY,2003,0,FALSE,TRUE,0,1138,0
Paraguay,PRY,2004,0,FALSE,TRUE,0,1475,0
Paraguay,PRY,2005,0,FALSE,TRUE,0,2696,0
Paraguay,PRY,2006,0,FALSE,TRUE,0,2245,0
Paraguay,PRY,2007,0,FALSE,TRUE,0,1541,0
Paraguay,PRY,2008,0,FALSE,TRUE,0,1926,0
Paraguay,PRY,2009,0,FALSE,TRUE,0,2020,0
Paraguay,PRY,2010,0,FALSE,TRUE,0,1988,0
Paraguay,PRY,2011,0,FALSE,TRUE,0,826,0
Paraguay,PRY,2012,0,FALSE,TRUE,0,325,0
Paraguay,PRY,2013,0,FALSE,TRUE,0,565,0
Paraguay,PRY,2014,0,FALSE,TRUE,0,469,0
Paraguay,PRY,2015,0,FALSE,TRUE,0,139,0
Paraguay,PRY,2016,0,FALSE,TRUE,0,49,0
Paraguay,PRY,2017,0,FALSE,TRUE,0,131,0
Paraguay,PRY,2018,0,FALSE,TRUE,0,203,0
Paraguay,PRY,2019,0,FALSE,TRUE,0,656,0
Paraguay,PRY,2020,0,FALSE,TRUE,0,1871,0
Peru,PER,1980,1274,TRUE,FALSE,3.1055101847699738,368410,0.003458103743112293
Peru,PER,1981,1715,TRUE,FALSE,3.2345172835126865,460159,0.003726972633372378
Peru,PER,1982,1505,TRUE,FALSE,3.177824971864682,361396,0.004164406910978539
Peru,PER,1983,1547,TRUE,FALSE,3.189770956346874,279811,0.00552873189402847
Peru,PER,1984,903,TRUE,FALSE,2.9561684304753633,245588,0.003676889750313533
Peru,PER,1985,469,TRUE,FALSE,2.6720978579357175,269381,0.0017410285060935997
Peru,PER,1986,273,TRUE,FALSE,2.437750562820388,229922,0.0011873591913779456
Peru,PER,1987,308,TRUE,FALSE,2.4899584794248346,277781,0.0011087871380691984
Peru,PER,1988,385,TRUE,FALSE,2.586587304671755,241624,0.001593384763103003
Peru,PER,1989,112,TRUE,FALSE,2.0530784434834195,155499,7.202618666357983e-4
Peru,PER,1990,21,TRUE,FALSE,1.3424226808222062,131538,1.596496829813438e-4
Peru,PER,1991,7,TRUE,FALSE,0.9030899869919436,81574,8.58116556746022e-5
Peru,PER,1992,0,FALSE,TRUE,0,100113,0
Peru,PER,1993,0,FALSE,TRUE,0,73500,0
Peru,PER,1994,0,FALSE,TRUE,0,60662,0
Peru,PER,1995,0,FALSE,TRUE,0,49301,0
Peru,PER,1996,0,FALSE,TRUE,0,4517,0
Peru,PER,1997,0,FALSE,TRUE,0,5755,0
Peru,PER,1998,0,FALSE,TRUE,0,7044,0
Peru,PER,1999,0,FALSE,TRUE,0,7925,0
Peru,PER,2000,0,FALSE,TRUE,0,3297,0
Peru,PER,2001,0,FALSE,TRUE,0,878,0
Peru,PER,2002,0,FALSE,TRUE,0,3565,0
Peru,PER,2003,0,FALSE,TRUE,0,1138,0
Peru,PER,2004,0,FALSE,TRUE,0,1475,0
Peru,PER,2005,0,FALSE,TRUE,0,2696,0
Peru,PER,2006,0,FALSE,TRUE,0,2245,0
Peru,PER,2007,0,FALSE,TRUE,0,1541,0
Peru,PER,2008,0,FALSE,TRUE,0,1926,0
Peru,PER,2009,0,FALSE,TRUE,0,2020,0
Peru,PER,2010,0,FALSE,TRUE,0,1988,0
Peru,PER,2011,0,FALSE,TRUE,0,826,0
Peru,PER,2012,0,FALSE,TRUE,0,325,0
Peru,PER,2013,0,FALSE,TRUE,0,565,0
Peru,PER,2014,0,FALSE,TRUE,0,469,0
Peru,PER,2015,0,FALSE,TRUE,0,139,0
Peru,PER,2016,0,FALSE,TRUE,0,49,0
Peru,PER,2017,0,FALSE,TRUE,0,131,0
Peru,PER,2018,0,FALSE,TRUE,0,203,0
Peru,PER,2019,0,FALSE,TRUE,0,656,0
Peru,PER,2020,0,FALSE,TRUE,0,1871,0
Philippines,PHL,1980,3024,TRUE,FALSE,3.480725378988488,368410,0.008208246247387422
Philippines,PHL,1981,2044,TRUE,FALSE,3.3106933123433606,460159,0.004441942893651977
Philippines,PHL,1982,3080,TRUE,FALSE,3.4886916983169405,361396,0.008522507166653754
Philippines,PHL,1983,2485,TRUE,FALSE,3.395501124305626,279811,0.008880994671403197
Philippines,PHL,1984,2996,TRUE,FALSE,3.476686742945645,245588,0.012199293125071257
Philippines,PHL,1985,3899,TRUE,FALSE,3.591064607026499,269381,0.014473923550658732
Philippines,PHL,1986,2625,TRUE,FALSE,3.4192947217534604,229922,0.011416915301711015
Philippines,PHL,1987,2289,TRUE,FALSE,3.359835482339888,277781,0.008240304412468815
Philippines,PHL,1988,2408,TRUE,FALSE,3.3818367999983434,241624,0.009965897427407873
Philippines,PHL,1989,973,TRUE,FALSE,2.9885589568786157,155499,0.006257274966398498
Philippines,PHL,1990,595,TRUE,FALSE,2.7752462597402365,131538,0.004523407684471408
Philippines,PHL,1991,77,TRUE,FALSE,1.8920946026904804,81574,9.439282124206242e-4
Philippines,PHL,1992,98,TRUE,FALSE,1.99563519459755,100113,9.78893849949557e-4
Philippines,PHL,1993,105,TRUE,FALSE,2.0253058652647704,73500,0.0014285714285714286
Philippines,PHL,1994,77,TRUE,FALSE,1.8920946026904804,60662,0.001269328409877683
Philippines,PHL,1995,280,TRUE,FALSE,2.44870631990508,49301,0.0056793979838137155
Philippines,PHL,1996,89,TRUE,FALSE,1.954242509439325,4517,0.019703342926721275
Philippines,PHL,1997,0,FALSE,TRUE,0,5755,0
Philippines,PHL,1998,0,FALSE,TRUE,0,7044,0
Philippines,PHL,1999,0,FALSE,TRUE,0,7925,0
Philippines,PHL,2000,0,FALSE,TRUE,0,3297,0
Philippines,PHL,2001,6,TRUE,FALSE,0.8450980400142568,878,0.00683371298405467
Philippines,PHL,2002,0,FALSE,TRUE,0,3565,0
Philippines,PHL,2003,0,FALSE,TRUE,0,1138,0
Philippines,PHL,2004,0,FALSE,TRUE,0,1475,0
Philippines,PHL,2005,0,FALSE,TRUE,0,2696,0
Philippines,PHL,2006,0,FALSE,TRUE,0,2245,0
Philippines,PHL,2007,0,FALSE,TRUE,0,1541,0
Philippines,PHL,2008,0,FALSE,TRUE,0,1926,0
Philippines,PHL,2009,0,FALSE,TRUE,0,2020,0
Philippines,PHL,2010,0,FALSE,TRUE,0,1988,0
Philippines,PHL,2011,0,FALSE,TRUE,0,826,0
Philippines,PHL,2012,0,FALSE,TRUE,0,325,0
Philippines,PHL,2013,0,FALSE,TRUE,0,565,0
Philippines,PHL,2014,0,FALSE,TRUE,0,469,0
Philippines,PHL,2015,0,FALSE,TRUE,0,139,0
Philippines,PHL,2016,0,FALSE,TRUE,0,49,0
Philippines,PHL,2017,0,FALSE,TRUE,0,131,0
Philippines,PHL,2018,0,FALSE,TRUE,0,203,0
Philippines,PHL,2019,28,TRUE,FALSE,1.462397997898956,656,0.042682926829268296
Philippines,PHL,2020,2,TRUE,FALSE,0.4771212547196624,1871,0.0010689470871191875
Poland,POL,1980,21,TRUE,FALSE,1.3424226808222062,368410,5.700171005130154e-5
Poland,POL,1981,7,TRUE,FALSE,0.9030899869919436,460159,1.5212133197438277e-5
Poland,POL,1982,42,TRUE,FALSE,1.6334684555795864,361396,1.1621600681800573e-4
Poland,POL,1983,14,TRUE,FALSE,1.1760912590556811,279811,5.003377279663773e-5
Poland,POL,1984,28,TRUE,FALSE,1.462397997898956,245588,1.1401208528103979e-4
Poland,POL,1985,0,FALSE,TRUE,0,269381,0
Poland,POL,1986,0,FALSE,TRUE,0,229922,0
Poland,POL,1987,0,FALSE,TRUE,0,277781,0
Poland,POL,1988,0,FALSE,TRUE,0,241624,0
Poland,POL,1989,0,FALSE,TRUE,0,155499,0
Poland,POL,1990,0,FALSE,TRUE,0,131538,0
Poland,POL,1991,0,FALSE,TRUE,0,81574,0
Poland,POL,1992,0,FALSE,TRUE,0,100113,0
Poland,POL,1993,0,FALSE,TRUE,0,73500,0
Poland,POL,1994,0,FALSE,TRUE,0,60662,0
Poland,POL,1995,0,FALSE,TRUE,0,49301,0
Poland,POL,1996,0,FALSE,TRUE,0,4517,0
Poland,POL,1997,0,FALSE,TRUE,0,5755,0
Poland,POL,1998,0,FALSE,TRUE,0,7044,0
Poland,POL,1999,0,FALSE,TRUE,0,7925,0
Poland,POL,2000,0,FALSE,TRUE,0,3297,0
Poland,POL,2001,0,FALSE,TRUE,0,878,0
Poland,POL,2002,0,FALSE,TRUE,0,3565,0
Poland,POL,2003,0,FALSE,TRUE,0,1138,0
Poland,POL,2004,0,FALSE,TRUE,0,1475,0
Poland,POL,2005,0,FALSE,TRUE,0,2696,0
Poland,POL,2006,0,FALSE,TRUE,0,2245,0
Poland,POL,2007,0,FALSE,TRUE,0,1541,0
Poland,POL,2008,0,FALSE,TRUE,0,1926,0
Poland,POL,2009,0,FALSE,TRUE,0,2020,0
Poland,POL,2010,0,FALSE,TRUE,0,1988,0
Poland,POL,2011,0,FALSE,TRUE,0,826,0
Poland,POL,2012,0,FALSE,TRUE,0,325,0
Poland,POL,2013,0,FALSE,TRUE,0,565,0
Poland,POL,2014,0,FALSE,TRUE,0,469,0
Poland,POL,2015,0,FALSE,TRUE,0,139,0
Poland,POL,2016,0,FALSE,TRUE,0,49,0
Poland,POL,2017,0,FALSE,TRUE,0,131,0
Poland,POL,2018,0,FALSE,TRUE,0,203,0
Poland,POL,2019,0,FALSE,TRUE,0,656,0
Poland,POL,2020,0,FALSE,TRUE,0,1871,0
Portugal,PRT,1980,0,FALSE,TRUE,0,368410,0
Portugal,PRT,1981,0,FALSE,TRUE,0,460159,0
Portugal,PRT,1982,7,TRUE,FALSE,0.9030899869919436,361396,1.9369334469667624e-5
Portugal,PRT,1983,0,FALSE,TRUE,0,279811,0
Portugal,PRT,1984,0,FALSE,TRUE,0,245588,0
Portugal,PRT,1985,0,FALSE,TRUE,0,269381,0
Portugal,PRT,1986,0,FALSE,TRUE,0,229922,0
Portugal,PRT,1987,7,TRUE,FALSE,0.9030899869919436,277781,2.5199707683390872e-5
Portugal,PRT,1988,0,FALSE,TRUE,0,241624,0
Portugal,PRT,1989,0,FALSE,TRUE,0,155499,0
Portugal,PRT,1990,0,FALSE,TRUE,0,131538,0
Portugal,PRT,1991,0,FALSE,TRUE,0,81574,0
Portugal,PRT,1992,0,FALSE,TRUE,0,100113,0
Portugal,PRT,1993,0,FALSE,TRUE,0,73500,0
Portugal,PRT,1994,0,FALSE,TRUE,0,60662,0
Portugal,PRT,1995,0,FALSE,TRUE,0,49301,0
Portugal,PRT,1996,0,FALSE,TRUE,0,4517,0
Portugal,PRT,1997,0,FALSE,TRUE,0,5755,0
Portugal,PRT,1998,0,FALSE,TRUE,0,7044,0
Portugal,PRT,1999,0,FALSE,TRUE,0,7925,0
Portugal,PRT,2000,0,FALSE,TRUE,0,3297,0
Portugal,PRT,2001,0,FALSE,TRUE,0,878,0
Portugal,PRT,2002,0,FALSE,TRUE,0,3565,0
Portugal,PRT,2003,0,FALSE,TRUE,0,1138,0
Portugal,PRT,2004,0,FALSE,TRUE,0,1475,0
Portugal,PRT,2005,0,FALSE,TRUE,0,2696,0
Portugal,PRT,2006,0,FALSE,TRUE,0,2245,0
Portugal,PRT,2007,0,FALSE,TRUE,0,1541,0
Portugal,PRT,2008,0,FALSE,TRUE,0,1926,0
Portugal,PRT,2009,0,FALSE,TRUE,0,2020,0
Portugal,PRT,2010,0,FALSE,TRUE,0,1988,0
Portugal,PRT,2011,0,FALSE,TRUE,0,826,0
Portugal,PRT,2012,0,FALSE,TRUE,0,325,0
Portugal,PRT,2013,0,FALSE,TRUE,0,565,0
Portugal,PRT,2014,0,FALSE,TRUE,0,469,0
Portugal,PRT,2015,0,FALSE,TRUE,0,139,0
Portugal,PRT,2016,0,FALSE,TRUE,0,49,0
Portugal,PRT,2017,0,FALSE,TRUE,0,131,0
Portugal,PRT,2018,0,FALSE,TRUE,0,203,0
Portugal,PRT,2019,0,FALSE,TRUE,0,656,0
Portugal,PRT,2020,0,FALSE,TRUE,0,1871,0
Qatar,QAT,1980,14,TRUE,FALSE,1.1760912590556811,368410,3.800114003420103e-5
Qatar,QAT,1981,28,TRUE,FALSE,1.462397997898956,460159,6.084853278975311e-5
Qatar,QAT,1982,21,TRUE,FALSE,1.3424226808222062,361396,5.8108003409002864e-5
Qatar,QAT,1983,0,FALSE,TRUE,0,279811,0
Qatar,QAT,1984,0,FALSE,TRUE,0,245588,0
Qatar,QAT,1985,7,TRUE,FALSE,0.9030899869919436,269381,2.5985500090949252e-5
Qatar,QAT,1986,0,FALSE,TRUE,0,229922,0
Qatar,QAT,1987,0,FALSE,TRUE,0,277781,0
Qatar,QAT,1988,0,FALSE,TRUE,0,241624,0
Qatar,QAT,1989,0,FALSE,TRUE,0,155499,0
Qatar,QAT,1990,7,TRUE,FALSE,0.9030899869919436,131538,5.321656099378126e-5
Qatar,QAT,1991,0,FALSE,TRUE,0,81574,0
Qatar,QAT,1992,0,FALSE,TRUE,0,100113,0
Qatar,QAT,1993,0,FALSE,TRUE,0,73500,0
Qatar,QAT,1994,0,FALSE,TRUE,0,60662,0
Qatar,QAT,1995,0,FALSE,TRUE,0,49301,0
Qatar,QAT,1996,0,FALSE,TRUE,0,4517,0
Qatar,QAT,1997,0,FALSE,TRUE,0,5755,0
Qatar,QAT,1998,0,FALSE,TRUE,0,7044,0
Qatar,QAT,1999,0,FALSE,TRUE,0,7925,0
Qatar,QAT,2000,0,FALSE,TRUE,0,3297,0
Qatar,QAT,2001,0,FALSE,TRUE,0,878,0
Qatar,QAT,2002,0,FALSE,TRUE,0,3565,0
Qatar,QAT,2003,0,FALSE,TRUE,0,1138,0
Qatar,QAT,2004,0,FALSE,TRUE,0,1475,0
Qatar,QAT,2005,0,FALSE,TRUE,0,2696,0
Qatar,QAT,2006,0,FALSE,TRUE,0,2245,0
Qatar,QAT,2007,0,FALSE,TRUE,0,1541,0
Qatar,QAT,2008,0,FALSE,TRUE,0,1926,0
Qatar,QAT,2009,0,FALSE,TRUE,0,2020,0
Qatar,QAT,2010,0,FALSE,TRUE,0,1988,0
Qatar,QAT,2011,0,FALSE,TRUE,0,826,0
Qatar,QAT,2012,0,FALSE,TRUE,0,325,0
Qatar,QAT,2013,0,FALSE,TRUE,0,565,0
Qatar,QAT,2014,0,FALSE,TRUE,0,469,0
Qatar,QAT,2015,0,FALSE,TRUE,0,139,0
Qatar,QAT,2016,0,FALSE,TRUE,0,49,0
Qatar,QAT,2017,0,FALSE,TRUE,0,131,0
Qatar,QAT,2018,0,FALSE,TRUE,0,203,0
Qatar,QAT,2019,0,FALSE,TRUE,0,656,0
Qatar,QAT,2020,0,FALSE,TRUE,0,1871,0
Reunion,REU,2007,0,FALSE,TRUE,0,1541,0
Reunion,REU,2008,0,FALSE,TRUE,0,1926,0
Reunion,REU,2009,0,FALSE,TRUE,0,2020,0
Reunion,REU,2010,0,FALSE,TRUE,0,1988,0
Reunion,REU,2011,0,FALSE,TRUE,0,826,0
Reunion,REU,2012,0,FALSE,TRUE,0,325,0
Reunion,REU,2013,0,FALSE,TRUE,0,565,0
Reunion,REU,2014,0,FALSE,TRUE,0,469,0
Reunion,REU,2015,0,FALSE,TRUE,0,139,0
Reunion,REU,2016,0,FALSE,TRUE,0,49,0
Reunion,REU,2017,0,FALSE,TRUE,0,131,0
Reunion,REU,2018,0,FALSE,TRUE,0,203,0
Reunion,REU,2019,0,FALSE,TRUE,0,656,0
Reunion,REU,2020,0,FALSE,TRUE,0,1871,0
Romania,ROU,1980,875,TRUE,FALSE,2.942504106168081,368410,0.002375071252137564
Romania,ROU,1981,875,TRUE,FALSE,2.942504106168081,460159,0.0019015166496797846
Romania,ROU,1982,273,TRUE,FALSE,2.437750562820388,361396,7.554040443170372e-4
Romania,ROU,1983,126,TRUE,FALSE,2.103803720955957,279811,4.5030395516973957e-4
Romania,ROU,1984,105,TRUE,FALSE,2.0253058652647704,245588,4.275453198038992e-4
Romania,ROU,1985,0,FALSE,TRUE,0,269381,0
Romania,ROU,1986,0,FALSE,TRUE,0,229922,0
Romania,ROU,1987,0,FALSE,TRUE,0,277781,0
Romania,ROU,1988,0,FALSE,TRUE,0,241624,0
Romania,ROU,1989,35,TRUE,FALSE,1.5563025007672873,155499,2.2508183332368696e-4
Romania,ROU,1990,14,TRUE,FALSE,1.1760912590556811,131538,1.0643312198756252e-4
Romania,ROU,1991,210,TRUE,FALSE,2.3242824552976926,81574,0.002574349670238066
Romania,ROU,1992,126,TRUE,FALSE,2.103803720955957,100113,0.001258577807078002
Romania,ROU,1993,70,TRUE,FALSE,1.8512583487190752,73500,9.523809523809524e-4
Romania,ROU,1994,56,TRUE,FALSE,1.7558748556724917,60662,9.231479344564967e-4
Romania,ROU,1995,35,TRUE,FALSE,1.5563025007672873,49301,7.099247479767144e-4
Romania,ROU,1996,0,FALSE,TRUE,0,4517,0
Romania,ROU,1997,0,FALSE,TRUE,0,5755,0
Romania,ROU,1998,0,FALSE,TRUE,0,7044,0
Romania,ROU,1999,0,FALSE,TRUE,0,7925,0
Romania,ROU,2000,0,FALSE,TRUE,0,3297,0
Romania,ROU,2001,0,FALSE,TRUE,0,878,0
Romania,ROU,2002,0,FALSE,TRUE,0,3565,0
Romania,ROU,2003,0,FALSE,TRUE,0,1138,0
Romania,ROU,2004,0,FALSE,TRUE,0,1475,0
Romania,ROU,2005,0,FALSE,TRUE,0,2696,0
Romania,ROU,2006,0,FALSE,TRUE,0,2245,0
Romania,ROU,2007,0,FALSE,TRUE,0,1541,0
Romania,ROU,2008,0,FALSE,TRUE,0,1926,0
Romania,ROU,2009,0,FALSE,TRUE,0,2020,0
Romania,ROU,2010,0,FALSE,TRUE,0,1988,0
Romania,ROU,2011,0,FALSE,TRUE,0,826,0
Romania,ROU,2012,0,FALSE,TRUE,0,325,0
Romania,ROU,2013,0,FALSE,TRUE,0,565,0
Romania,ROU,2014,0,FALSE,TRUE,0,469,0
Romania,ROU,2015,0,FALSE,TRUE,0,139,0
Romania,ROU,2016,0,FALSE,TRUE,0,49,0
Romania,ROU,2017,0,FALSE,TRUE,0,131,0
Romania,ROU,2018,0,FALSE,TRUE,0,203,0
Romania,ROU,2019,0,FALSE,TRUE,0,656,0
Romania,ROU,2020,0,FALSE,TRUE,0,1871,0
Russia,RUS,1991,119,TRUE,FALSE,2.0791812460476247,81574,0.0014587981464682374
Russia,RUS,1992,70,TRUE,FALSE,1.8512583487190752,100113,6.992098928211122e-4
Russia,RUS,1993,21,TRUE,FALSE,1.3424226808222062,73500,2.8571428571428574e-4
Russia,RUS,1994,56,TRUE,FALSE,1.7558748556724917,60662,9.231479344564967e-4
Russia,RUS,1995,1078,TRUE,FALSE,3.0330214446829107,49301,0.021865682237682805
Russia,RUS,1996,3,TRUE,FALSE,0.6020599913279624,4517,6.641576267434137e-4
Russia,RUS,1997,0,FALSE,TRUE,0,5755,0
Russia,RUS,1998,0,FALSE,TRUE,0,7044,0
Russia,RUS,1999,0,FALSE,TRUE,0,7925,0
Russia,RUS,2000,0,FALSE,TRUE,0,3297,0
Russia,RUS,2001,0,FALSE,TRUE,0,878,0
Russia,RUS,2002,0,FALSE,TRUE,0,3565,0
Russia,RUS,2003,0,FALSE,TRUE,0,1138,0
Russia,RUS,2004,0,FALSE,TRUE,0,1475,0
Russia,RUS,2005,0,FALSE,TRUE,0,2696,0
Russia,RUS,2006,0,FALSE,TRUE,0,2245,0
Russia,RUS,2007,0,FALSE,TRUE,0,1541,0
Russia,RUS,2008,0,FALSE,TRUE,0,1926,0
Russia,RUS,2009,0,FALSE,TRUE,0,2020,0
Russia,RUS,2010,28,TRUE,FALSE,1.462397997898956,1988,0.014084507042253521
Russia,RUS,2011,0,FALSE,TRUE,0,826,0
Russia,RUS,2012,0,FALSE,TRUE,0,325,0
Russia,RUS,2013,0,FALSE,TRUE,0,565,0
Russia,RUS,2014,0,FALSE,TRUE,0,469,0
Russia,RUS,2015,0,FALSE,TRUE,0,139,0
Russia,RUS,2016,0,FALSE,TRUE,0,49,0
Russia,RUS,2017,0,FALSE,TRUE,0,131,0
Russia,RUS,2018,0,FALSE,TRUE,0,203,0
Russia,RUS,2019,0,FALSE,TRUE,0,656,0
Russia,RUS,2020,0,FALSE,TRUE,0,1871,0
Rwanda,RWA,1980,168,TRUE,FALSE,2.2278867046136734,368410,4.560136804104123e-4
Rwanda,RWA,1981,266,TRUE,FALSE,2.4265112613645754,460159,5.780610615026545e-4
Rwanda,RWA,1982,147,TRUE,FALSE,2.1702617153949575,361396,4.0675602386302005e-4
Rwanda,RWA,1983,161,TRUE,FALSE,2.2095150145426308,279811,5.753883871613339e-4
Rwanda,RWA,1984,91,TRUE,FALSE,1.9637878273455551,245588,3.705392771633793e-4
Rwanda,RWA,1985,49,TRUE,FALSE,1.6989700043360187,269381,1.8189850063664474e-4
Rwanda,RWA,1986,196,TRUE,FALSE,2.294466226161593,229922,8.524630091944225e-4
Rwanda,RWA,1987,119,TRUE,FALSE,2.0791812460476247,277781,4.2839503061764485e-4
Rwanda,RWA,1988,63,TRUE,FALSE,1.806179973983887,241624,2.6073568850776415e-4
Rwanda,RWA,1989,49,TRUE,FALSE,1.6989700043360187,155499,3.1511456665316175e-4
Rwanda,RWA,1990,0,FALSE,TRUE,0,131538,0
Rwanda,RWA,1991,0,FALSE,TRUE,0,81574,0
Rwanda,RWA,1992,14,TRUE,FALSE,1.1760912590556811,100113,1.3984197856422242e-4
Rwanda,RWA,1993,28,TRUE,FALSE,1.462397997898956,73500,3.8095238095238096e-4
Rwanda,RWA,1994,0,FALSE,TRUE,0,60662,0
Rwanda,RWA,1995,7,TRUE,FALSE,0.9030899869919436,49301,1.419849495953429e-4
Rwanda,RWA,1996,0,FALSE,TRUE,0,4517,0
Rwanda,RWA,1997,0,FALSE,TRUE,0,5755,0
Rwanda,RWA,1998,2,TRUE,FALSE,0.4771212547196624,7044,2.8392958546280523e-4
Rwanda,RWA,1999,32,TRUE,FALSE,1.5185139398778875,7925,0.004037854889589906
Rwanda,RWA,2000,0,FALSE,TRUE,0,3297,0
Rwanda,RWA,2001,0,FALSE,TRUE,0,878,0
Rwanda,RWA,2002,0,FALSE,TRUE,0,3565,0
Rwanda,RWA,2003,0,FALSE,TRUE,0,1138,0
Rwanda,RWA,2004,0,FALSE,TRUE,0,1475,0
Rwanda,RWA,2005,0,FALSE,TRUE,0,2696,0
Rwanda,RWA,2006,0,FALSE,TRUE,0,2245,0
Rwanda,RWA,2007,0,FALSE,TRUE,0,1541,0
Rwanda,RWA,2008,0,FALSE,TRUE,0,1926,0
Rwanda,RWA,2009,0,FALSE,TRUE,0,2020,0
Rwanda,RWA,2010,0,FALSE,TRUE,0,1988,0
Rwanda,RWA,2011,0,FALSE,TRUE,0,826,0
Rwanda,RWA,2012,0,FALSE,TRUE,0,325,0
Rwanda,RWA,2013,0,FALSE,TRUE,0,565,0
Rwanda,RWA,2014,0,FALSE,TRUE,0,469,0
Rwanda,RWA,2015,0,FALSE,TRUE,0,139,0
Rwanda,RWA,2016,0,FALSE,TRUE,0,49,0
Rwanda,RWA,2017,0,FALSE,TRUE,0,131,0
Rwanda,RWA,2018,0,FALSE,TRUE,0,203,0
Rwanda,RWA,2019,0,FALSE,TRUE,0,656,0
Rwanda,RWA,2020,0,FALSE,TRUE,0,1871,0
Saint Helena,SHN,2007,0,FALSE,TRUE,0,1541,0
Saint Helena,SHN,2008,0,FALSE,TRUE,0,1926,0
Saint Helena,SHN,2009,0,FALSE,TRUE,0,2020,0
Saint Helena,SHN,2010,0,FALSE,TRUE,0,1988,0
Saint Helena,SHN,2011,0,FALSE,TRUE,0,826,0
Saint Helena,SHN,2012,0,FALSE,TRUE,0,325,0
Saint Helena,SHN,2013,0,FALSE,TRUE,0,565,0
Saint Helena,SHN,2014,0,FALSE,TRUE,0,469,0
Saint Helena,SHN,2015,0,FALSE,TRUE,0,139,0
Saint Helena,SHN,2016,0,FALSE,TRUE,0,49,0
Saint Helena,SHN,2017,0,FALSE,TRUE,0,131,0
Saint Helena,SHN,2018,0,FALSE,TRUE,0,203,0
Saint Helena,SHN,2019,0,FALSE,TRUE,0,656,0
Saint Helena,SHN,2020,0,FALSE,TRUE,0,1871,0
Saint Kitts and Nevis,KNA,1980,0,FALSE,TRUE,0,368410,0
Saint Kitts and Nevis,KNA,1981,0,FALSE,TRUE,0,460159,0
Saint Kitts and Nevis,KNA,1982,0,FALSE,TRUE,0,361396,0
Saint Kitts and Nevis,KNA,1983,0,FALSE,TRUE,0,279811,0
Saint Kitts and Nevis,KNA,1984,0,FALSE,TRUE,0,245588,0
Saint Kitts and Nevis,KNA,1985,0,FALSE,TRUE,0,269381,0
Saint Kitts and Nevis,KNA,1986,0,FALSE,TRUE,0,229922,0
Saint Kitts and Nevis,KNA,1987,0,FALSE,TRUE,0,277781,0
Saint Kitts and Nevis,KNA,1988,0,FALSE,TRUE,0,241624,0
Saint Kitts and Nevis,KNA,1989,0,FALSE,TRUE,0,155499,0
Saint Kitts and Nevis,KNA,1990,0,FALSE,TRUE,0,131538,0
Saint Kitts and Nevis,KNA,1991,0,FALSE,TRUE,0,81574,0
Saint Kitts and Nevis,KNA,1992,0,FALSE,TRUE,0,100113,0
Saint Kitts and Nevis,KNA,1993,0,FALSE,TRUE,0,73500,0
Saint Kitts and Nevis,KNA,1994,0,FALSE,TRUE,0,60662,0
Saint Kitts and Nevis,KNA,1995,0,FALSE,TRUE,0,49301,0
Saint Kitts and Nevis,KNA,1996,0,FALSE,TRUE,0,4517,0
Saint Kitts and Nevis,KNA,1997,0,FALSE,TRUE,0,5755,0
Saint Kitts and Nevis,KNA,1998,0,FALSE,TRUE,0,7044,0
Saint Kitts and Nevis,KNA,1999,0,FALSE,TRUE,0,7925,0
Saint Kitts and Nevis,KNA,2000,0,FALSE,TRUE,0,3297,0
Saint Kitts and Nevis,KNA,2001,0,FALSE,TRUE,0,878,0
Saint Kitts and Nevis,KNA,2002,0,FALSE,TRUE,0,3565,0
Saint Kitts and Nevis,KNA,2003,0,FALSE,TRUE,0,1138,0
Saint Kitts and Nevis,KNA,2004,0,FALSE,TRUE,0,1475,0
Saint Kitts and Nevis,KNA,2005,0,FALSE,TRUE,0,2696,0
Saint Kitts and Nevis,KNA,2006,0,FALSE,TRUE,0,2245,0
Saint Kitts and Nevis,KNA,2007,0,FALSE,TRUE,0,1541,0
Saint Kitts and Nevis,KNA,2008,0,FALSE,TRUE,0,1926,0
Saint Kitts and Nevis,KNA,2010,0,FALSE,TRUE,0,1988,0
Saint Lucia,LCA,1980,0,FALSE,TRUE,0,368410,0
Saint Lucia,LCA,1981,0,FALSE,TRUE,0,460159,0
Saint Lucia,LCA,1982,0,FALSE,TRUE,0,361396,0
Saint Lucia,LCA,1983,0,FALSE,TRUE,0,279811,0
Saint Lucia,LCA,1984,0,FALSE,TRUE,0,245588,0
Saint Lucia,LCA,1985,0,FALSE,TRUE,0,269381,0
Saint Lucia,LCA,1986,0,FALSE,TRUE,0,229922,0
Saint Lucia,LCA,1987,0,FALSE,TRUE,0,277781,0
Saint Lucia,LCA,1988,0,FALSE,TRUE,0,241624,0
Saint Lucia,LCA,1989,0,FALSE,TRUE,0,155499,0
Saint Lucia,LCA,1990,0,FALSE,TRUE,0,131538,0
Saint Lucia,LCA,1991,0,FALSE,TRUE,0,81574,0
Saint Lucia,LCA,1992,0,FALSE,TRUE,0,100113,0
Saint Lucia,LCA,1993,0,FALSE,TRUE,0,73500,0
Saint Lucia,LCA,1994,0,FALSE,TRUE,0,60662,0
Saint Lucia,LCA,1995,0,FALSE,TRUE,0,49301,0
Saint Lucia,LCA,1996,0,FALSE,TRUE,0,4517,0
Saint Lucia,LCA,1997,0,FALSE,TRUE,0,5755,0
Saint Lucia,LCA,1998,0,FALSE,TRUE,0,7044,0
Saint Lucia,LCA,1999,0,FALSE,TRUE,0,7925,0
Saint Lucia,LCA,2000,0,FALSE,TRUE,0,3297,0
Saint Lucia,LCA,2001,0,FALSE,TRUE,0,878,0
Saint Lucia,LCA,2002,0,FALSE,TRUE,0,3565,0
Saint Lucia,LCA,2003,0,FALSE,TRUE,0,1138,0
Saint Lucia,LCA,2004,0,FALSE,TRUE,0,1475,0
Saint Lucia,LCA,2005,0,FALSE,TRUE,0,2696,0
Saint Lucia,LCA,2006,0,FALSE,TRUE,0,2245,0
Saint Lucia,LCA,2007,0,FALSE,TRUE,0,1541,0
Saint Lucia,LCA,2008,0,FALSE,TRUE,0,1926,0
Saint Lucia,LCA,2010,0,FALSE,TRUE,0,1988,0
Saint Vincent and the Grenadines,VCT,1980,0,FALSE,TRUE,0,368410,0
Saint Vincent and the Grenadines,VCT,1981,0,FALSE,TRUE,0,460159,0
Saint Vincent and the Grenadines,VCT,1982,0,FALSE,TRUE,0,361396,0
Saint Vincent and the Grenadines,VCT,1983,0,FALSE,TRUE,0,279811,0
Saint Vincent and the Grenadines,VCT,1984,0,FALSE,TRUE,0,245588,0
Saint Vincent and the Grenadines,VCT,1985,0,FALSE,TRUE,0,269381,0
Saint Vincent and the Grenadines,VCT,1986,0,FALSE,TRUE,0,229922,0
Saint Vincent and the Grenadines,VCT,1987,0,FALSE,TRUE,0,277781,0
Saint Vincent and the Grenadines,VCT,1988,0,FALSE,TRUE,0,241624,0
Saint Vincent and the Grenadines,VCT,1989,0,FALSE,TRUE,0,155499,0
Saint Vincent and the Grenadines,VCT,1990,0,FALSE,TRUE,0,131538,0
Saint Vincent and the Grenadines,VCT,1991,0,FALSE,TRUE,0,81574,0
Saint Vincent and the Grenadines,VCT,1992,0,FALSE,TRUE,0,100113,0
Saint Vincent and the Grenadines,VCT,1993,0,FALSE,TRUE,0,73500,0
Saint Vincent and the Grenadines,VCT,1994,0,FALSE,TRUE,0,60662,0
Saint Vincent and the Grenadines,VCT,1995,0,FALSE,TRUE,0,49301,0
Saint Vincent and the Grenadines,VCT,1996,0,FALSE,TRUE,0,4517,0
Saint Vincent and the Grenadines,VCT,1997,0,FALSE,TRUE,0,5755,0
Saint Vincent and the Grenadines,VCT,1998,0,FALSE,TRUE,0,7044,0
Saint Vincent and the Grenadines,VCT,1999,0,FALSE,TRUE,0,7925,0
Saint Vincent and the Grenadines,VCT,2000,0,FALSE,TRUE,0,3297,0
Saint Vincent and the Grenadines,VCT,2001,0,FALSE,TRUE,0,878,0
Saint Vincent and the Grenadines,VCT,2002,0,FALSE,TRUE,0,3565,0
Saint Vincent and the Grenadines,VCT,2003,0,FALSE,TRUE,0,1138,0
Saint Vincent and the Grenadines,VCT,2004,0,FALSE,TRUE,0,1475,0
Saint Vincent and the Grenadines,VCT,2005,0,FALSE,TRUE,0,2696,0
Saint Vincent and the Grenadines,VCT,2006,0,FALSE,TRUE,0,2245,0
Saint Vincent and the Grenadines,VCT,2007,0,FALSE,TRUE,0,1541,0
Saint Vincent and the Grenadines,VCT,2008,0,FALSE,TRUE,0,1926,0
Saint Vincent and the Grenadines,VCT,2010,0,FALSE,TRUE,0,1988,0
Samoa,WSM,1980,0,FALSE,TRUE,0,368410,0
Samoa,WSM,1981,0,FALSE,TRUE,0,460159,0
Samoa,WSM,1982,0,FALSE,TRUE,0,361396,0
Samoa,WSM,1983,0,FALSE,TRUE,0,279811,0
Samoa,WSM,1984,0,FALSE,TRUE,0,245588,0
Samoa,WSM,1985,0,FALSE,TRUE,0,269381,0
Samoa,WSM,1986,0,FALSE,TRUE,0,229922,0
Samoa,WSM,1987,0,FALSE,TRUE,0,277781,0
Samoa,WSM,1988,0,FALSE,TRUE,0,241624,0
Samoa,WSM,1989,0,FALSE,TRUE,0,155499,0
Samoa,WSM,1990,0,FALSE,TRUE,0,131538,0
Samoa,WSM,1991,0,FALSE,TRUE,0,81574,0
Samoa,WSM,1992,0,FALSE,TRUE,0,100113,0
Samoa,WSM,1993,0,FALSE,TRUE,0,73500,0
Samoa,WSM,1994,0,FALSE,TRUE,0,60662,0
Samoa,WSM,1995,0,FALSE,TRUE,0,49301,0
Samoa,WSM,1996,0,FALSE,TRUE,0,4517,0
Samoa,WSM,1997,0,FALSE,TRUE,0,5755,0
Samoa,WSM,1998,0,FALSE,TRUE,0,7044,0
Samoa,WSM,1999,0,FALSE,TRUE,0,7925,0
Samoa,WSM,2000,0,FALSE,TRUE,0,3297,0
Samoa,WSM,2001,0,FALSE,TRUE,0,878,0
Samoa,WSM,2002,0,FALSE,TRUE,0,3565,0
Samoa,WSM,2003,0,FALSE,TRUE,0,1138,0
Samoa,WSM,2004,0,FALSE,TRUE,0,1475,0
Samoa,WSM,2005,0,FALSE,TRUE,0,2696,0
Samoa,WSM,2006,0,FALSE,TRUE,0,2245,0
Samoa,WSM,2007,0,FALSE,TRUE,0,1541,0
Samoa,WSM,2008,0,FALSE,TRUE,0,1926,0
Samoa,WSM,2010,0,FALSE,TRUE,0,1988,0
San Marino,SMR,1980,0,FALSE,TRUE,0,368410,0
San Marino,SMR,1981,0,FALSE,TRUE,0,460159,0
San Marino,SMR,1982,0,FALSE,TRUE,0,361396,0
San Marino,SMR,1983,0,FALSE,TRUE,0,279811,0
San Marino,SMR,1984,0,FALSE,TRUE,0,245588,0
San Marino,SMR,1985,0,FALSE,TRUE,0,269381,0
San Marino,SMR,1986,0,FALSE,TRUE,0,229922,0
San Marino,SMR,1987,0,FALSE,TRUE,0,277781,0
San Marino,SMR,1988,0,FALSE,TRUE,0,241624,0
San Marino,SMR,1989,0,FALSE,TRUE,0,155499,0
San Marino,SMR,1990,0,FALSE,TRUE,0,131538,0
San Marino,SMR,1991,0,FALSE,TRUE,0,81574,0
San Marino,SMR,1992,0,FALSE,TRUE,0,100113,0
San Marino,SMR,1993,0,FALSE,TRUE,0,73500,0
San Marino,SMR,1994,0,FALSE,TRUE,0,60662,0
San Marino,SMR,1998,0,FALSE,TRUE,0,7044,0
San Marino,SMR,1999,0,FALSE,TRUE,0,7925,0
San Marino,SMR,2000,0,FALSE,TRUE,0,3297,0
San Marino,SMR,2001,0,FALSE,TRUE,0,878,0
San Marino,SMR,2002,0,FALSE,TRUE,0,3565,0
San Marino,SMR,2003,0,FALSE,TRUE,0,1138,0
San Marino,SMR,2004,0,FALSE,TRUE,0,1475,0
San Marino,SMR,2005,0,FALSE,TRUE,0,2696,0
San Marino,SMR,2006,0,FALSE,TRUE,0,2245,0
San Marino,SMR,2007,0,FALSE,TRUE,0,1541,0
San Marino,SMR,2008,0,FALSE,TRUE,0,1926,0
San Marino,SMR,2009,0,FALSE,TRUE,0,2020,0
San Marino,SMR,2010,0,FALSE,TRUE,0,1988,0
San Marino,SMR,2011,0,FALSE,TRUE,0,826,0
San Marino,SMR,2012,0,FALSE,TRUE,0,325,0
San Marino,SMR,2013,0,FALSE,TRUE,0,565,0
San Marino,SMR,2014,0,FALSE,TRUE,0,469,0
San Marino,SMR,2015,0,FALSE,TRUE,0,139,0
San Marino,SMR,2016,0,FALSE,TRUE,0,49,0
San Marino,SMR,2017,0,FALSE,TRUE,0,131,0
San Marino,SMR,2018,0,FALSE,TRUE,0,203,0
San Marino,SMR,2019,0,FALSE,TRUE,0,656,0
San Marino,SMR,2020,0,FALSE,TRUE,0,1871,0
Sao Tome and Principe,STP,1980,28,TRUE,FALSE,1.462397997898956,368410,7.600228006840206e-5
Sao Tome and Principe,STP,1981,49,TRUE,FALSE,1.6989700043360187,460159,1.0648493238206793e-4
Sao Tome and Principe,STP,1982,63,TRUE,FALSE,1.806179973983887,361396,1.743240102270086e-4
Sao Tome and Principe,STP,1983,70,TRUE,FALSE,1.8512583487190752,279811,2.5016886398318864e-4
Sao Tome and Principe,STP,1984,0,FALSE,TRUE,0,245588,0
Sao Tome and Principe,STP,1985,0,FALSE,TRUE,0,269381,0
Sao Tome and Principe,STP,1986,0,FALSE,TRUE,0,229922,0
Sao Tome and Principe,STP,1987,0,FALSE,TRUE,0,277781,0
Sao Tome and Principe,STP,1988,0,FALSE,TRUE,0,241624,0
Sao Tome and Principe,STP,1989,0,FALSE,TRUE,0,155499,0
Sao Tome and Principe,STP,1990,0,FALSE,TRUE,0,131538,0
Sao Tome and Principe,STP,1991,0,FALSE,TRUE,0,81574,0
Sao Tome and Principe,STP,1992,0,FALSE,TRUE,0,100113,0
Sao Tome and Principe,STP,1993,0,FALSE,TRUE,0,73500,0
Sao Tome and Principe,STP,1994,0,FALSE,TRUE,0,60662,0
Sao Tome and Principe,STP,1995,0,FALSE,TRUE,0,49301,0
Sao Tome and Principe,STP,1996,0,FALSE,TRUE,0,4517,0
Sao Tome and Principe,STP,1997,0,FALSE,TRUE,0,5755,0
Sao Tome and Principe,STP,1998,0,FALSE,TRUE,0,7044,0
Sao Tome and Principe,STP,1999,0,FALSE,TRUE,0,7925,0
Sao Tome and Principe,STP,2000,0,FALSE,TRUE,0,3297,0
Sao Tome and Principe,STP,2001,0,FALSE,TRUE,0,878,0
Sao Tome and Principe,STP,2002,0,FALSE,TRUE,0,3565,0
Sao Tome and Principe,STP,2003,0,FALSE,TRUE,0,1138,0
Sao Tome and Principe,STP,2004,0,FALSE,TRUE,0,1475,0
Sao Tome and Principe,STP,2005,0,FALSE,TRUE,0,2696,0
Sao Tome and Principe,STP,2006,0,FALSE,TRUE,0,2245,0
Sao Tome and Principe,STP,2007,0,FALSE,TRUE,0,1541,0
Sao Tome and Principe,STP,2008,0,FALSE,TRUE,0,1926,0
Sao Tome and Principe,STP,2009,0,FALSE,TRUE,0,2020,0
Sao Tome and Principe,STP,2010,0,FALSE,TRUE,0,1988,0
Sao Tome and Principe,STP,2011,0,FALSE,TRUE,0,826,0
Sao Tome and Principe,STP,2012,0,FALSE,TRUE,0,325,0
Sao Tome and Principe,STP,2013,0,FALSE,TRUE,0,565,0
Sao Tome and Principe,STP,2014,0,FALSE,TRUE,0,469,0
Sao Tome and Principe,STP,2015,0,FALSE,TRUE,0,139,0
Sao Tome and Principe,STP,2016,0,FALSE,TRUE,0,49,0
Sao Tome and Principe,STP,2017,0,FALSE,TRUE,0,131,0
Sao Tome and Principe,STP,2018,0,FALSE,TRUE,0,203,0
Sao Tome and Principe,STP,2019,0,FALSE,TRUE,0,656,0
Sao Tome and Principe,STP,2020,0,FALSE,TRUE,0,1871,0
Saudi Arabia,SAU,1980,1799,TRUE,FALSE,3.255272505103306,368410,0.004883146494394832
Saudi Arabia,SAU,1981,1183,TRUE,FALSE,3.073351702386901,460159,0.002570850510367069
Saudi Arabia,SAU,1982,693,TRUE,FALSE,2.841359470454855,361396,0.0019175641124970946
Saudi Arabia,SAU,1983,749,TRUE,FALSE,2.8750612633917,279811,0.0026768068446201185
Saudi Arabia,SAU,1984,714,TRUE,FALSE,2.8543060418010806,245588,0.0029073081746665147
Saudi Arabia,SAU,1985,196,TRUE,FALSE,2.294466226161593,269381,7.27594002546579e-4
Saudi Arabia,SAU,1986,84,TRUE,FALSE,1.9294189257142929,229922,3.653412896547525e-4
Saudi Arabia,SAU,1987,28,TRUE,FALSE,1.462397997898956,277781,1.0079883073356349e-4
Saudi Arabia,SAU,1988,21,TRUE,FALSE,1.3424226808222062,241624,8.691189616925471e-5
Saudi Arabia,SAU,1989,21,TRUE,FALSE,1.3424226808222062,155499,1.3504909999421217e-4
Saudi Arabia,SAU,1990,35,TRUE,FALSE,1.5563025007672873,131538,2.660828049689063e-4
Saudi Arabia,SAU,1991,7,TRUE,FALSE,0.9030899869919436,81574,8.58116556746022e-5
Saudi Arabia,SAU,1992,14,TRUE,FALSE,1.1760912590556811,100113,1.3984197856422242e-4
Saudi Arabia,SAU,1993,14,TRUE,FALSE,1.1760912590556811,73500,1.9047619047619048e-4
Saudi Arabia,SAU,1994,42,TRUE,FALSE,1.6334684555795864,60662,6.923609508423724e-4
Saudi Arabia,SAU,1995,28,TRUE,FALSE,1.462397997898956,49301,5.679397983813716e-4
Saudi Arabia,SAU,1996,0,FALSE,TRUE,0,4517,0
Saudi Arabia,SAU,1997,0,FALSE,TRUE,0,5755,0
Saudi Arabia,SAU,1998,1,TRUE,FALSE,0.3010299956639812,7044,1.4196479273140261e-4
Saudi Arabia,SAU,1999,0,FALSE,TRUE,0,7925,0
Saudi Arabia,SAU,2000,0,FALSE,TRUE,0,3297,0
Saudi Arabia,SAU,2001,0,FALSE,TRUE,0,878,0
Saudi Arabia,SAU,2002,0,FALSE,TRUE,0,3565,0
Saudi Arabia,SAU,2003,0,FALSE,TRUE,0,1138,0
Saudi Arabia,SAU,2004,4,TRUE,FALSE,0.6989700043360189,1475,0.002711864406779661
Saudi Arabia,SAU,2005,0,FALSE,TRUE,0,2696,0
Saudi Arabia,SAU,2006,0,FALSE,TRUE,0,2245,0
Saudi Arabia,SAU,2007,0,FALSE,TRUE,0,1541,0
Saudi Arabia,SAU,2008,0,FALSE,TRUE,0,1926,0
Saudi Arabia,SAU,2009,0,FALSE,TRUE,0,2020,0
Saudi Arabia,SAU,2010,0,FALSE,TRUE,0,1988,0
Saudi Arabia,SAU,2011,0,FALSE,TRUE,0,826,0
Saudi Arabia,SAU,2012,0,FALSE,TRUE,0,325,0
Saudi Arabia,SAU,2013,0,FALSE,TRUE,0,565,0
Saudi Arabia,SAU,2014,0,FALSE,TRUE,0,469,0
Saudi Arabia,SAU,2015,0,FALSE,TRUE,0,139,0
Saudi Arabia,SAU,2016,0,FALSE,TRUE,0,49,0
Saudi Arabia,SAU,2017,0,FALSE,TRUE,0,131,0
Saudi Arabia,SAU,2018,0,FALSE,TRUE,0,203,0
Saudi Arabia,SAU,2019,0,FALSE,TRUE,0,656,0
Saudi Arabia,SAU,2020,0,FALSE,TRUE,0,1871,0
Senegal,SEN,1980,966,TRUE,FALSE,2.9854264740830017,368410,0.002622078662359871
Senegal,SEN,1981,1309,TRUE,FALSE,3.1172712956557644,460159,0.002844668907920958
Senegal,SEN,1982,1092,TRUE,FALSE,3.038620161949703,361396,0.003021616177268149
Senegal,SEN,1983,1295,TRUE,FALSE,3.1126050015345745,279811,0.00462812398368899
Senegal,SEN,1984,686,TRUE,FALSE,2.8369567370595505,245588,0.002793296089385475
Senegal,SEN,1985,609,TRUE,FALSE,2.785329835010767,269381,0.002260738507912585
Senegal,SEN,1986,1904,TRUE,FALSE,3.279894980011638,229922,0.00828106923217439
Senegal,SEN,1987,560,TRUE,FALSE,2.7489628612561616,277781,0.0020159766146712697
Senegal,SEN,1988,126,TRUE,FALSE,2.103803720955957,241624,5.214713770155283e-4
Senegal,SEN,1989,70,TRUE,FALSE,1.8512583487190752,155499,4.501636666473739e-4
Senegal,SEN,1990,21,TRUE,FALSE,1.3424226808222062,131538,1.596496829813438e-4
Senegal,SEN,1991,56,TRUE,FALSE,1.7558748556724917,81574,6.864932453968176e-4
Senegal,SEN,1992,63,TRUE,FALSE,1.806179973983887,100113,6.29288903539001e-4
Senegal,SEN,1993,14,TRUE,FALSE,1.1760912590556811,73500,1.9047619047619048e-4
Senegal,SEN,1994,14,TRUE,FALSE,1.1760912590556811,60662,2.3078698361412417e-4
Senegal,SEN,1995,7,TRUE,FALSE,0.9030899869919436,49301,1.419849495953429e-4
Senegal,SEN,1996,1,TRUE,FALSE,0.3010299956639812,4517,2.2138587558113792e-4
Senegal,SEN,1997,6,TRUE,FALSE,0.8450980400142568,5755,0.0010425716768027802
Senegal,SEN,1998,11,TRUE,FALSE,1.0791812460476249,7044,0.0015616127200454286
Senegal,SEN,1999,0,FALSE,TRUE,0,7925,0
Senegal,SEN,2000,0,FALSE,TRUE,0,3297,0
Senegal,SEN,2001,0,FALSE,TRUE,0,878,0
Senegal,SEN,2002,0,FALSE,TRUE,0,3565,0
Senegal,SEN,2003,0,FALSE,TRUE,0,1138,0
Senegal,SEN,2004,0,FALSE,TRUE,0,1475,0
Senegal,SEN,2005,0,FALSE,TRUE,0,2696,0
Senegal,SEN,2006,0,FALSE,TRUE,0,2245,0
Senegal,SEN,2007,0,FALSE,TRUE,0,1541,0
Senegal,SEN,2008,0,FALSE,TRUE,0,1926,0
Senegal,SEN,2009,0,FALSE,TRUE,0,2020,0
Senegal,SEN,2010,36,TRUE,FALSE,1.568201724066995,1988,0.018108651911468814
Senegal,SEN,2011,0,FALSE,TRUE,0,826,0
Senegal,SEN,2012,0,FALSE,TRUE,0,325,0
Senegal,SEN,2013,0,FALSE,TRUE,0,565,0
Senegal,SEN,2014,0,FALSE,TRUE,0,469,0
Senegal,SEN,2015,0,FALSE,TRUE,0,139,0
Senegal,SEN,2016,0,FALSE,TRUE,0,49,0
Senegal,SEN,2017,0,FALSE,TRUE,0,131,0
Senegal,SEN,2018,0,FALSE,TRUE,0,203,0
Senegal,SEN,2019,0,FALSE,TRUE,0,656,0
Senegal,SEN,2020,0,FALSE,TRUE,0,1871,0
Serbia,SRB,1980,28,TRUE,FALSE,1.462397997898956,368410,7.600228006840206e-5
Serbia,SRB,1981,0,FALSE,TRUE,0,460159,0
Serbia,SRB,1982,42,TRUE,FALSE,1.6334684555795864,361396,1.1621600681800573e-4
Serbia,SRB,1983,84,TRUE,FALSE,1.9294189257142929,279811,3.0020263677982636e-4
Serbia,SRB,1984,14,TRUE,FALSE,1.1760912590556811,245588,5.7006042640519895e-5
Serbia,SRB,1985,7,TRUE,FALSE,0.9030899869919436,269381,2.5985500090949252e-5
Serbia,SRB,1986,21,TRUE,FALSE,1.3424226808222062,229922,9.133532241368812e-5
Serbia,SRB,1987,0,FALSE,TRUE,0,277781,0
Serbia,SRB,1988,0,FALSE,TRUE,0,241624,0
Serbia,SRB,1989,14,TRUE,FALSE,1.1760912590556811,155499,9.003273332947479e-5
Serbia,SRB,1990,21,TRUE,FALSE,1.3424226808222062,131538,1.596496829813438e-4
Serbia,SRB,1991,42,TRUE,FALSE,1.6334684555795864,81574,5.148699340476132e-4
Serbia,SRB,1992,63,TRUE,FALSE,1.806179973983887,100113,6.29288903539001e-4
Serbia,SRB,1993,42,TRUE,FALSE,1.6334684555795864,73500,5.714285714285715e-4
Serbia,SRB,1994,7,TRUE,FALSE,0.9030899869919436,60662,1.1539349180706209e-4
Serbia,SRB,1995,21,TRUE,FALSE,1.3424226808222062,49301,4.259548487860287e-4
Serbia,SRB,1996,27,TRUE,FALSE,1.4471580313422192,4517,0.0059774186406907235
Serbia,SRB,1997,0,FALSE,TRUE,0,5755,0
Serbia,SRB,1998,0,FALSE,TRUE,0,7044,0
Serbia,SRB,1999,0,FALSE,TRUE,0,7925,0
Serbia,SRB,2000,0,FALSE,TRUE,0,3297,0
Serbia,SRB,2001,0,FALSE,TRUE,0,878,0
Serbia,SRB,2002,0,FALSE,TRUE,0,3565,0
Serbia,SRB,2003,0,FALSE,TRUE,0,1138,0
Serbia,SRB,2004,0,FALSE,TRUE,0,1475,0
Serbia,SRB,2005,0,FALSE,TRUE,0,2696,0
Serbia,SRB,2006,0,FALSE,TRUE,0,2245,0
Serbia,SRB,2007,0,FALSE,TRUE,0,1541,0
Serbia,SRB,2008,0,FALSE,TRUE,0,1926,0
Serbia,SRB,2009,0,FALSE,TRUE,0,2020,0
Serbia,SRB,2010,0,FALSE,TRUE,0,1988,0
Serbia,SRB,2011,0,FALSE,TRUE,0,826,0
Serbia,SRB,2012,0,FALSE,TRUE,0,325,0
Serbia,SRB,2013,0,FALSE,TRUE,0,565,0
Serbia,SRB,2014,0,FALSE,TRUE,0,469,0
Serbia,SRB,2015,0,FALSE,TRUE,0,139,0
Serbia,SRB,2016,0,FALSE,TRUE,0,49,0
Serbia,SRB,2017,0,FALSE,TRUE,0,131,0
Serbia,SRB,2018,0,FALSE,TRUE,0,203,0
Serbia,SRB,2019,0,FALSE,TRUE,0,656,0
Serbia,SRB,2020,0,FALSE,TRUE,0,1871,0
Seychelles,SYC,1980,0,FALSE,TRUE,0,368410,0
Seychelles,SYC,1981,0,FALSE,TRUE,0,460159,0
Seychelles,SYC,1982,0,FALSE,TRUE,0,361396,0
Seychelles,SYC,1983,0,FALSE,TRUE,0,279811,0
Seychelles,SYC,1984,0,FALSE,TRUE,0,245588,0
Seychelles,SYC,1985,0,FALSE,TRUE,0,269381,0
Seychelles,SYC,1986,0,FALSE,TRUE,0,229922,0
Seychelles,SYC,1987,0,FALSE,TRUE,0,277781,0
Seychelles,SYC,1988,0,FALSE,TRUE,0,241624,0
Seychelles,SYC,1989,0,FALSE,TRUE,0,155499,0
Seychelles,SYC,1990,0,FALSE,TRUE,0,131538,0
Seychelles,SYC,1991,0,FALSE,TRUE,0,81574,0
Seychelles,SYC,1992,0,FALSE,TRUE,0,100113,0
Seychelles,SYC,1993,0,FALSE,TRUE,0,73500,0
Seychelles,SYC,1994,0,FALSE,TRUE,0,60662,0
Seychelles,SYC,1995,0,FALSE,TRUE,0,49301,0
Seychelles,SYC,1996,0,FALSE,TRUE,0,4517,0
Seychelles,SYC,1997,0,FALSE,TRUE,0,5755,0
Seychelles,SYC,1998,0,FALSE,TRUE,0,7044,0
Seychelles,SYC,1999,0,FALSE,TRUE,0,7925,0
Seychelles,SYC,2000,0,FALSE,TRUE,0,3297,0
Seychelles,SYC,2001,0,FALSE,TRUE,0,878,0
Seychelles,SYC,2002,0,FALSE,TRUE,0,3565,0
Seychelles,SYC,2003,0,FALSE,TRUE,0,1138,0
Seychelles,SYC,2004,0,FALSE,TRUE,0,1475,0
Seychelles,SYC,2005,0,FALSE,TRUE,0,2696,0
Seychelles,SYC,2006,0,FALSE,TRUE,0,2245,0
Seychelles,SYC,2007,0,FALSE,TRUE,0,1541,0
Seychelles,SYC,2008,0,FALSE,TRUE,0,1926,0
Seychelles,SYC,2009,0,FALSE,TRUE,0,2020,0
Seychelles,SYC,2010,0,FALSE,TRUE,0,1988,0
Seychelles,SYC,2011,0,FALSE,TRUE,0,826,0
Seychelles,SYC,2012,0,FALSE,TRUE,0,325,0
Seychelles,SYC,2013,0,FALSE,TRUE,0,565,0
Seychelles,SYC,2014,0,FALSE,TRUE,0,469,0
Seychelles,SYC,2015,0,FALSE,TRUE,0,139,0
Seychelles,SYC,2016,0,FALSE,TRUE,0,49,0
Seychelles,SYC,2017,0,FALSE,TRUE,0,131,0
Seychelles,SYC,2018,0,FALSE,TRUE,0,203,0
Seychelles,SYC,2019,0,FALSE,TRUE,0,656,0
Seychelles,SYC,2020,0,FALSE,TRUE,0,1871,0
Sierra Leone,SLE,1980,77,TRUE,FALSE,1.8920946026904804,368410,2.0900627018810564e-4
Sierra Leone,SLE,1981,336,TRUE,FALSE,2.5276299008713385,460159,7.301823934770373e-4
Sierra Leone,SLE,1982,231,TRUE,FALSE,2.3654879848909,361396,6.391880374990315e-4
Sierra Leone,SLE,1983,357,TRUE,FALSE,2.5538830266438746,279811,0.0012758612063142622
Sierra Leone,SLE,1984,294,TRUE,FALSE,2.469822015978163,245588,0.0011971268954509178
Sierra Leone,SLE,1985,315,TRUE,FALSE,2.499687082618404,269381,0.0011693475040927162
Sierra Leone,SLE,1986,98,TRUE,FALSE,1.99563519459755,229922,4.2623150459721124e-4
Sierra Leone,SLE,1987,84,TRUE,FALSE,1.9294189257142929,277781,3.023964922006905e-4
Sierra Leone,SLE,1988,28,TRUE,FALSE,1.462397997898956,241624,1.1588252822567295e-4
Sierra Leone,SLE,1989,931,TRUE,FALSE,2.9694159123539814,155499,0.005987176766410074
Sierra Leone,SLE,1990,266,TRUE,FALSE,2.4265112613645754,131538,0.002022229317763688
Sierra Leone,SLE,1991,399,TRUE,FALSE,2.6020599913279625,81574,0.004891264373452326
Sierra Leone,SLE,1992,35,TRUE,FALSE,1.5563025007672873,100113,3.496049464105561e-4
Sierra Leone,SLE,1993,35,TRUE,FALSE,1.5563025007672873,73500,4.761904761904762e-4
Sierra Leone,SLE,1994,49,TRUE,FALSE,1.6989700043360187,60662,8.077544426494346e-4
Sierra Leone,SLE,1995,0,FALSE,TRUE,0,49301,0
Sierra Leone,SLE,1997,0,FALSE,TRUE,0,5755,0
Sierra Leone,SLE,1998,3,TRUE,FALSE,0.6020599913279624,7044,4.2589437819420784e-4
Sierra Leone,SLE,1999,16,TRUE,FALSE,1.230448921378274,7925,0.002018927444794953
Sierra Leone,SLE,2000,38,TRUE,FALSE,1.591064607026499,3297,0.011525629360024265
Sierra Leone,SLE,2001,0,FALSE,TRUE,0,878,0
Sierra Leone,SLE,2002,0,FALSE,TRUE,0,3565,0
Sierra Leone,SLE,2003,0,FALSE,TRUE,0,1138,0
Sierra Leone,SLE,2004,0,FALSE,TRUE,0,1475,0
Sierra Leone,SLE,2005,0,FALSE,TRUE,0,2696,0
Sierra Leone,SLE,2006,0,FALSE,TRUE,0,2245,0
Sierra Leone,SLE,2007,0,FALSE,TRUE,0,1541,0
Sierra Leone,SLE,2008,0,FALSE,TRUE,0,1926,0
Sierra Leone,SLE,2009,12,TRUE,FALSE,1.1139433523068367,2020,0.005940594059405941
Sierra Leone,SLE,2010,1,TRUE,FALSE,0.3010299956639812,1988,5.030181086519115e-4
Sierra Leone,SLE,2011,0,FALSE,TRUE,0,826,0
Sierra Leone,SLE,2012,0,FALSE,TRUE,0,325,0
Sierra Leone,SLE,2013,0,FALSE,TRUE,0,565,0
Sierra Leone,SLE,2014,0,FALSE,TRUE,0,469,0
Sierra Leone,SLE,2015,0,FALSE,TRUE,0,139,0
Sierra Leone,SLE,2016,0,FALSE,TRUE,0,49,0
Sierra Leone,SLE,2017,0,FALSE,TRUE,0,131,0
Sierra Leone,SLE,2018,0,FALSE,TRUE,0,203,0
Sierra Leone,SLE,2019,0,FALSE,TRUE,0,656,0
Sierra Leone,SLE,2020,20,TRUE,FALSE,1.3222192947339193,1871,0.010689470871191877
Singapore,SGP,1980,7,TRUE,FALSE,0.9030899869919436,368410,1.9000570017100515e-5
Singapore,SGP,1981,0,FALSE,TRUE,0,460159,0
Singapore,SGP,1982,7,TRUE,FALSE,0.9030899869919436,361396,1.9369334469667624e-5
Singapore,SGP,1983,14,TRUE,FALSE,1.1760912590556811,279811,5.003377279663773e-5
Singapore,SGP,1984,14,TRUE,FALSE,1.1760912590556811,245588,5.7006042640519895e-5
Singapore,SGP,1985,0,FALSE,TRUE,0,269381,0
Singapore,SGP,1987,0,FALSE,TRUE,0,277781,0
Singapore,SGP,1988,0,FALSE,TRUE,0,241624,0
Singapore,SGP,1989,0,FALSE,TRUE,0,155499,0
Singapore,SGP,1990,0,FALSE,TRUE,0,131538,0
Singapore,SGP,1991,0,FALSE,TRUE,0,81574,0
Singapore,SGP,1992,0,FALSE,TRUE,0,100113,0
Singapore,SGP,1993,0,FALSE,TRUE,0,73500,0
Singapore,SGP,1994,0,FALSE,TRUE,0,60662,0
Singapore,SGP,1995,0,FALSE,TRUE,0,49301,0
Singapore,SGP,1996,0,FALSE,TRUE,0,4517,0
Singapore,SGP,1997,0,FALSE,TRUE,0,5755,0
Singapore,SGP,1998,0,FALSE,TRUE,0,7044,0
Singapore,SGP,1999,0,FALSE,TRUE,0,7925,0
Singapore,SGP,2000,0,FALSE,TRUE,0,3297,0
Singapore,SGP,2001,0,FALSE,TRUE,0,878,0
Singapore,SGP,2002,0,FALSE,TRUE,0,3565,0
Singapore,SGP,2003,0,FALSE,TRUE,0,1138,0
Singapore,SGP,2004,0,FALSE,TRUE,0,1475,0
Singapore,SGP,2005,0,FALSE,TRUE,0,2696,0
Singapore,SGP,2006,0,FALSE,TRUE,0,2245,0
Singapore,SGP,2007,0,FALSE,TRUE,0,1541,0
Singapore,SGP,2008,0,FALSE,TRUE,0,1926,0
Singapore,SGP,2009,0,FALSE,TRUE,0,2020,0
Singapore,SGP,2010,0,FALSE,TRUE,0,1988,0
Singapore,SGP,2011,0,FALSE,TRUE,0,826,0
Singapore,SGP,2012,0,FALSE,TRUE,0,325,0
Singapore,SGP,2013,0,FALSE,TRUE,0,565,0
Singapore,SGP,2014,0,FALSE,TRUE,0,469,0
Singapore,SGP,2015,0,FALSE,TRUE,0,139,0
Singapore,SGP,2016,0,FALSE,TRUE,0,49,0
Singapore,SGP,2017,0,FALSE,TRUE,0,131,0
Singapore,SGP,2018,0,FALSE,TRUE,0,203,0
Singapore,SGP,2019,0,FALSE,TRUE,0,656,0
Singapore,SGP,2020,0,FALSE,TRUE,0,1871,0
Slovakia,SVK,1991,0,FALSE,TRUE,0,81574,0
Slovakia,SVK,1992,0,FALSE,TRUE,0,100113,0
Slovakia,SVK,1993,0,FALSE,TRUE,0,73500,0
Slovakia,SVK,1994,0,FALSE,TRUE,0,60662,0
Slovakia,SVK,1995,0,FALSE,TRUE,0,49301,0
Slovakia,SVK,1996,0,FALSE,TRUE,0,4517,0
Slovakia,SVK,1997,0,FALSE,TRUE,0,5755,0
Slovakia,SVK,1998,0,FALSE,TRUE,0,7044,0
Slovakia,SVK,1999,0,FALSE,TRUE,0,7925,0
Slovakia,SVK,2000,0,FALSE,TRUE,0,3297,0
Slovakia,SVK,2001,0,FALSE,TRUE,0,878,0
Slovakia,SVK,2002,0,FALSE,TRUE,0,3565,0
Slovakia,SVK,2003,0,FALSE,TRUE,0,1138,0
Slovakia,SVK,2004,0,FALSE,TRUE,0,1475,0
Slovakia,SVK,2005,0,FALSE,TRUE,0,2696,0
Slovakia,SVK,2006,0,FALSE,TRUE,0,2245,0
Slovakia,SVK,2007,0,FALSE,TRUE,0,1541,0
Slovakia,SVK,2008,0,FALSE,TRUE,0,1926,0
Slovakia,SVK,2009,0,FALSE,TRUE,0,2020,0
Slovakia,SVK,2010,0,FALSE,TRUE,0,1988,0
Slovakia,SVK,2011,0,FALSE,TRUE,0,826,0
Slovakia,SVK,2012,0,FALSE,TRUE,0,325,0
Slovakia,SVK,2013,0,FALSE,TRUE,0,565,0
Slovakia,SVK,2014,0,FALSE,TRUE,0,469,0
Slovakia,SVK,2015,0,FALSE,TRUE,0,139,0
Slovakia,SVK,2016,0,FALSE,TRUE,0,49,0
Slovakia,SVK,2017,0,FALSE,TRUE,0,131,0
Slovakia,SVK,2018,0,FALSE,TRUE,0,203,0
Slovakia,SVK,2019,0,FALSE,TRUE,0,656,0
Slovakia,SVK,2020,0,FALSE,TRUE,0,1871,0
Slovenia,SVN,1991,0,FALSE,TRUE,0,81574,0
Slovenia,SVN,1992,0,FALSE,TRUE,0,100113,0
Slovenia,SVN,1993,0,FALSE,TRUE,0,73500,0
Slovenia,SVN,1994,0,FALSE,TRUE,0,60662,0
Slovenia,SVN,1995,0,FALSE,TRUE,0,49301,0
Slovenia,SVN,1996,0,FALSE,TRUE,0,4517,0
Slovenia,SVN,1997,0,FALSE,TRUE,0,5755,0
Slovenia,SVN,1998,0,FALSE,TRUE,0,7044,0
Slovenia,SVN,1999,0,FALSE,TRUE,0,7925,0
Slovenia,SVN,2000,0,FALSE,TRUE,0,3297,0
Slovenia,SVN,2001,0,FALSE,TRUE,0,878,0
Slovenia,SVN,2002,0,FALSE,TRUE,0,3565,0
Slovenia,SVN,2003,0,FALSE,TRUE,0,1138,0
Slovenia,SVN,2004,0,FALSE,TRUE,0,1475,0
Slovenia,SVN,2005,0,FALSE,TRUE,0,2696,0
Slovenia,SVN,2006,0,FALSE,TRUE,0,2245,0
Slovenia,SVN,2007,0,FALSE,TRUE,0,1541,0
Slovenia,SVN,2008,0,FALSE,TRUE,0,1926,0
Slovenia,SVN,2009,0,FALSE,TRUE,0,2020,0
Slovenia,SVN,2010,0,FALSE,TRUE,0,1988,0
Slovenia,SVN,2011,0,FALSE,TRUE,0,826,0
Slovenia,SVN,2012,0,FALSE,TRUE,0,325,0
Slovenia,SVN,2013,0,FALSE,TRUE,0,565,0
Slovenia,SVN,2014,0,FALSE,TRUE,0,469,0
Slovenia,SVN,2015,0,FALSE,TRUE,0,139,0
Slovenia,SVN,2016,0,FALSE,TRUE,0,49,0
Slovenia,SVN,2017,0,FALSE,TRUE,0,131,0
Slovenia,SVN,2018,0,FALSE,TRUE,0,203,0
Slovenia,SVN,2019,0,FALSE,TRUE,0,656,0
Slovenia,SVN,2020,0,FALSE,TRUE,0,1871,0
Solomon Islands,SLB,1980,0,FALSE,TRUE,0,368410,0
Solomon Islands,SLB,1981,0,FALSE,TRUE,0,460159,0
Solomon Islands,SLB,1982,0,FALSE,TRUE,0,361396,0
Solomon Islands,SLB,1983,0,FALSE,TRUE,0,279811,0
Solomon Islands,SLB,1984,0,FALSE,TRUE,0,245588,0
Solomon Islands,SLB,1985,0,FALSE,TRUE,0,269381,0
Solomon Islands,SLB,1986,0,FALSE,TRUE,0,229922,0
Solomon Islands,SLB,1987,0,FALSE,TRUE,0,277781,0
Solomon Islands,SLB,1988,0,FALSE,TRUE,0,241624,0
Solomon Islands,SLB,1989,0,FALSE,TRUE,0,155499,0
Solomon Islands,SLB,1990,0,FALSE,TRUE,0,131538,0
Solomon Islands,SLB,1991,0,FALSE,TRUE,0,81574,0
Solomon Islands,SLB,1992,0,FALSE,TRUE,0,100113,0
Solomon Islands,SLB,1993,0,FALSE,TRUE,0,73500,0
Solomon Islands,SLB,1994,0,FALSE,TRUE,0,60662,0
Solomon Islands,SLB,1995,0,FALSE,TRUE,0,49301,0
Solomon Islands,SLB,1996,0,FALSE,TRUE,0,4517,0
Solomon Islands,SLB,1997,0,FALSE,TRUE,0,5755,0
Solomon Islands,SLB,1998,0,FALSE,TRUE,0,7044,0
Solomon Islands,SLB,1999,0,FALSE,TRUE,0,7925,0
Solomon Islands,SLB,2000,0,FALSE,TRUE,0,3297,0
Solomon Islands,SLB,2001,0,FALSE,TRUE,0,878,0
Solomon Islands,SLB,2002,0,FALSE,TRUE,0,3565,0
Solomon Islands,SLB,2003,0,FALSE,TRUE,0,1138,0
Solomon Islands,SLB,2004,0,FALSE,TRUE,0,1475,0
Solomon Islands,SLB,2005,0,FALSE,TRUE,0,2696,0
Solomon Islands,SLB,2006,0,FALSE,TRUE,0,2245,0
Solomon Islands,SLB,2007,0,FALSE,TRUE,0,1541,0
Solomon Islands,SLB,2008,0,FALSE,TRUE,0,1926,0
Solomon Islands,SLB,2010,0,FALSE,TRUE,0,1988,0
Somalia,SOM,1983,490,TRUE,FALSE,2.6910814921229687,279811,0.0017511820478823205
Somalia,SOM,1984,133,TRUE,FALSE,2.1271047983648077,245588,5.41557405084939e-4
Somalia,SOM,1985,42,TRUE,FALSE,1.6334684555795864,269381,1.559130005456955e-4
Somalia,SOM,1986,7,TRUE,FALSE,0.9030899869919436,229922,3.0445107471229372e-5
Somalia,SOM,1987,371,TRUE,FALSE,2.5705429398818973,277781,0.0013355845072197162
Somalia,SOM,1988,378,TRUE,FALSE,2.578639209968072,241624,0.0015644141310465847
Somalia,SOM,1989,1085,TRUE,FALSE,3.035829825252828,155499,0.006977536833034296
Somalia,SOM,1997,1,TRUE,FALSE,0.3010299956639812,5755,1.737619461337967e-4
Somalia,SOM,1998,13,TRUE,FALSE,1.146128035678238,7044,0.0018455423055082339
Somalia,SOM,1999,21,TRUE,FALSE,1.3424226808222062,7925,0.0026498422712933753
Somalia,SOM,2000,107,TRUE,FALSE,2.03342375548695,3297,0.03245374582954201
Somalia,SOM,2001,14,TRUE,FALSE,1.1760912590556811,878,0.015945330296127564
Somalia,SOM,2002,6,TRUE,FALSE,0.8450980400142568,3565,0.0016830294530154279
Somalia,SOM,2003,0,FALSE,TRUE,0,1138,0
Somalia,SOM,2004,0,FALSE,TRUE,0,1475,0
Somalia,SOM,2005,205,TRUE,FALSE,2.3138672203691533,2696,0.07603857566765579
Somalia,SOM,2006,39,TRUE,FALSE,1.6020599913279625,2245,0.01737193763919822
Somalia,SOM,2007,9,TRUE,FALSE,1,1541,0.005840363400389357
Somalia,SOM,2008,1,TRUE,FALSE,0.3010299956639812,1926,5.192107995846313e-4
Somalia,SOM,2009,7,TRUE,FALSE,0.9030899869919436,2020,0.0034653465346534654
Somalia,SOM,2010,1,TRUE,FALSE,0.3010299956639812,1988,5.030181086519115e-4
Somalia,SOM,2011,10,TRUE,FALSE,1.0413926851582251,826,0.012106537530266344
Somalia,SOM,2012,1,TRUE,FALSE,0.3010299956639812,325,0.003076923076923077
Somalia,SOM,2013,216,TRUE,FALSE,2.3364597338485296,565,0.3823008849557522
Somalia,SOM,2014,6,TRUE,FALSE,0.8450980400142568,469,0.01279317697228145
Somalia,SOM,2015,0,FALSE,TRUE,0,139,0
Somalia,SOM,2016,0,FALSE,TRUE,0,49,0
Somalia,SOM,2017,0,FALSE,TRUE,0,131,0
Somalia,SOM,2018,14,TRUE,FALSE,1.1760912590556811,203,0.06896551724137931
Somalia,SOM,2019,3,TRUE,FALSE,0.6020599913279624,656,0.004573170731707317
Somalia,SOM,2020,16,TRUE,FALSE,1.230448921378274,1871,0.0085515766969535
South Africa,ZAF,1980,784,TRUE,FALSE,2.8948696567452528,368410,0.0021280638419152575
South Africa,ZAF,1981,889,TRUE,FALSE,2.949390006644913,460159,0.001931940916074661
South Africa,ZAF,1982,3367,TRUE,FALSE,3.527372082827612,361396,0.009316649879910125
South Africa,ZAF,1983,644,TRUE,FALSE,2.8095597146352675,279811,0.0023015535486453358
South Africa,ZAF,1984,497,TRUE,FALSE,2.6972293427597176,245588,0.002023714513738456
South Africa,ZAF,1985,504,TRUE,FALSE,2.7032913781186614,269381,0.001870956006548346
South Africa,ZAF,1986,287,TRUE,FALSE,2.459392487759231,229922,0.0012482494063204043
South Africa,ZAF,1987,175,TRUE,FALSE,2.24551266781415,277781,6.299926920847718e-4
South Africa,ZAF,1988,1218,TRUE,FALSE,3.0860037056183818,241624,0.0050408899778167735
South Africa,ZAF,1989,98,TRUE,FALSE,1.99563519459755,155499,6.302291333063235e-4
South Africa,ZAF,1990,35,TRUE,FALSE,1.5563025007672873,131538,2.660828049689063e-4
South Africa,ZAF,1991,0,FALSE,TRUE,0,81574,0
South Africa,ZAF,1992,0,FALSE,TRUE,0,100113,0
South Africa,ZAF,1993,0,FALSE,TRUE,0,73500,0
South Africa,ZAF,1994,0,FALSE,TRUE,0,60662,0
South Africa,ZAF,1995,0,FALSE,TRUE,0,49301,0
South Africa,ZAF,1996,0,FALSE,TRUE,0,4517,0
South Africa,ZAF,1997,0,FALSE,TRUE,0,5755,0
South Africa,ZAF,1998,115,TRUE,FALSE,2.0644579892269186,7044,0.0163259511641113
South Africa,ZAF,1999,4,TRUE,FALSE,0.6989700043360189,7925,5.047318611987382e-4
South Africa,ZAF,2000,0,FALSE,TRUE,0,3297,0
South Africa,ZAF,2001,0,FALSE,TRUE,0,878,0
South Africa,ZAF,2002,0,FALSE,TRUE,0,3565,0
South Africa,ZAF,2003,0,FALSE,TRUE,0,1138,0
South Africa,ZAF,2004,0,FALSE,TRUE,0,1475,0
South Africa,ZAF,2005,0,FALSE,TRUE,0,2696,0
South Africa,ZAF,2006,0,FALSE,TRUE,0,2245,0
South Africa,ZAF,2007,0,FALSE,TRUE,0,1541,0
South Africa,ZAF,2008,0,FALSE,TRUE,0,1926,0
South Africa,ZAF,2009,0,FALSE,TRUE,0,2020,0
South Africa,ZAF,2010,0,FALSE,TRUE,0,1988,0
South Africa,ZAF,2011,0,FALSE,TRUE,0,826,0
South Africa,ZAF,2012,0,FALSE,TRUE,0,325,0
South Africa,ZAF,2013,0,FALSE,TRUE,0,565,0
South Africa,ZAF,2014,0,FALSE,TRUE,0,469,0
South Africa,ZAF,2015,0,FALSE,TRUE,0,139,0
South Africa,ZAF,2016,0,FALSE,TRUE,0,49,0
South Africa,ZAF,2017,0,FALSE,TRUE,0,131,0
South Africa,ZAF,2018,0,FALSE,TRUE,0,203,0
South Africa,ZAF,2019,0,FALSE,TRUE,0,656,0
South Africa,ZAF,2020,0,FALSE,TRUE,0,1871,0
South Korea,KOR,1980,98,TRUE,FALSE,1.99563519459755,368410,2.660079802394072e-4
South Korea,KOR,1981,14,TRUE,FALSE,1.1760912590556811,460159,3.0424266394876555e-5
South Korea,KOR,1982,14,TRUE,FALSE,1.1760912590556811,361396,3.873866893933525e-5
South Korea,KOR,1983,35,TRUE,FALSE,1.5563025007672873,279811,1.2508443199159432e-4
South Korea,KOR,1984,0,FALSE,TRUE,0,245588,0
South Korea,KOR,1985,0,FALSE,TRUE,0,269381,0
South Korea,KOR,1986,0,FALSE,TRUE,0,229922,0
South Korea,KOR,1987,0,FALSE,TRUE,0,277781,0
South Korea,KOR,1988,0,FALSE,TRUE,0,241624,0
South Korea,KOR,1989,0,FALSE,TRUE,0,155499,0
South Korea,KOR,1990,0,FALSE,TRUE,0,131538,0
South Korea,KOR,1993,0,FALSE,TRUE,0,73500,0
South Korea,KOR,1994,0,FALSE,TRUE,0,60662,0
South Korea,KOR,1995,0,FALSE,TRUE,0,49301,0
South Korea,KOR,1996,0,FALSE,TRUE,0,4517,0
South Korea,KOR,1997,0,FALSE,TRUE,0,5755,0
South Korea,KOR,1998,0,FALSE,TRUE,0,7044,0
South Korea,KOR,1999,0,FALSE,TRUE,0,7925,0
South Korea,KOR,2000,0,FALSE,TRUE,0,3297,0
South Korea,KOR,2001,0,FALSE,TRUE,0,878,0
South Korea,KOR,2002,0,FALSE,TRUE,0,3565,0
South Korea,KOR,2003,0,FALSE,TRUE,0,1138,0
South Korea,KOR,2004,0,FALSE,TRUE,0,1475,0
South Korea,KOR,2005,0,FALSE,TRUE,0,2696,0
South Korea,KOR,2006,0,FALSE,TRUE,0,2245,0
South Korea,KOR,2007,0,FALSE,TRUE,0,1541,0
South Korea,KOR,2008,0,FALSE,TRUE,0,1926,0
South Korea,KOR,2009,0,FALSE,TRUE,0,2020,0
South Korea,KOR,2010,0,FALSE,TRUE,0,1988,0
South Korea,KOR,2011,0,FALSE,TRUE,0,826,0
South Korea,KOR,2012,0,FALSE,TRUE,0,325,0
South Korea,KOR,2013,0,FALSE,TRUE,0,565,0
South Korea,KOR,2014,0,FALSE,TRUE,0,469,0
South Korea,KOR,2015,0,FALSE,TRUE,0,139,0
South Korea,KOR,2016,0,FALSE,TRUE,0,49,0
South Korea,KOR,2017,0,FALSE,TRUE,0,131,0
South Korea,KOR,2018,0,FALSE,TRUE,0,203,0
South Korea,KOR,2019,0,FALSE,TRUE,0,656,0
South Korea,KOR,2020,0,FALSE,TRUE,0,1871,0
South Sudan,SSD,2000,0,FALSE,TRUE,0,3297,0
South Sudan,SSD,2001,0,FALSE,TRUE,0,878,0
South Sudan,SSD,2011,0,FALSE,TRUE,0,826,0
South Sudan,SSD,2012,0,FALSE,TRUE,0,325,0
South Sudan,SSD,2013,0,FALSE,TRUE,0,565,0
South Sudan,SSD,2014,2,TRUE,FALSE,0.4771212547196624,469,0.0042643923240938165
South Sudan,SSD,2015,0,FALSE,TRUE,0,139,0
South Sudan,SSD,2016,0,FALSE,TRUE,0,49,0
South Sudan,SSD,2017,0,FALSE,TRUE,0,131,0
South Sudan,SSD,2018,0,FALSE,TRUE,0,203,0
South Sudan,SSD,2019,0,FALSE,TRUE,0,656,0
South Sudan,SSD,2020,100,TRUE,FALSE,2.004321373782642,1871,0.05344735435595938
Spain,ESP,1980,119,TRUE,FALSE,2.0791812460476247,368410,3.2300969029070873e-4
Spain,ESP,1981,91,TRUE,FALSE,1.9637878273455551,460159,1.9775773156669759e-4
Spain,ESP,1982,147,TRUE,FALSE,2.1702617153949575,361396,4.0675602386302005e-4
Spain,ESP,1983,189,TRUE,FALSE,2.278753600952829,279811,6.754559327546094e-4
Spain,ESP,1984,14,TRUE,FALSE,1.1760912590556811,245588,5.7006042640519895e-5
Spain,ESP,1985,42,TRUE,FALSE,1.6334684555795864,269381,1.559130005456955e-4
Spain,ESP,1986,0,FALSE,TRUE,0,229922,0
Spain,ESP,1987,77,TRUE,FALSE,1.8920946026904804,277781,2.771967845172996e-4
Spain,ESP,1988,28,TRUE,FALSE,1.462397997898956,241624,1.1588252822567295e-4
Spain,ESP,1989,7,TRUE,FALSE,0.9030899869919436,155499,4.5016366664737395e-5
Spain,ESP,1990,0,FALSE,TRUE,0,131538,0
Spain,ESP,1991,0,FALSE,TRUE,0,81574,0
Spain,ESP,1992,0,FALSE,TRUE,0,100113,0
Spain,ESP,1993,0,FALSE,TRUE,0,73500,0
Spain,ESP,1994,0,FALSE,TRUE,0,60662,0
Spain,ESP,1995,0,FALSE,TRUE,0,49301,0
Spain,ESP,1996,0,FALSE,TRUE,0,4517,0
Spain,ESP,1997,0,FALSE,TRUE,0,5755,0
Spain,ESP,1998,0,FALSE,TRUE,0,7044,0
Spain,ESP,1999,0,FALSE,TRUE,0,7925,0
Spain,ESP,2000,0,FALSE,TRUE,0,3297,0
Spain,ESP,2001,0,FALSE,TRUE,0,878,0
Spain,ESP,2002,0,FALSE,TRUE,0,3565,0
Spain,ESP,2003,0,FALSE,TRUE,0,1138,0
Spain,ESP,2004,0,FALSE,TRUE,0,1475,0
Spain,ESP,2005,0,FALSE,TRUE,0,2696,0
Spain,ESP,2006,0,FALSE,TRUE,0,2245,0
Spain,ESP,2007,0,FALSE,TRUE,0,1541,0
Spain,ESP,2008,0,FALSE,TRUE,0,1926,0
Spain,ESP,2009,0,FALSE,TRUE,0,2020,0
Spain,ESP,2010,0,FALSE,TRUE,0,1988,0
Spain,ESP,2011,0,FALSE,TRUE,0,826,0
Spain,ESP,2012,0,FALSE,TRUE,0,325,0
Spain,ESP,2013,0,FALSE,TRUE,0,565,0
Spain,ESP,2014,0,FALSE,TRUE,0,469,0
Spain,ESP,2015,0,FALSE,TRUE,0,139,0
Spain,ESP,2016,0,FALSE,TRUE,0,49,0
Spain,ESP,2017,0,FALSE,TRUE,0,131,0
Spain,ESP,2018,0,FALSE,TRUE,0,203,0
Spain,ESP,2019,0,FALSE,TRUE,0,656,0
Spain,ESP,2020,0,FALSE,TRUE,0,1871,0
Sri Lanka,LKA,1980,1848,TRUE,FALSE,3.266936911159173,368410,0.005016150484514536
Sri Lanka,LKA,1981,1778,TRUE,FALSE,3.250175948083925,460159,0.003863881832149322
Sri Lanka,LKA,1982,588,TRUE,FALSE,2.7701152947871015,361396,0.0016270240954520802
Sri Lanka,LKA,1983,399,TRUE,FALSE,2.6020599913279625,279811,0.0014259625247041753
Sri Lanka,LKA,1984,112,TRUE,FALSE,2.0530784434834195,245588,4.5604834112415916e-4
Sri Lanka,LKA,1985,77,TRUE,FALSE,1.8920946026904804,269381,2.8584050100044175e-4
Sri Lanka,LKA,1986,63,TRUE,FALSE,1.806179973983887,229922,2.740059672410644e-4
Sri Lanka,LKA,1987,672,TRUE,FALSE,2.828015064223977,277781,0.002419171937605524
Sri Lanka,LKA,1988,112,TRUE,FALSE,2.0530784434834195,241624,4.635301129026918e-4
Sri Lanka,LKA,1989,28,TRUE,FALSE,1.462397997898956,155499,1.8006546665894958e-4
Sri Lanka,LKA,1990,63,TRUE,FALSE,1.806179973983887,131538,4.789490489440314e-4
Sri Lanka,LKA,1991,7,TRUE,FALSE,0.9030899869919436,81574,8.58116556746022e-5
Sri Lanka,LKA,1992,84,TRUE,FALSE,1.9294189257142929,100113,8.390518713853346e-4
Sri Lanka,LKA,1993,105,TRUE,FALSE,2.0253058652647704,73500,0.0014285714285714286
Sri Lanka,LKA,1994,0,FALSE,TRUE,0,60662,0
Sri Lanka,LKA,1995,0,FALSE,TRUE,0,49301,0
Sri Lanka,LKA,1996,0,FALSE,TRUE,0,4517,0
Sri Lanka,LKA,1997,0,FALSE,TRUE,0,5755,0
Sri Lanka,LKA,1998,0,FALSE,TRUE,0,7044,0
Sri Lanka,LKA,1999,0,FALSE,TRUE,0,7925,0
Sri Lanka,LKA,2000,0,FALSE,TRUE,0,3297,0
Sri Lanka,LKA,2001,0,FALSE,TRUE,0,878,0
Sri Lanka,LKA,2002,0,FALSE,TRUE,0,3565,0
Sri Lanka,LKA,2003,0,FALSE,TRUE,0,1138,0
Sri Lanka,LKA,2004,0,FALSE,TRUE,0,1475,0
Sri Lanka,LKA,2005,0,FALSE,TRUE,0,2696,0
Sri Lanka,LKA,2006,0,FALSE,TRUE,0,2245,0
Sri Lanka,LKA,2007,0,FALSE,TRUE,0,1541,0
Sri Lanka,LKA,2008,0,FALSE,TRUE,0,1926,0
Sri Lanka,LKA,2009,0,FALSE,TRUE,0,2020,0
Sri Lanka,LKA,2010,0,FALSE,TRUE,0,1988,0
Sri Lanka,LKA,2011,0,FALSE,TRUE,0,826,0
Sri Lanka,LKA,2012,0,FALSE,TRUE,0,325,0
Sri Lanka,LKA,2013,0,FALSE,TRUE,0,565,0
Sri Lanka,LKA,2014,0,FALSE,TRUE,0,469,0
Sri Lanka,LKA,2015,0,FALSE,TRUE,0,139,0
Sri Lanka,LKA,2016,0,FALSE,TRUE,0,49,0
Sri Lanka,LKA,2017,0,FALSE,TRUE,0,131,0
Sri Lanka,LKA,2018,0,FALSE,TRUE,0,203,0
Sri Lanka,LKA,2019,0,FALSE,TRUE,0,656,0
Sri Lanka,LKA,2020,0,FALSE,TRUE,0,1871,0
Sudan,SDN,1980,29057,TRUE,FALSE,4.463265719430183,368410,0.07887136614098422
Sudan,SDN,1981,441,TRUE,FALSE,2.645422269349092,460159,9.583643914386114e-4
Sudan,SDN,1982,616,TRUE,FALSE,2.7902851640332416,361396,0.0017045014333307508
Sudan,SDN,1983,763,TRUE,FALSE,2.8830933585756897,279811,0.0027268406174167565
Sudan,SDN,1984,546,TRUE,FALSE,2.737987326333431,245588,0.0022232356629802758
Sudan,SDN,1985,1197,TRUE,FALSE,3.0784568180532927,269381,0.004443520515552322
Sudan,SDN,1986,1134,TRUE,FALSE,3.0549958615291417,229922,0.004932107410339158
Sudan,SDN,1987,693,TRUE,FALSE,2.841359470454855,277781,0.0024947710606556964
Sudan,SDN,1988,651,TRUE,FALSE,2.81424759573192,241624,0.002694268781246896
Sudan,SDN,1989,357,TRUE,FALSE,2.5538830266438746,155499,0.0022958346999016072
Sudan,SDN,1990,28,TRUE,FALSE,1.462397997898956,131538,2.1286624397512505e-4
Sudan,SDN,1991,189,TRUE,FALSE,2.278753600952829,81574,0.0023169147032142596
Sudan,SDN,1992,70,TRUE,FALSE,1.8512583487190752,100113,6.992098928211122e-4
Sudan,SDN,1993,1764,TRUE,FALSE,3.2467447097238415,73500,0.024
Sudan,SDN,1994,175,TRUE,FALSE,2.24551266781415,60662,0.002884837295176552
Sudan,SDN,1995,154,TRUE,FALSE,2.1903316981702914,49301,0.003123668891097544
Sudan,SDN,1996,57,TRUE,FALSE,1.7634279935629371,4517,0.012618994908124861
Sudan,SDN,1997,37,TRUE,FALSE,1.57978359661681,5755,0.006429192006950478
Sudan,SDN,1998,56,TRUE,FALSE,1.7558748556724917,7044,0.007950028392958546
Sudan,SDN,1999,67,TRUE,FALSE,1.8325089127062364,7925,0.008454258675078864
Sudan,SDN,2000,88,TRUE,FALSE,1.9493900066449128,3297,0.026690931149529876
Sudan,SDN,2001,2,TRUE,FALSE,0.4771212547196624,878,0.002277904328018223
Sudan,SDN,2002,0,FALSE,TRUE,0,3565,0
Sudan,SDN,2003,0,FALSE,TRUE,0,1138,0
Sudan,SDN,2004,141,TRUE,FALSE,2.1522883443830563,1475,0.09559322033898306
Sudan,SDN,2005,30,TRUE,FALSE,1.4913616938342726,2696,0.01112759643916914
Sudan,SDN,2006,0,FALSE,TRUE,0,2245,0
Sudan,SDN,2007,1,TRUE,FALSE,0.3010299956639812,1541,6.489292667099286e-4
Sudan,SDN,2008,29,TRUE,FALSE,1.4771212547196624,1926,0.015057113187954309
Sudan,SDN,2009,50,TRUE,FALSE,1.7075701760979365,2020,0.024752475247524754
Sudan,SDN,2010,0,FALSE,TRUE,0,1988,0
Sudan,SDN,2011,0,FALSE,TRUE,0,826,0
Sudan,SDN,2012,0,FALSE,TRUE,0,325,0
Sudan,SDN,2013,0,FALSE,TRUE,0,565,0
Sudan,SDN,2014,0,FALSE,TRUE,0,469,0
Sudan,SDN,2015,0,FALSE,TRUE,0,139,0
Sudan,SDN,2016,0,FALSE,TRUE,0,49,0
Sudan,SDN,2017,0,FALSE,TRUE,0,131,0
Sudan,SDN,2018,0,FALSE,TRUE,0,203,0
Sudan,SDN,2019,0,FALSE,TRUE,0,656,0
Sudan,SDN,2020,65,TRUE,FALSE,1.8195439355418688,1871,0.034740780331373594
Suriname,SUR,1980,0,FALSE,TRUE,0,368410,0
Suriname,SUR,1981,0,FALSE,TRUE,0,460159,0
Suriname,SUR,1982,7,TRUE,FALSE,0.9030899869919436,361396,1.9369334469667624e-5
Suriname,SUR,1983,0,FALSE,TRUE,0,279811,0
Suriname,SUR,1984,0,FALSE,TRUE,0,245588,0
Suriname,SUR,1985,0,FALSE,TRUE,0,269381,0
Suriname,SUR,1986,0,FALSE,TRUE,0,229922,0
Suriname,SUR,1987,0,FALSE,TRUE,0,277781,0
Suriname,SUR,1988,0,FALSE,TRUE,0,241624,0
Suriname,SUR,1989,0,FALSE,TRUE,0,155499,0
Suriname,SUR,1990,0,FALSE,TRUE,0,131538,0
Suriname,SUR,1991,0,FALSE,TRUE,0,81574,0
Suriname,SUR,1992,0,FALSE,TRUE,0,100113,0
Suriname,SUR,1993,0,FALSE,TRUE,0,73500,0
Suriname,SUR,1994,0,FALSE,TRUE,0,60662,0
Suriname,SUR,1995,0,FALSE,TRUE,0,49301,0
Suriname,SUR,1996,0,FALSE,TRUE,0,4517,0
Suriname,SUR,1997,0,FALSE,TRUE,0,5755,0
Suriname,SUR,1998,0,FALSE,TRUE,0,7044,0
Suriname,SUR,1999,0,FALSE,TRUE,0,7925,0
Suriname,SUR,2000,0,FALSE,TRUE,0,3297,0
Suriname,SUR,2001,0,FALSE,TRUE,0,878,0
Suriname,SUR,2002,0,FALSE,TRUE,0,3565,0
Suriname,SUR,2003,0,FALSE,TRUE,0,1138,0
Suriname,SUR,2004,0,FALSE,TRUE,0,1475,0
Suriname,SUR,2005,0,FALSE,TRUE,0,2696,0
Suriname,SUR,2006,0,FALSE,TRUE,0,2245,0
Suriname,SUR,2007,0,FALSE,TRUE,0,1541,0
Suriname,SUR,2008,0,FALSE,TRUE,0,1926,0
Suriname,SUR,2010,0,FALSE,TRUE,0,1988,0
Sweden,SWE,1980,0,FALSE,TRUE,0,368410,0
Sweden,SWE,1981,0,FALSE,TRUE,0,460159,0
Sweden,SWE,1982,0,FALSE,TRUE,0,361396,0
Sweden,SWE,1983,0,FALSE,TRUE,0,279811,0
Sweden,SWE,1984,0,FALSE,TRUE,0,245588,0
Sweden,SWE,1985,0,FALSE,TRUE,0,269381,0
Sweden,SWE,1986,0,FALSE,TRUE,0,229922,0
Sweden,SWE,1987,0,FALSE,TRUE,0,277781,0
Sweden,SWE,1988,0,FALSE,TRUE,0,241624,0
Sweden,SWE,1989,0,FALSE,TRUE,0,155499,0
Sweden,SWE,1990,0,FALSE,TRUE,0,131538,0
Sweden,SWE,1991,0,FALSE,TRUE,0,81574,0
Sweden,SWE,1992,7,TRUE,FALSE,0.9030899869919436,100113,6.992098928211121e-5
Sweden,SWE,1993,0,FALSE,TRUE,0,73500,0
Sweden,SWE,1994,0,FALSE,TRUE,0,60662,0
Sweden,SWE,1995,0,FALSE,TRUE,0,49301,0
Sweden,SWE,1996,0,FALSE,TRUE,0,4517,0
Sweden,SWE,1997,0,FALSE,TRUE,0,5755,0
Sweden,SWE,1998,0,FALSE,TRUE,0,7044,0
Sweden,SWE,1999,0,FALSE,TRUE,0,7925,0
Sweden,SWE,2000,0,FALSE,TRUE,0,3297,0
Sweden,SWE,2001,0,FALSE,TRUE,0,878,0
Sweden,SWE,2002,0,FALSE,TRUE,0,3565,0
Sweden,SWE,2003,0,FALSE,TRUE,0,1138,0
Sweden,SWE,2004,0,FALSE,TRUE,0,1475,0
Sweden,SWE,2005,0,FALSE,TRUE,0,2696,0
Sweden,SWE,2006,0,FALSE,TRUE,0,2245,0
Sweden,SWE,2007,0,FALSE,TRUE,0,1541,0
Sweden,SWE,2008,0,FALSE,TRUE,0,1926,0
Sweden,SWE,2009,0,FALSE,TRUE,0,2020,0
Sweden,SWE,2010,0,FALSE,TRUE,0,1988,0
Sweden,SWE,2011,0,FALSE,TRUE,0,826,0
Sweden,SWE,2012,0,FALSE,TRUE,0,325,0
Sweden,SWE,2013,0,FALSE,TRUE,0,565,0
Sweden,SWE,2014,0,FALSE,TRUE,0,469,0
Sweden,SWE,2015,0,FALSE,TRUE,0,139,0
Sweden,SWE,2016,0,FALSE,TRUE,0,49,0
Sweden,SWE,2017,0,FALSE,TRUE,0,131,0
Sweden,SWE,2018,0,FALSE,TRUE,0,203,0
Sweden,SWE,2019,0,FALSE,TRUE,0,656,0
Sweden,SWE,2020,0,FALSE,TRUE,0,1871,0
Switzerland,CHE,1980,7,TRUE,FALSE,0.9030899869919436,368410,1.9000570017100515e-5
Switzerland,CHE,1981,21,TRUE,FALSE,1.3424226808222062,460159,4.563639959231483e-5
Switzerland,CHE,1982,7,TRUE,FALSE,0.9030899869919436,361396,1.9369334469667624e-5
Switzerland,CHE,1983,0,FALSE,TRUE,0,279811,0
Switzerland,CHE,1984,7,TRUE,FALSE,0.9030899869919436,245588,2.8503021320259948e-5
Switzerland,CHE,1985,0,FALSE,TRUE,0,269381,0
Switzerland,CHE,1986,0,FALSE,TRUE,0,229922,0
Switzerland,CHE,1987,0,FALSE,TRUE,0,277781,0
Switzerland,CHE,1988,0,FALSE,TRUE,0,241624,0
Switzerland,CHE,1989,0,FALSE,TRUE,0,155499,0
Switzerland,CHE,1990,0,FALSE,TRUE,0,131538,0
Switzerland,CHE,1991,0,FALSE,TRUE,0,81574,0
Switzerland,CHE,1992,0,FALSE,TRUE,0,100113,0
Switzerland,CHE,1993,0,FALSE,TRUE,0,73500,0
Switzerland,CHE,1994,0,FALSE,TRUE,0,60662,0
Switzerland,CHE,1995,0,FALSE,TRUE,0,49301,0
Switzerland,CHE,1996,0,FALSE,TRUE,0,4517,0
Switzerland,CHE,1997,0,FALSE,TRUE,0,5755,0
Switzerland,CHE,1998,0,FALSE,TRUE,0,7044,0
Switzerland,CHE,1999,0,FALSE,TRUE,0,7925,0
Switzerland,CHE,2000,0,FALSE,TRUE,0,3297,0
Switzerland,CHE,2001,0,FALSE,TRUE,0,878,0
Switzerland,CHE,2002,0,FALSE,TRUE,0,3565,0
Switzerland,CHE,2003,0,FALSE,TRUE,0,1138,0
Switzerland,CHE,2004,0,FALSE,TRUE,0,1475,0
Switzerland,CHE,2005,0,FALSE,TRUE,0,2696,0
Switzerland,CHE,2006,0,FALSE,TRUE,0,2245,0
Switzerland,CHE,2007,0,FALSE,TRUE,0,1541,0
Switzerland,CHE,2008,0,FALSE,TRUE,0,1926,0
Switzerland,CHE,2009,0,FALSE,TRUE,0,2020,0
Switzerland,CHE,2010,0,FALSE,TRUE,0,1988,0
Switzerland,CHE,2011,0,FALSE,TRUE,0,826,0
Switzerland,CHE,2012,0,FALSE,TRUE,0,325,0
Switzerland,CHE,2013,0,FALSE,TRUE,0,565,0
Switzerland,CHE,2014,0,FALSE,TRUE,0,469,0
Switzerland,CHE,2015,0,FALSE,TRUE,0,139,0
Switzerland,CHE,2016,0,FALSE,TRUE,0,49,0
Switzerland,CHE,2017,0,FALSE,TRUE,0,131,0
Switzerland,CHE,2018,0,FALSE,TRUE,0,203,0
Switzerland,CHE,2019,0,FALSE,TRUE,0,656,0
Switzerland,CHE,2020,0,FALSE,TRUE,0,1871,0
Syria,SYR,1980,2184,TRUE,FALSE,3.3394514413064407,368410,0.0059281778453353605
Syria,SYR,1981,1736,TRUE,FALSE,3.239799818447098,460159,0.0037726090329646927
Syria,SYR,1982,1834,TRUE,FALSE,3.263636068588108,361396,0.005074765631052917
Syria,SYR,1983,301,TRUE,FALSE,2.4800069429571505,279811,0.0010757261151277111
Syria,SYR,1984,203,TRUE,FALSE,2.3096301674258988,245588,8.265876182875385e-4
Syria,SYR,1985,175,TRUE,FALSE,2.24551266781415,269381,6.496375022737313e-4
Syria,SYR,1986,280,TRUE,FALSE,2.44870631990508,229922,0.0012178042988491749
Syria,SYR,1987,273,TRUE,FALSE,2.437750562820388,277781,9.82788599652244e-4
Syria,SYR,1988,238,TRUE,FALSE,2.3783979009481375,241624,9.8500148991822e-4
Syria,SYR,1989,91,TRUE,FALSE,1.9637878273455551,155499,5.852127666415861e-4
Syria,SYR,1990,91,TRUE,FALSE,1.9637878273455551,131538,6.918152929191564e-4
Syria,SYR,1991,168,TRUE,FALSE,2.2278867046136734,81574,0.0020594797361904527
Syria,SYR,1992,154,TRUE,FALSE,2.1903316981702914,100113,0.0015382617642064468
Syria,SYR,1993,0,FALSE,TRUE,0,73500,0
Syria,SYR,1994,14,TRUE,FALSE,1.1760912590556811,60662,2.3078698361412417e-4
Syria,SYR,1995,28,TRUE,FALSE,1.462397997898956,49301,5.679397983813716e-4
Syria,SYR,1996,0,FALSE,TRUE,0,4517,0
Syria,SYR,1997,0,FALSE,TRUE,0,5755,0
Syria,SYR,1998,0,FALSE,TRUE,0,7044,0
Syria,SYR,1999,1,TRUE,FALSE,0.3010299956639812,7925,1.2618296529968455e-4
Syria,SYR,2000,0,FALSE,TRUE,0,3297,0
Syria,SYR,2001,0,FALSE,TRUE,0,878,0
Syria,SYR,2002,0,FALSE,TRUE,0,3565,0
Syria,SYR,2003,0,FALSE,TRUE,0,1138,0
Syria,SYR,2004,0,FALSE,TRUE,0,1475,0
Syria,SYR,2005,0,FALSE,TRUE,0,2696,0
Syria,SYR,2006,0,FALSE,TRUE,0,2245,0
Syria,SYR,2007,0,FALSE,TRUE,0,1541,0
Syria,SYR,2008,0,FALSE,TRUE,0,1926,0
Syria,SYR,2009,0,FALSE,TRUE,0,2020,0
Syria,SYR,2010,0,FALSE,TRUE,0,1988,0
Syria,SYR,2011,0,FALSE,TRUE,0,826,0
Syria,SYR,2012,0,FALSE,TRUE,0,325,0
Syria,SYR,2013,70,TRUE,FALSE,1.8512583487190752,565,0.12389380530973451
Syria,SYR,2014,1,TRUE,FALSE,0.3010299956639812,469,0.0021321961620469083
Syria,SYR,2015,0,FALSE,TRUE,0,139,0
Syria,SYR,2016,0,FALSE,TRUE,0,49,0
Syria,SYR,2017,82,TRUE,FALSE,1.919078092376074,131,0.6259541984732825
Syria,SYR,2018,0,FALSE,TRUE,0,203,0
Syria,SYR,2019,0,FALSE,TRUE,0,656,0
Syria,SYR,2020,0,FALSE,TRUE,0,1871,0
Tajikistan,TJK,1991,805,TRUE,FALSE,2.906335041805091,81574,0.009868340402579253
Tajikistan,TJK,1992,35,TRUE,FALSE,1.5563025007672873,100113,3.496049464105561e-4
Tajikistan,TJK,1993,98,TRUE,FALSE,1.99563519459755,73500,0.0013333333333333333
Tajikistan,TJK,1994,182,TRUE,FALSE,2.2624510897304293,60662,0.003000230786983614
Tajikistan,TJK,1995,0,FALSE,TRUE,0,49301,0
Tajikistan,TJK,1996,0,FALSE,TRUE,0,4517,0
Tajikistan,TJK,1997,1,TRUE,FALSE,0.3010299956639812,5755,1.737619461337967e-4
Tajikistan,TJK,1998,0,FALSE,TRUE,0,7044,0
Tajikistan,TJK,1999,0,FALSE,TRUE,0,7925,0
Tajikistan,TJK,2000,0,FALSE,TRUE,0,3297,0
Tajikistan,TJK,2001,0,FALSE,TRUE,0,878,0
Tajikistan,TJK,2002,0,FALSE,TRUE,0,3565,0
Tajikistan,TJK,2003,0,FALSE,TRUE,0,1138,0
Tajikistan,TJK,2004,0,FALSE,TRUE,0,1475,0
Tajikistan,TJK,2005,0,FALSE,TRUE,0,2696,0
Tajikistan,TJK,2006,0,FALSE,TRUE,0,2245,0
Tajikistan,TJK,2007,0,FALSE,TRUE,0,1541,0
Tajikistan,TJK,2008,0,FALSE,TRUE,0,1926,0
Tajikistan,TJK,2009,0,FALSE,TRUE,0,2020,0
Tajikistan,TJK,2010,511,TRUE,FALSE,2.709269960975831,1988,0.25704225352112675
Tajikistan,TJK,2011,0,FALSE,TRUE,0,826,0
Tajikistan,TJK,2012,0,FALSE,TRUE,0,325,0
Tajikistan,TJK,2013,0,FALSE,TRUE,0,565,0
Tajikistan,TJK,2014,0,FALSE,TRUE,0,469,0
Tajikistan,TJK,2015,0,FALSE,TRUE,0,139,0
Tajikistan,TJK,2016,0,FALSE,TRUE,0,49,0
Tajikistan,TJK,2017,0,FALSE,TRUE,0,131,0
Tajikistan,TJK,2018,0,FALSE,TRUE,0,203,0
Tajikistan,TJK,2019,0,FALSE,TRUE,0,656,0
Tajikistan,TJK,2020,1,TRUE,FALSE,0.3010299956639812,1871,5.344735435595938e-4
Tanzania,TZA,1980,637,TRUE,FALSE,2.8048206787211623,368410,0.0017290518715561466
Tanzania,TZA,1981,483,TRUE,FALSE,2.6848453616444123,460159,0.0010496371906232411
Tanzania,TZA,1982,182,TRUE,FALSE,2.2624510897304293,361396,5.036026962113582e-4
Tanzania,TZA,1983,707,TRUE,FALSE,2.850033257689769,279811,0.0025267055262302054
Tanzania,TZA,1984,756,TRUE,FALSE,2.8790958795000727,245588,0.0030783263025880745
Tanzania,TZA,1985,2380,TRUE,FALSE,3.37675939540488,269381,0.008835070030922746
Tanzania,TZA,1986,1610,TRUE,FALSE,3.207095540419218,229922,0.007002374718382756
Tanzania,TZA,1987,4046,TRUE,FALSE,3.6071332043915665,277781,0.014565431040999924
Tanzania,TZA,1988,28,TRUE,FALSE,1.462397997898956,241624,1.1588252822567295e-4
Tanzania,TZA,1989,21,TRUE,FALSE,1.3424226808222062,155499,1.3504909999421217e-4
Tanzania,TZA,1990,21,TRUE,FALSE,1.3424226808222062,131538,1.596496829813438e-4
Tanzania,TZA,1991,28,TRUE,FALSE,1.462397997898956,81574,3.432466226984088e-4
Tanzania,TZA,1992,63,TRUE,FALSE,1.806179973983887,100113,6.29288903539001e-4
Tanzania,TZA,1993,7,TRUE,FALSE,0.9030899869919436,73500,9.523809523809524e-5
Tanzania,TZA,1994,63,TRUE,FALSE,1.806179973983887,60662,0.0010385414262635588
Tanzania,TZA,1996,10,TRUE,FALSE,1.0413926851582251,4517,0.002213858755811379
Tanzania,TZA,1997,11,TRUE,FALSE,1.0791812460476249,5755,0.0019113814074717638
Tanzania,TZA,1998,73,TRUE,FALSE,1.869231719730976,7044,0.01036342986939239
Tanzania,TZA,1999,0,FALSE,TRUE,0,7925,0
Tanzania,TZA,2000,0,FALSE,TRUE,0,3297,0
Tanzania,TZA,2001,0,FALSE,TRUE,0,878,0
Tanzania,TZA,2002,0,FALSE,TRUE,0,3565,0
Tanzania,TZA,2003,0,FALSE,TRUE,0,1138,0
Tanzania,TZA,2004,0,FALSE,TRUE,0,1475,0
Tanzania,TZA,2005,0,FALSE,TRUE,0,2696,0
Tanzania,TZA,2006,0,FALSE,TRUE,0,2245,0
Tanzania,TZA,2007,0,FALSE,TRUE,0,1541,0
Tanzania,TZA,2008,0,FALSE,TRUE,0,1926,0
Tanzania,TZA,2009,0,FALSE,TRUE,0,2020,0
Tanzania,TZA,2010,0,FALSE,TRUE,0,1988,0
Tanzania,TZA,2011,0,FALSE,TRUE,0,826,0
Tanzania,TZA,2012,0,FALSE,TRUE,0,325,0
Tanzania,TZA,2013,0,FALSE,TRUE,0,565,0
Tanzania,TZA,2014,0,FALSE,TRUE,0,469,0
Tanzania,TZA,2015,0,FALSE,TRUE,0,139,0
Tanzania,TZA,2016,0,FALSE,TRUE,0,49,0
Tanzania,TZA,2017,0,FALSE,TRUE,0,131,0
Tanzania,TZA,2018,0,FALSE,TRUE,0,203,0
Tanzania,TZA,2019,0,FALSE,TRUE,0,656,0
Tanzania,TZA,2020,0,FALSE,TRUE,0,1871,0
Thailand,THA,1980,2100,TRUE,FALSE,3.322426052405953,368410,0.005700171005130154
Thailand,THA,1981,1799,TRUE,FALSE,3.255272505103306,460159,0.003909518231741637
Thailand,THA,1982,1932,TRUE,FALSE,3.286231854028553,361396,0.005345936313628264
Thailand,THA,1983,1008,TRUE,FALSE,3.0038911662369103,279811,0.0036024316413579166
Thailand,THA,1984,567,TRUE,FALSE,2.754348335711019,245588,0.0023087447269410557
Thailand,THA,1985,455,TRUE,FALSE,2.658964842664435,269381,0.0016890575059117013
Thailand,THA,1986,658,TRUE,FALSE,2.8188854145940097,229922,0.002861840102295561
Thailand,THA,1987,175,TRUE,FALSE,2.24551266781415,277781,6.299926920847718e-4
Thailand,THA,1988,77,TRUE,FALSE,1.8920946026904804,241624,3.186769526206006e-4
Thailand,THA,1989,133,TRUE,FALSE,2.1271047983648077,155499,8.553109666300105e-4
Thailand,THA,1990,28,TRUE,FALSE,1.462397997898956,131538,2.1286624397512505e-4
Thailand,THA,1991,35,TRUE,FALSE,1.5563025007672873,81574,4.29058278373011e-4
Thailand,THA,1992,63,TRUE,FALSE,1.806179973983887,100113,6.29288903539001e-4
Thailand,THA,1993,49,TRUE,FALSE,1.6989700043360187,73500,6.666666666666666e-4
Thailand,THA,1994,7,TRUE,FALSE,0.9030899869919436,60662,1.1539349180706209e-4
Thailand,THA,1995,14,TRUE,FALSE,1.1760912590556811,49301,2.839698991906858e-4
Thailand,THA,1996,1,TRUE,FALSE,0.3010299956639812,4517,2.2138587558113792e-4
Thailand,THA,1997,21,TRUE,FALSE,1.3424226808222062,5755,0.0036490008688097307
Thailand,THA,1998,34,TRUE,FALSE,1.5440680443502757,7044,0.004826802952867689
Thailand,THA,1999,27,TRUE,FALSE,1.4471580313422192,7925,0.003406940063091483
Thailand,THA,2000,22,TRUE,FALSE,1.3617278360175928,3297,0.006672732787382469
Thailand,THA,2001,0,FALSE,TRUE,0,878,0
Thailand,THA,2002,0,FALSE,TRUE,0,3565,0
Thailand,THA,2003,0,FALSE,TRUE,0,1138,0
Thailand,THA,2004,0,FALSE,TRUE,0,1475,0
Thailand,THA,2005,0,FALSE,TRUE,0,2696,0
Thailand,THA,2006,0,FALSE,TRUE,0,2245,0
Thailand,THA,2007,0,FALSE,TRUE,0,1541,0
Thailand,THA,2008,0,FALSE,TRUE,0,1926,0
Thailand,THA,2009,0,FALSE,TRUE,0,2020,0
Thailand,THA,2010,0,FALSE,TRUE,0,1988,0
Thailand,THA,2011,0,FALSE,TRUE,0,826,0
Thailand,THA,2012,0,FALSE,TRUE,0,325,0
Thailand,THA,2013,0,FALSE,TRUE,0,565,0
Thailand,THA,2014,0,FALSE,TRUE,0,469,0
Thailand,THA,2015,0,FALSE,TRUE,0,139,0
Thailand,THA,2016,0,FALSE,TRUE,0,49,0
Thailand,THA,2017,0,FALSE,TRUE,0,131,0
Thailand,THA,2018,0,FALSE,TRUE,0,203,0
Thailand,THA,2019,0,FALSE,TRUE,0,656,0
Thailand,THA,2020,0,FALSE,TRUE,0,1871,0
Togo,TGO,1980,1246,TRUE,FALSE,3.0958664534785427,368410,0.003382101463043891
Togo,TGO,1981,1008,TRUE,FALSE,3.0038911662369103,460159,0.002190547180431112
Togo,TGO,1982,1106,TRUE,FALSE,3.044147620878723,361396,0.0030603548462074842
Togo,TGO,1983,434,TRUE,FALSE,2.6384892569546374,279811,0.0015510469566957696
Togo,TGO,1984,434,TRUE,FALSE,2.6384892569546374,245588,0.0017671873218561168
Togo,TGO,1985,483,TRUE,FALSE,2.6848453616444123,269381,0.0017929995062754983
Togo,TGO,1986,322,TRUE,FALSE,2.509202522331103,229922,0.0014004749436765513
Togo,TGO,1987,609,TRUE,FALSE,2.785329835010767,277781,0.002192374568455006
Togo,TGO,1988,175,TRUE,FALSE,2.24551266781415,241624,7.242658014104559e-4
Togo,TGO,1989,56,TRUE,FALSE,1.7558748556724917,155499,3.6013093331789916e-4
Togo,TGO,1990,140,TRUE,FALSE,2.1492191126553797,131538,0.0010643312198756253
Togo,TGO,1991,147,TRUE,FALSE,2.1702617153949575,81574,0.0018020447691666462
Togo,TGO,1992,84,TRUE,FALSE,1.9294189257142929,100113,8.390518713853346e-4
Togo,TGO,1993,14,TRUE,FALSE,1.1760912590556811,73500,1.9047619047619048e-4
Togo,TGO,1994,42,TRUE,FALSE,1.6334684555795864,60662,6.923609508423724e-4
Togo,TGO,1995,35,TRUE,FALSE,1.5563025007672873,49301,7.099247479767144e-4
Togo,TGO,1996,2,TRUE,FALSE,0.4771212547196624,4517,4.4277175116227583e-4
Togo,TGO,1997,2,TRUE,FALSE,0.4771212547196624,5755,3.475238922675934e-4
Togo,TGO,1998,6,TRUE,FALSE,0.8450980400142568,7044,8.517887563884157e-4
Togo,TGO,1999,1,TRUE,FALSE,0.3010299956639812,7925,1.2618296529968455e-4
Togo,TGO,2000,0,FALSE,TRUE,0,3297,0
Togo,TGO,2001,0,FALSE,TRUE,0,878,0
Togo,TGO,2002,0,FALSE,TRUE,0,3565,0
Togo,TGO,2003,1,TRUE,FALSE,0.3010299956639812,1138,8.787346221441124e-4
Togo,TGO,2004,0,FALSE,TRUE,0,1475,0
Togo,TGO,2005,0,FALSE,TRUE,0,2696,0
Togo,TGO,2006,0,FALSE,TRUE,0,2245,0
Togo,TGO,2007,0,FALSE,TRUE,0,1541,0
Togo,TGO,2008,3,TRUE,FALSE,0.6020599913279624,1926,0.001557632398753894
Togo,TGO,2009,7,TRUE,FALSE,0.9030899869919436,2020,0.0034653465346534654
Togo,TGO,2010,0,FALSE,TRUE,0,1988,0
Togo,TGO,2011,0,FALSE,TRUE,0,826,0
Togo,TGO,2012,0,FALSE,TRUE,0,325,0
Togo,TGO,2013,0,FALSE,TRUE,0,565,0
Togo,TGO,2014,0,FALSE,TRUE,0,469,0
Togo,TGO,2015,0,FALSE,TRUE,0,139,0
Togo,TGO,2016,0,FALSE,TRUE,0,49,0
Togo,TGO,2017,0,FALSE,TRUE,0,131,0
Togo,TGO,2018,0,FALSE,TRUE,0,203,0
Togo,TGO,2019,16,TRUE,FALSE,1.230448921378274,656,0.024390243902439025
Togo,TGO,2020,18,TRUE,FALSE,1.2787536009528289,1871,0.009620523784072688
Tonga,TON,1980,0,FALSE,TRUE,0,368410,0
Tonga,TON,1981,0,FALSE,TRUE,0,460159,0
Tonga,TON,1982,0,FALSE,TRUE,0,361396,0
Tonga,TON,1983,0,FALSE,TRUE,0,279811,0
Tonga,TON,1984,0,FALSE,TRUE,0,245588,0
Tonga,TON,1985,0,FALSE,TRUE,0,269381,0
Tonga,TON,1986,0,FALSE,TRUE,0,229922,0
Tonga,TON,1987,0,FALSE,TRUE,0,277781,0
Tonga,TON,1988,0,FALSE,TRUE,0,241624,0
Tonga,TON,1989,0,FALSE,TRUE,0,155499,0
Tonga,TON,1990,0,FALSE,TRUE,0,131538,0
Tonga,TON,1991,0,FALSE,TRUE,0,81574,0
Tonga,TON,1992,0,FALSE,TRUE,0,100113,0
Tonga,TON,1993,0,FALSE,TRUE,0,73500,0
Tonga,TON,1994,0,FALSE,TRUE,0,60662,0
Tonga,TON,1995,0,FALSE,TRUE,0,49301,0
Tonga,TON,1996,0,FALSE,TRUE,0,4517,0
Tonga,TON,1997,0,FALSE,TRUE,0,5755,0
Tonga,TON,1998,0,FALSE,TRUE,0,7044,0
Tonga,TON,1999,0,FALSE,TRUE,0,7925,0
Tonga,TON,2000,0,FALSE,TRUE,0,3297,0
Tonga,TON,2001,0,FALSE,TRUE,0,878,0
Tonga,TON,2002,0,FALSE,TRUE,0,3565,0
Tonga,TON,2003,0,FALSE,TRUE,0,1138,0
Tonga,TON,2004,0,FALSE,TRUE,0,1475,0
Tonga,TON,2005,0,FALSE,TRUE,0,2696,0
Tonga,TON,2006,0,FALSE,TRUE,0,2245,0
Tonga,TON,2007,0,FALSE,TRUE,0,1541,0
Tonga,TON,2008,0,FALSE,TRUE,0,1926,0
Tonga,TON,2010,0,FALSE,TRUE,0,1988,0
Trinidad and Tobago,TTO,1980,0,FALSE,TRUE,0,368410,0
Trinidad and Tobago,TTO,1981,0,FALSE,TRUE,0,460159,0
Trinidad and Tobago,TTO,1982,0,FALSE,TRUE,0,361396,0
Trinidad and Tobago,TTO,1983,0,FALSE,TRUE,0,279811,0
Trinidad and Tobago,TTO,1984,0,FALSE,TRUE,0,245588,0
Trinidad and Tobago,TTO,1985,0,FALSE,TRUE,0,269381,0
Trinidad and Tobago,TTO,1986,0,FALSE,TRUE,0,229922,0
Trinidad and Tobago,TTO,1987,0,FALSE,TRUE,0,277781,0
Trinidad and Tobago,TTO,1988,0,FALSE,TRUE,0,241624,0
Trinidad and Tobago,TTO,1989,0,FALSE,TRUE,0,155499,0
Trinidad and Tobago,TTO,1990,0,FALSE,TRUE,0,131538,0
Trinidad and Tobago,TTO,1991,0,FALSE,TRUE,0,81574,0
Trinidad and Tobago,TTO,1992,0,FALSE,TRUE,0,100113,0
Trinidad and Tobago,TTO,1993,0,FALSE,TRUE,0,73500,0
Trinidad and Tobago,TTO,1994,0,FALSE,TRUE,0,60662,0
Trinidad and Tobago,TTO,1995,0,FALSE,TRUE,0,49301,0
Trinidad and Tobago,TTO,1996,0,FALSE,TRUE,0,4517,0
Trinidad and Tobago,TTO,1997,0,FALSE,TRUE,0,5755,0
Trinidad and Tobago,TTO,1998,0,FALSE,TRUE,0,7044,0
Trinidad and Tobago,TTO,1999,0,FALSE,TRUE,0,7925,0
Trinidad and Tobago,TTO,2000,0,FALSE,TRUE,0,3297,0
Trinidad and Tobago,TTO,2001,0,FALSE,TRUE,0,878,0
Trinidad and Tobago,TTO,2002,0,FALSE,TRUE,0,3565,0
Trinidad and Tobago,TTO,2003,0,FALSE,TRUE,0,1138,0
Trinidad and Tobago,TTO,2004,0,FALSE,TRUE,0,1475,0
Trinidad and Tobago,TTO,2005,0,FALSE,TRUE,0,2696,0
Trinidad and Tobago,TTO,2006,0,FALSE,TRUE,0,2245,0
Trinidad and Tobago,TTO,2007,0,FALSE,TRUE,0,1541,0
Trinidad and Tobago,TTO,2008,0,FALSE,TRUE,0,1926,0
Trinidad and Tobago,TTO,2010,0,FALSE,TRUE,0,1988,0
Tunisia,TUN,1980,105,TRUE,FALSE,2.0253058652647704,368410,2.850085502565077e-4
Tunisia,TUN,1981,280,TRUE,FALSE,2.44870631990508,460159,6.08485327897531e-4
Tunisia,TUN,1982,42,TRUE,FALSE,1.6334684555795864,361396,1.1621600681800573e-4
Tunisia,TUN,1983,28,TRUE,FALSE,1.462397997898956,279811,1.0006754559327546e-4
Tunisia,TUN,1984,154,TRUE,FALSE,2.1903316981702914,245588,6.270664690457188e-4
Tunisia,TUN,1985,133,TRUE,FALSE,2.1271047983648077,269381,4.937245017280357e-4
Tunisia,TUN,1986,77,TRUE,FALSE,1.8920946026904804,229922,3.348961821835231e-4
Tunisia,TUN,1987,161,TRUE,FALSE,2.2095150145426308,277781,5.795932767179901e-4
Tunisia,TUN,1988,14,TRUE,FALSE,1.1760912590556811,241624,5.794126411283647e-5
Tunisia,TUN,1989,0,FALSE,TRUE,0,155499,0
Tunisia,TUN,1990,0,FALSE,TRUE,0,131538,0
Tunisia,TUN,1991,21,TRUE,FALSE,1.3424226808222062,81574,2.574349670238066e-4
Tunisia,TUN,1992,28,TRUE,FALSE,1.462397997898956,100113,2.7968395712844483e-4
Tunisia,TUN,1993,0,FALSE,TRUE,0,73500,0
Tunisia,TUN,1994,0,FALSE,TRUE,0,60662,0
Tunisia,TUN,1995,0,FALSE,TRUE,0,49301,0
Tunisia,TUN,1996,0,FALSE,TRUE,0,4517,0
Tunisia,TUN,1997,0,FALSE,TRUE,0,5755,0
Tunisia,TUN,1998,0,FALSE,TRUE,0,7044,0
Tunisia,TUN,1999,0,FALSE,TRUE,0,7925,0
Tunisia,TUN,2000,0,FALSE,TRUE,0,3297,0
Tunisia,TUN,2001,0,FALSE,TRUE,0,878,0
Tunisia,TUN,2002,0,FALSE,TRUE,0,3565,0
Tunisia,TUN,2003,0,FALSE,TRUE,0,1138,0
Tunisia,TUN,2004,0,FALSE,TRUE,0,1475,0
Tunisia,TUN,2005,0,FALSE,TRUE,0,2696,0
Tunisia,TUN,2006,0,FALSE,TRUE,0,2245,0
Tunisia,TUN,2007,0,FALSE,TRUE,0,1541,0
Tunisia,TUN,2008,0,FALSE,TRUE,0,1926,0
Tunisia,TUN,2009,0,FALSE,TRUE,0,2020,0
Tunisia,TUN,2010,0,FALSE,TRUE,0,1988,0
Tunisia,TUN,2011,0,FALSE,TRUE,0,826,0
Tunisia,TUN,2012,0,FALSE,TRUE,0,325,0
Tunisia,TUN,2013,0,FALSE,TRUE,0,565,0
Tunisia,TUN,2014,0,FALSE,TRUE,0,469,0
Tunisia,TUN,2015,0,FALSE,TRUE,0,139,0
Tunisia,TUN,2016,0,FALSE,TRUE,0,49,0
Tunisia,TUN,2017,0,FALSE,TRUE,0,131,0
Tunisia,TUN,2018,0,FALSE,TRUE,0,203,0
Tunisia,TUN,2019,0,FALSE,TRUE,0,656,0
Tunisia,TUN,2020,0,FALSE,TRUE,0,1871,0
Turkey,TUR,1980,1274,TRUE,FALSE,3.1055101847699738,368410,0.003458103743112293
Turkey,TUR,1981,1036,TRUE,FALSE,3.015778756389041,460159,0.002251395713220865
Turkey,TUR,1982,1533,TRUE,FALSE,3.185825359612962,361396,0.00424188424885721
Turkey,TUR,1983,1155,TRUE,FALSE,3.0629578340845103,279811,0.004127786255722613
Turkey,TUR,1984,581,TRUE,FALSE,2.7649229846498886,245588,0.0023657507695815758
Turkey,TUR,1985,616,TRUE,FALSE,2.7902851640332416,269381,0.002286724008003534
Turkey,TUR,1986,224,TRUE,FALSE,2.3521825181113627,229922,9.742434390793399e-4
Turkey,TUR,1987,49,TRUE,FALSE,1.6989700043360187,277781,1.763979537837361e-4
Turkey,TUR,1988,126,TRUE,FALSE,2.103803720955957,241624,5.214713770155283e-4
Turkey,TUR,1989,98,TRUE,FALSE,1.99563519459755,155499,6.302291333063235e-4
Turkey,TUR,1990,168,TRUE,FALSE,2.2278867046136734,131538,0.0012771974638507504
Turkey,TUR,1991,0,FALSE,TRUE,0,81574,0
Turkey,TUR,1992,0,FALSE,TRUE,0,100113,0
Turkey,TUR,1993,168,TRUE,FALSE,2.2278867046136734,73500,0.002285714285714286
Turkey,TUR,1994,224,TRUE,FALSE,2.3521825181113627,60662,0.0036925917378259868
Turkey,TUR,1995,224,TRUE,FALSE,2.3521825181113627,49301,0.004543518387050973
Turkey,TUR,1996,21,TRUE,FALSE,1.3424226808222062,4517,0.0046491033872038965
Turkey,TUR,1997,7,TRUE,FALSE,0.9030899869919436,5755,0.0012163336229365769
Turkey,TUR,1998,29,TRUE,FALSE,1.4771212547196624,7044,0.0041169789892106755
Turkey,TUR,1999,0,FALSE,TRUE,0,7925,0
Turkey,TUR,2000,0,FALSE,TRUE,0,3297,0
Turkey,TUR,2001,0,FALSE,TRUE,0,878,0
Turkey,TUR,2002,0,FALSE,TRUE,0,3565,0
Turkey,TUR,2003,0,FALSE,TRUE,0,1138,0
Turkey,TUR,2004,0,FALSE,TRUE,0,1475,0
Turkey,TUR,2005,0,FALSE,TRUE,0,2696,0
Turkey,TUR,2006,0,FALSE,TRUE,0,2245,0
Turkey,TUR,2007,0,FALSE,TRUE,0,1541,0
Turkey,TUR,2008,0,FALSE,TRUE,0,1926,0
Turkey,TUR,2009,0,FALSE,TRUE,0,2020,0
Turkey,TUR,2010,0,FALSE,TRUE,0,1988,0
Turkey,TUR,2011,0,FALSE,TRUE,0,826,0
Turkey,TUR,2012,0,FALSE,TRUE,0,325,0
Turkey,TUR,2013,0,FALSE,TRUE,0,565,0
Turkey,TUR,2014,0,FALSE,TRUE,0,469,0
Turkey,TUR,2015,0,FALSE,TRUE,0,139,0
Turkey,TUR,2016,0,FALSE,TRUE,0,49,0
Turkey,TUR,2017,0,FALSE,TRUE,0,131,0
Turkey,TUR,2018,0,FALSE,TRUE,0,203,0
Turkey,TUR,2019,0,FALSE,TRUE,0,656,0
Turkey,TUR,2020,0,FALSE,TRUE,0,1871,0
Turkmenistan,TKM,1991,112,TRUE,FALSE,2.0530784434834195,81574,0.0013729864907936352
Turkmenistan,TKM,1992,28,TRUE,FALSE,1.462397997898956,100113,2.7968395712844483e-4
Turkmenistan,TKM,1993,14,TRUE,FALSE,1.1760912590556811,73500,1.9047619047619048e-4
Turkmenistan,TKM,1994,42,TRUE,FALSE,1.6334684555795864,60662,6.923609508423724e-4
Turkmenistan,TKM,1995,56,TRUE,FALSE,1.7558748556724917,49301,0.0011358795967627432
Turkmenistan,TKM,1996,2,TRUE,FALSE,0.4771212547196624,4517,4.4277175116227583e-4
Turkmenistan,TKM,1997,0,FALSE,TRUE,0,5755,0
Turkmenistan,TKM,1998,0,FALSE,TRUE,0,7044,0
Turkmenistan,TKM,1999,0,FALSE,TRUE,0,7925,0
Turkmenistan,TKM,2000,0,FALSE,TRUE,0,3297,0
Turkmenistan,TKM,2001,0,FALSE,TRUE,0,878,0
Turkmenistan,TKM,2002,0,FALSE,TRUE,0,3565,0
Turkmenistan,TKM,2003,0,FALSE,TRUE,0,1138,0
Turkmenistan,TKM,2004,0,FALSE,TRUE,0,1475,0
Turkmenistan,TKM,2005,0,FALSE,TRUE,0,2696,0
Turkmenistan,TKM,2006,0,FALSE,TRUE,0,2245,0
Turkmenistan,TKM,2007,0,FALSE,TRUE,0,1541,0
Turkmenistan,TKM,2008,0,FALSE,TRUE,0,1926,0
Turkmenistan,TKM,2009,0,FALSE,TRUE,0,2020,0
Turkmenistan,TKM,2010,3,TRUE,FALSE,0.6020599913279624,1988,0.0015090543259557343
Turkmenistan,TKM,2011,0,FALSE,TRUE,0,826,0
Turkmenistan,TKM,2012,0,FALSE,TRUE,0,325,0
Turkmenistan,TKM,2013,0,FALSE,TRUE,0,565,0
Turkmenistan,TKM,2014,0,FALSE,TRUE,0,469,0
Turkmenistan,TKM,2015,0,FALSE,TRUE,0,139,0
Turkmenistan,TKM,2016,0,FALSE,TRUE,0,49,0
Turkmenistan,TKM,2017,0,FALSE,TRUE,0,131,0
Turkmenistan,TKM,2018,0,FALSE,TRUE,0,203,0
Turkmenistan,TKM,2019,0,FALSE,TRUE,0,656,0
Turkmenistan,TKM,2020,0,FALSE,TRUE,0,1871,0
Tuvalu,TUV,1980,0,FALSE,TRUE,0,368410,0
Tuvalu,TUV,1981,0,FALSE,TRUE,0,460159,0
Tuvalu,TUV,1982,0,FALSE,TRUE,0,361396,0
Tuvalu,TUV,1983,0,FALSE,TRUE,0,279811,0
Tuvalu,TUV,1984,0,FALSE,TRUE,0,245588,0
Tuvalu,TUV,1985,0,FALSE,TRUE,0,269381,0
Tuvalu,TUV,1986,0,FALSE,TRUE,0,229922,0
Tuvalu,TUV,1987,0,FALSE,TRUE,0,277781,0
Tuvalu,TUV,1988,0,FALSE,TRUE,0,241624,0
Tuvalu,TUV,1989,0,FALSE,TRUE,0,155499,0
Tuvalu,TUV,1990,0,FALSE,TRUE,0,131538,0
Tuvalu,TUV,1991,0,FALSE,TRUE,0,81574,0
Tuvalu,TUV,1992,0,FALSE,TRUE,0,100113,0
Tuvalu,TUV,1993,0,FALSE,TRUE,0,73500,0
Tuvalu,TUV,1994,0,FALSE,TRUE,0,60662,0
Tuvalu,TUV,1995,0,FALSE,TRUE,0,49301,0
Tuvalu,TUV,1996,0,FALSE,TRUE,0,4517,0
Tuvalu,TUV,1997,0,FALSE,TRUE,0,5755,0
Tuvalu,TUV,1999,0,FALSE,TRUE,0,7925,0
Tuvalu,TUV,2000,0,FALSE,TRUE,0,3297,0
Tuvalu,TUV,2001,0,FALSE,TRUE,0,878,0
Tuvalu,TUV,2002,0,FALSE,TRUE,0,3565,0
Tuvalu,TUV,2003,0,FALSE,TRUE,0,1138,0
Tuvalu,TUV,2004,0,FALSE,TRUE,0,1475,0
Tuvalu,TUV,2005,0,FALSE,TRUE,0,2696,0
Tuvalu,TUV,2006,0,FALSE,TRUE,0,2245,0
Tuvalu,TUV,2007,0,FALSE,TRUE,0,1541,0
Tuvalu,TUV,2008,0,FALSE,TRUE,0,1926,0
Tuvalu,TUV,2010,0,FALSE,TRUE,0,1988,0
Uganda,UGA,1980,259,TRUE,FALSE,2.4149733479708178,368410,7.03021090632719e-4
Uganda,UGA,1981,868,TRUE,FALSE,2.9390197764486663,460159,0.0018863045164823464
Uganda,UGA,1982,119,TRUE,FALSE,2.0791812460476247,361396,3.292786859843496e-4
Uganda,UGA,1983,882,TRUE,FALSE,2.945960703577569,279811,0.003152127686188177
Uganda,UGA,1984,112,TRUE,FALSE,2.0530784434834195,245588,4.5604834112415916e-4
Uganda,UGA,1988,105,TRUE,FALSE,2.0253058652647704,241624,4.3455948084627355e-4
Uganda,UGA,1989,56,TRUE,FALSE,1.7558748556724917,155499,3.6013093331789916e-4
Uganda,UGA,1990,196,TRUE,FALSE,2.294466226161593,131538,0.0014900637078258754
Uganda,UGA,1991,154,TRUE,FALSE,2.1903316981702914,81574,0.0018878564248412484
Uganda,UGA,1992,105,TRUE,FALSE,2.0253058652647704,100113,0.0010488148392316682
Uganda,UGA,1994,2485,TRUE,FALSE,3.395501124305626,60662,0.040964689591507036
Uganda,UGA,1995,700,TRUE,FALSE,2.8457180179666586,49301,0.01419849495953429
Uganda,UGA,1996,134,TRUE,FALSE,2.130333768495006,4517,0.029665707327872482
Uganda,UGA,1997,39,TRUE,FALSE,1.6020599913279625,5755,0.0067767158992180715
Uganda,UGA,1998,51,TRUE,FALSE,1.7160033436347992,7044,0.007240204429301534
Uganda,UGA,1999,0,FALSE,TRUE,0,7925,0
Uganda,UGA,2000,0,FALSE,TRUE,0,3297,0
Uganda,UGA,2001,0,FALSE,TRUE,0,878,0
Uganda,UGA,2002,0,FALSE,TRUE,0,3565,0
Uganda,UGA,2003,0,FALSE,TRUE,0,1138,0
Uganda,UGA,2004,0,FALSE,TRUE,0,1475,0
Uganda,UGA,2005,0,FALSE,TRUE,0,2696,0
Uganda,UGA,2006,0,FALSE,TRUE,0,2245,0
Uganda,UGA,2007,0,FALSE,TRUE,0,1541,0
Uganda,UGA,2008,0,FALSE,TRUE,0,1926,0
Uganda,UGA,2009,9,TRUE,FALSE,1,2020,0.004455445544554455
Uganda,UGA,2010,4,TRUE,FALSE,0.6989700043360189,1988,0.002012072434607646
Uganda,UGA,2011,0,FALSE,TRUE,0,826,0
Uganda,UGA,2012,0,FALSE,TRUE,0,325,0
Uganda,UGA,2013,0,FALSE,TRUE,0,565,0
Uganda,UGA,2014,0,FALSE,TRUE,0,469,0
Uganda,UGA,2015,0,FALSE,TRUE,0,139,0
Uganda,UGA,2016,0,FALSE,TRUE,0,49,0
Uganda,UGA,2017,0,FALSE,TRUE,0,131,0
Uganda,UGA,2018,0,FALSE,TRUE,0,203,0
Uganda,UGA,2019,0,FALSE,TRUE,0,656,0
Uganda,UGA,2020,0,FALSE,TRUE,0,1871,0
Ukraine,UKR,1991,21,TRUE,FALSE,1.3424226808222062,81574,2.574349670238066e-4
Ukraine,UKR,1992,84,TRUE,FALSE,1.9294189257142929,100113,8.390518713853346e-4
Ukraine,UKR,1993,35,TRUE,FALSE,1.5563025007672873,73500,4.761904761904762e-4
Ukraine,UKR,1994,98,TRUE,FALSE,1.99563519459755,60662,0.0016155088852988692
Ukraine,UKR,1995,7,TRUE,FALSE,0.9030899869919436,49301,1.419849495953429e-4
Ukraine,UKR,1996,1,TRUE,FALSE,0.3010299956639812,4517,2.2138587558113792e-4
Ukraine,UKR,1997,0,FALSE,TRUE,0,5755,0
Ukraine,UKR,1998,0,FALSE,TRUE,0,7044,0
Ukraine,UKR,1999,0,FALSE,TRUE,0,7925,0
Ukraine,UKR,2000,0,FALSE,TRUE,0,3297,0
Ukraine,UKR,2001,0,FALSE,TRUE,0,878,0
Ukraine,UKR,2002,0,FALSE,TRUE,0,3565,0
Ukraine,UKR,2003,0,FALSE,TRUE,0,1138,0
Ukraine,UKR,2004,0,FALSE,TRUE,0,1475,0
Ukraine,UKR,2005,0,FALSE,TRUE,0,2696,0
Ukraine,UKR,2006,0,FALSE,TRUE,0,2245,0
Ukraine,UKR,2007,0,FALSE,TRUE,0,1541,0
Ukraine,UKR,2008,0,FALSE,TRUE,0,1926,0
Ukraine,UKR,2009,0,FALSE,TRUE,0,2020,0
Ukraine,UKR,2010,0,FALSE,TRUE,0,1988,0
Ukraine,UKR,2011,0,FALSE,TRUE,0,826,0
Ukraine,UKR,2012,0,FALSE,TRUE,0,325,0
Ukraine,UKR,2013,0,FALSE,TRUE,0,565,0
Ukraine,UKR,2014,0,FALSE,TRUE,0,469,0
Ukraine,UKR,2015,2,TRUE,FALSE,0.4771212547196624,139,0.014388489208633094
Ukraine,UKR,2016,0,FALSE,TRUE,0,49,0
Ukraine,UKR,2017,0,FALSE,TRUE,0,131,0
Ukraine,UKR,2018,0,FALSE,TRUE,0,203,0
Ukraine,UKR,2019,0,FALSE,TRUE,0,656,0
Ukraine,UKR,2020,0,FALSE,TRUE,0,1871,0
United Arab Emirates,ARE,1980,336,TRUE,FALSE,2.5276299008713385,368410,9.120273608208246e-4
United Arab Emirates,ARE,1981,259,TRUE,FALSE,2.4149733479708178,460159,5.628489283052162e-4
United Arab Emirates,ARE,1982,406,TRUE,FALSE,2.60959440922522,361396,0.0011234213992407222
United Arab Emirates,ARE,1983,91,TRUE,FALSE,1.9637878273455551,279811,3.2521952317814525e-4
United Arab Emirates,ARE,1984,147,TRUE,FALSE,2.1702617153949575,245588,5.985634477254589e-4
United Arab Emirates,ARE,1985,49,TRUE,FALSE,1.6989700043360187,269381,1.8189850063664474e-4
United Arab Emirates,ARE,1986,42,TRUE,FALSE,1.6334684555795864,229922,1.8267064482737624e-4
United Arab Emirates,ARE,1988,63,TRUE,FALSE,1.806179973983887,241624,2.6073568850776415e-4
United Arab Emirates,ARE,1989,0,FALSE,TRUE,0,155499,0
United Arab Emirates,ARE,1990,0,FALSE,TRUE,0,131538,0
United Arab Emirates,ARE,1991,0,FALSE,TRUE,0,81574,0
United Arab Emirates,ARE,1992,14,TRUE,FALSE,1.1760912590556811,100113,1.3984197856422242e-4
United Arab Emirates,ARE,1993,0,FALSE,TRUE,0,73500,0
United Arab Emirates,ARE,1994,0,FALSE,TRUE,0,60662,0
United Arab Emirates,ARE,1995,0,FALSE,TRUE,0,49301,0
United Arab Emirates,ARE,1996,0,FALSE,TRUE,0,4517,0
United Arab Emirates,ARE,1997,0,FALSE,TRUE,0,5755,0
United Arab Emirates,ARE,1998,0,FALSE,TRUE,0,7044,0
United Arab Emirates,ARE,1999,0,FALSE,TRUE,0,7925,0
United Arab Emirates,ARE,2000,0,FALSE,TRUE,0,3297,0
United Arab Emirates,ARE,2001,0,FALSE,TRUE,0,878,0
United Arab Emirates,ARE,2002,0,FALSE,TRUE,0,3565,0
United Arab Emirates,ARE,2003,0,FALSE,TRUE,0,1138,0
United Arab Emirates,ARE,2004,0,FALSE,TRUE,0,1475,0
United Arab Emirates,ARE,2005,0,FALSE,TRUE,0,2696,0
United Arab Emirates,ARE,2006,0,FALSE,TRUE,0,2245,0
United Arab Emirates,ARE,2007,0,FALSE,TRUE,0,1541,0
United Arab Emirates,ARE,2008,0,FALSE,TRUE,0,1926,0
United Arab Emirates,ARE,2009,0,FALSE,TRUE,0,2020,0
United Arab Emirates,ARE,2010,0,FALSE,TRUE,0,1988,0
United Arab Emirates,ARE,2011,0,FALSE,TRUE,0,826,0
United Arab Emirates,ARE,2012,0,FALSE,TRUE,0,325,0
United Arab Emirates,ARE,2013,0,FALSE,TRUE,0,565,0
United Arab Emirates,ARE,2014,0,FALSE,TRUE,0,469,0
United Arab Emirates,ARE,2015,0,FALSE,TRUE,0,139,0
United Arab Emirates,ARE,2016,0,FALSE,TRUE,0,49,0
United Arab Emirates,ARE,2017,0,FALSE,TRUE,0,131,0
United Arab Emirates,ARE,2018,0,FALSE,TRUE,0,203,0
United Arab Emirates,ARE,2019,0,FALSE,TRUE,0,656,0
United Arab Emirates,ARE,2020,0,FALSE,TRUE,0,1871,0
United Kingdom,GBR,1980,21,TRUE,FALSE,1.3424226808222062,368410,5.700171005130154e-5
United Kingdom,GBR,1981,14,TRUE,FALSE,1.1760912590556811,460159,3.0424266394876555e-5
United Kingdom,GBR,1982,21,TRUE,FALSE,1.3424226808222062,361396,5.8108003409002864e-5
United Kingdom,GBR,1983,35,TRUE,FALSE,1.5563025007672873,279811,1.2508443199159432e-4
United Kingdom,GBR,1984,42,TRUE,FALSE,1.6334684555795864,245588,1.7101812792155968e-4
United Kingdom,GBR,1985,14,TRUE,FALSE,1.1760912590556811,269381,5.1971000181898504e-5
United Kingdom,GBR,1986,0,FALSE,TRUE,0,229922,0
United Kingdom,GBR,1987,0,FALSE,TRUE,0,277781,0
United Kingdom,GBR,1988,7,TRUE,FALSE,0.9030899869919436,241624,2.8970632056418236e-5
United Kingdom,GBR,1989,0,FALSE,TRUE,0,155499,0
United Kingdom,GBR,1990,0,FALSE,TRUE,0,131538,0
United Kingdom,GBR,1991,35,TRUE,FALSE,1.5563025007672873,81574,4.29058278373011e-4
United Kingdom,GBR,1992,21,TRUE,FALSE,1.3424226808222062,100113,2.0976296784633365e-4
United Kingdom,GBR,1993,7,TRUE,FALSE,0.9030899869919436,73500,9.523809523809524e-5
United Kingdom,GBR,1994,0,FALSE,TRUE,0,60662,0
United Kingdom,GBR,1995,0,FALSE,TRUE,0,49301,0
United Kingdom,GBR,1996,0,FALSE,TRUE,0,4517,0
United Kingdom,GBR,1997,0,FALSE,TRUE,0,5755,0
United Kingdom,GBR,1998,0,FALSE,TRUE,0,7044,0
United Kingdom,GBR,1999,0,FALSE,TRUE,0,7925,0
United Kingdom,GBR,2000,0,FALSE,TRUE,0,3297,0
United Kingdom,GBR,2001,0,FALSE,TRUE,0,878,0
United Kingdom,GBR,2002,0,FALSE,TRUE,0,3565,0
United Kingdom,GBR,2003,0,FALSE,TRUE,0,1138,0
United Kingdom,GBR,2004,0,FALSE,TRUE,0,1475,0
United Kingdom,GBR,2005,0,FALSE,TRUE,0,2696,0
United Kingdom,GBR,2006,0,FALSE,TRUE,0,2245,0
United Kingdom,GBR,2007,0,FALSE,TRUE,0,1541,0
United Kingdom,GBR,2008,0,FALSE,TRUE,0,1926,0
United Kingdom,GBR,2009,0,FALSE,TRUE,0,2020,0
United Kingdom,GBR,2010,0,FALSE,TRUE,0,1988,0
United Kingdom,GBR,2011,0,FALSE,TRUE,0,826,0
United Kingdom,GBR,2012,0,FALSE,TRUE,0,325,0
United Kingdom,GBR,2013,0,FALSE,TRUE,0,565,0
United Kingdom,GBR,2014,0,FALSE,TRUE,0,469,0
United Kingdom,GBR,2015,0,FALSE,TRUE,0,139,0
United Kingdom,GBR,2016,0,FALSE,TRUE,0,49,0
United Kingdom,GBR,2017,0,FALSE,TRUE,0,131,0
United Kingdom,GBR,2018,0,FALSE,TRUE,0,203,0
United Kingdom,GBR,2019,0,FALSE,TRUE,0,656,0
United Kingdom,GBR,2020,0,FALSE,TRUE,0,1871,0
United States,USA,1980,56,TRUE,FALSE,1.7558748556724917,368410,1.5200456013680412e-4
United States,USA,1981,42,TRUE,FALSE,1.6334684555795864,460159,9.127279918462966e-5
United States,USA,1982,56,TRUE,FALSE,1.7558748556724917,361396,1.54954675757341e-4
United States,USA,1983,105,TRUE,FALSE,2.0253058652647704,279811,3.7525329597478297e-4
United States,USA,1984,56,TRUE,FALSE,1.7558748556724917,245588,2.2802417056207958e-4
United States,USA,1985,49,TRUE,FALSE,1.6989700043360187,269381,1.8189850063664474e-4
United States,USA,1986,63,TRUE,FALSE,1.806179973983887,229922,2.740059672410644e-4
United States,USA,1987,0,FALSE,TRUE,0,277781,0
United States,USA,1988,0,FALSE,TRUE,0,241624,0
United States,USA,1989,0,FALSE,TRUE,0,155499,0
United States,USA,1990,0,FALSE,TRUE,0,131538,0
United States,USA,1991,0,FALSE,TRUE,0,81574,0
United States,USA,1992,0,FALSE,TRUE,0,100113,0
United States,USA,1993,0,FALSE,TRUE,0,73500,0
United States,USA,1994,0,FALSE,TRUE,0,60662,0
United States,USA,1995,0,FALSE,TRUE,0,49301,0
United States,USA,1996,0,FALSE,TRUE,0,4517,0
United States,USA,1997,0,FALSE,TRUE,0,5755,0
United States,USA,1998,0,FALSE,TRUE,0,7044,0
United States,USA,1999,0,FALSE,TRUE,0,7925,0
United States,USA,2000,0,FALSE,TRUE,0,3297,0
United States,USA,2001,0,FALSE,TRUE,0,878,0
United States,USA,2002,0,FALSE,TRUE,0,3565,0
United States,USA,2003,0,FALSE,TRUE,0,1138,0
United States,USA,2004,0,FALSE,TRUE,0,1475,0
United States,USA,2005,0,FALSE,TRUE,0,2696,0
United States,USA,2006,0,FALSE,TRUE,0,2245,0
United States,USA,2007,0,FALSE,TRUE,0,1541,0
United States,USA,2008,0,FALSE,TRUE,0,1926,0
United States,USA,2009,0,FALSE,TRUE,0,2020,0
United States,USA,2010,0,FALSE,TRUE,0,1988,0
United States,USA,2011,0,FALSE,TRUE,0,826,0
United States,USA,2012,0,FALSE,TRUE,0,325,0
United States,USA,2013,0,FALSE,TRUE,0,565,0
United States,USA,2014,0,FALSE,TRUE,0,469,0
United States,USA,2015,0,FALSE,TRUE,0,139,0
United States,USA,2016,0,FALSE,TRUE,0,49,0
United States,USA,2017,0,FALSE,TRUE,0,131,0
United States,USA,2018,0,FALSE,TRUE,0,203,0
United States,USA,2019,0,FALSE,TRUE,0,656,0
United States,USA,2020,0,FALSE,TRUE,0,1871,0
Uruguay,URY,1980,0,FALSE,TRUE,0,368410,0
Uruguay,URY,1981,0,FALSE,TRUE,0,460159,0
Uruguay,URY,1982,0,FALSE,TRUE,0,361396,0
Uruguay,URY,1983,0,FALSE,TRUE,0,279811,0
Uruguay,URY,1984,0,FALSE,TRUE,0,245588,0
Uruguay,URY,1985,0,FALSE,TRUE,0,269381,0
Uruguay,URY,1986,0,FALSE,TRUE,0,229922,0
Uruguay,URY,1987,0,FALSE,TRUE,0,277781,0
Uruguay,URY,1988,0,FALSE,TRUE,0,241624,0
Uruguay,URY,1989,0,FALSE,TRUE,0,155499,0
Uruguay,URY,1990,0,FALSE,TRUE,0,131538,0
Uruguay,URY,1991,0,FALSE,TRUE,0,81574,0
Uruguay,URY,1992,0,FALSE,TRUE,0,100113,0
Uruguay,URY,1993,0,FALSE,TRUE,0,73500,0
Uruguay,URY,1994,0,FALSE,TRUE,0,60662,0
Uruguay,URY,1995,0,FALSE,TRUE,0,49301,0
Uruguay,URY,1996,0,FALSE,TRUE,0,4517,0
Uruguay,URY,1997,0,FALSE,TRUE,0,5755,0
Uruguay,URY,1998,0,FALSE,TRUE,0,7044,0
Uruguay,URY,1999,0,FALSE,TRUE,0,7925,0
Uruguay,URY,2000,0,FALSE,TRUE,0,3297,0
Uruguay,URY,2001,0,FALSE,TRUE,0,878,0
Uruguay,URY,2002,0,FALSE,TRUE,0,3565,0
Uruguay,URY,2003,0,FALSE,TRUE,0,1138,0
Uruguay,URY,2004,0,FALSE,TRUE,0,1475,0
Uruguay,URY,2005,0,FALSE,TRUE,0,2696,0
Uruguay,URY,2006,0,FALSE,TRUE,0,2245,0
Uruguay,URY,2007,0,FALSE,TRUE,0,1541,0
Uruguay,URY,2008,0,FALSE,TRUE,0,1926,0
Uruguay,URY,2009,0,FALSE,TRUE,0,2020,0
Uruguay,URY,2010,0,FALSE,TRUE,0,1988,0
Uruguay,URY,2011,0,FALSE,TRUE,0,826,0
Uruguay,URY,2012,0,FALSE,TRUE,0,325,0
Uruguay,URY,2013,0,FALSE,TRUE,0,565,0
Uruguay,URY,2014,0,FALSE,TRUE,0,469,0
Uruguay,URY,2015,0,FALSE,TRUE,0,139,0
Uruguay,URY,2016,0,FALSE,TRUE,0,49,0
Uruguay,URY,2017,0,FALSE,TRUE,0,131,0
Uruguay,URY,2018,0,FALSE,TRUE,0,203,0
Uruguay,URY,2019,0,FALSE,TRUE,0,656,0
Uruguay,URY,2020,0,FALSE,TRUE,0,1871,0
Uzbekistan,UZB,1991,140,TRUE,FALSE,2.1492191126553797,81574,0.001716233113492044
Uzbekistan,UZB,1992,77,TRUE,FALSE,1.8920946026904804,100113,7.691308821032234e-4
Uzbekistan,UZB,1993,476,TRUE,FALSE,2.678518379040114,73500,0.0064761904761904765
Uzbekistan,UZB,1994,819,TRUE,FALSE,2.9138138523837167,60662,0.013501038541426263
Uzbekistan,UZB,1995,7,TRUE,FALSE,0.9030899869919436,49301,1.419849495953429e-4
Uzbekistan,UZB,1996,0,FALSE,TRUE,0,4517,0
Uzbekistan,UZB,1997,0,FALSE,TRUE,0,5755,0
Uzbekistan,UZB,1998,0,FALSE,TRUE,0,7044,0
Uzbekistan,UZB,1999,0,FALSE,TRUE,0,7925,0
Uzbekistan,UZB,2000,0,FALSE,TRUE,0,3297,0
Uzbekistan,UZB,2001,0,FALSE,TRUE,0,878,0
Uzbekistan,UZB,2002,0,FALSE,TRUE,0,3565,0
Uzbekistan,UZB,2003,0,FALSE,TRUE,0,1138,0
Uzbekistan,UZB,2004,0,FALSE,TRUE,0,1475,0
Uzbekistan,UZB,2005,0,FALSE,TRUE,0,2696,0
Uzbekistan,UZB,2006,0,FALSE,TRUE,0,2245,0
Uzbekistan,UZB,2007,0,FALSE,TRUE,0,1541,0
Uzbekistan,UZB,2008,0,FALSE,TRUE,0,1926,0
Uzbekistan,UZB,2009,0,FALSE,TRUE,0,2020,0
Uzbekistan,UZB,2010,0,FALSE,TRUE,0,1988,0
Uzbekistan,UZB,2011,0,FALSE,TRUE,0,826,0
Uzbekistan,UZB,2012,0,FALSE,TRUE,0,325,0
Uzbekistan,UZB,2013,0,FALSE,TRUE,0,565,0
Uzbekistan,UZB,2014,0,FALSE,TRUE,0,469,0
Uzbekistan,UZB,2015,0,FALSE,TRUE,0,139,0
Uzbekistan,UZB,2016,0,FALSE,TRUE,0,49,0
Uzbekistan,UZB,2017,0,FALSE,TRUE,0,131,0
Uzbekistan,UZB,2018,0,FALSE,TRUE,0,203,0
Uzbekistan,UZB,2019,0,FALSE,TRUE,0,656,0
Uzbekistan,UZB,2020,0,FALSE,TRUE,0,1871,0
Vanuatu,VUT,1980,14,TRUE,FALSE,1.1760912590556811,368410,3.800114003420103e-5
Vanuatu,VUT,1981,7,TRUE,FALSE,0.9030899869919436,460159,1.5212133197438277e-5
Vanuatu,VUT,1982,14,TRUE,FALSE,1.1760912590556811,361396,3.873866893933525e-5
Vanuatu,VUT,1983,0,FALSE,TRUE,0,279811,0
Vanuatu,VUT,1984,0,FALSE,TRUE,0,245588,0
Vanuatu,VUT,1985,0,FALSE,TRUE,0,269381,0
Vanuatu,VUT,1986,0,FALSE,TRUE,0,229922,0
Vanuatu,VUT,1987,0,FALSE,TRUE,0,277781,0
Vanuatu,VUT,1988,0,FALSE,TRUE,0,241624,0
Vanuatu,VUT,1989,0,FALSE,TRUE,0,155499,0
Vanuatu,VUT,1990,0,FALSE,TRUE,0,131538,0
Vanuatu,VUT,1991,0,FALSE,TRUE,0,81574,0
Vanuatu,VUT,1992,0,FALSE,TRUE,0,100113,0
Vanuatu,VUT,1993,0,FALSE,TRUE,0,73500,0
Vanuatu,VUT,1994,0,FALSE,TRUE,0,60662,0
Vanuatu,VUT,1995,0,FALSE,TRUE,0,49301,0
Vanuatu,VUT,1996,0,FALSE,TRUE,0,4517,0
Vanuatu,VUT,1997,0,FALSE,TRUE,0,5755,0
Vanuatu,VUT,1998,0,FALSE,TRUE,0,7044,0
Vanuatu,VUT,1999,0,FALSE,TRUE,0,7925,0
Vanuatu,VUT,2000,0,FALSE,TRUE,0,3297,0
Vanuatu,VUT,2001,0,FALSE,TRUE,0,878,0
Vanuatu,VUT,2002,0,FALSE,TRUE,0,3565,0
Vanuatu,VUT,2003,0,FALSE,TRUE,0,1138,0
Vanuatu,VUT,2004,0,FALSE,TRUE,0,1475,0
Vanuatu,VUT,2005,0,FALSE,TRUE,0,2696,0
Vanuatu,VUT,2006,0,FALSE,TRUE,0,2245,0
Vanuatu,VUT,2007,0,FALSE,TRUE,0,1541,0
Vanuatu,VUT,2008,0,FALSE,TRUE,0,1926,0
Vanuatu,VUT,2010,0,FALSE,TRUE,0,1988,0
Venezuela,VEN,1980,77,TRUE,FALSE,1.8920946026904804,368410,2.0900627018810564e-4
Venezuela,VEN,1981,476,TRUE,FALSE,2.678518379040114,460159,0.0010344250574258029
Venezuela,VEN,1982,210,TRUE,FALSE,2.3242824552976926,361396,5.810800340900286e-4
Venezuela,VEN,1983,63,TRUE,FALSE,1.806179973983887,279811,2.2515197758486978e-4
Venezuela,VEN,1984,63,TRUE,FALSE,1.806179973983887,245588,2.5652719188233955e-4
Venezuela,VEN,1985,56,TRUE,FALSE,1.7558748556724917,269381,2.0788400072759401e-4
Venezuela,VEN,1986,189,TRUE,FALSE,2.278753600952829,229922,8.22017901723193e-4
Venezuela,VEN,1987,322,TRUE,FALSE,2.509202522331103,277781,0.0011591865534359802
Venezuela,VEN,1988,119,TRUE,FALSE,2.0791812460476247,241624,4.9250074495911e-4
Venezuela,VEN,1989,112,TRUE,FALSE,2.0530784434834195,155499,7.202618666357983e-4
Venezuela,VEN,1990,0,FALSE,TRUE,0,131538,0
Venezuela,VEN,1991,0,FALSE,TRUE,0,81574,0
Venezuela,VEN,1992,0,FALSE,TRUE,0,100113,0
Venezuela,VEN,1993,0,FALSE,TRUE,0,73500,0
Venezuela,VEN,1994,0,FALSE,TRUE,0,60662,0
Venezuela,VEN,1995,0,FALSE,TRUE,0,49301,0
Venezuela,VEN,1996,0,FALSE,TRUE,0,4517,0
Venezuela,VEN,1997,0,FALSE,TRUE,0,5755,0
Venezuela,VEN,1998,0,FALSE,TRUE,0,7044,0
Venezuela,VEN,1999,0,FALSE,TRUE,0,7925,0
Venezuela,VEN,2000,0,FALSE,TRUE,0,3297,0
Venezuela,VEN,2001,0,FALSE,TRUE,0,878,0
Venezuela,VEN,2002,0,FALSE,TRUE,0,3565,0
Venezuela,VEN,2003,0,FALSE,TRUE,0,1138,0
Venezuela,VEN,2004,0,FALSE,TRUE,0,1475,0
Venezuela,VEN,2005,0,FALSE,TRUE,0,2696,0
Venezuela,VEN,2006,0,FALSE,TRUE,0,2245,0
Venezuela,VEN,2007,0,FALSE,TRUE,0,1541,0
Venezuela,VEN,2008,0,FALSE,TRUE,0,1926,0
Venezuela,VEN,2009,0,FALSE,TRUE,0,2020,0
Venezuela,VEN,2010,0,FALSE,TRUE,0,1988,0
Venezuela,VEN,2011,0,FALSE,TRUE,0,826,0
Venezuela,VEN,2012,0,FALSE,TRUE,0,325,0
Venezuela,VEN,2013,0,FALSE,TRUE,0,565,0
Venezuela,VEN,2014,0,FALSE,TRUE,0,469,0
Venezuela,VEN,2015,0,FALSE,TRUE,0,139,0
Venezuela,VEN,2016,0,FALSE,TRUE,0,49,0
Venezuela,VEN,2017,0,FALSE,TRUE,0,131,0
Venezuela,VEN,2018,0,FALSE,TRUE,0,203,0
Venezuela,VEN,2019,0,FALSE,TRUE,0,656,0
Venezuela,VEN,2020,0,FALSE,TRUE,0,1871,0
Vietnam,VNM,1980,12187,TRUE,FALSE,4.085932445550636,368410,0.033079992399771996
Vietnam,VNM,1981,4508,TRUE,FALSE,3.6540802353065702,460159,0.00979661377915025
Vietnam,VNM,1982,6279,TRUE,FALSE,3.797959643737196,361396,0.01737429301929186
Vietnam,VNM,1983,7763,TRUE,FALSE,3.890085526716325,279811,0.02774372701573562
Vietnam,VNM,1984,8106,TRUE,FALSE,3.9088601730172767,245588,0.03300649868886102
Vietnam,VNM,1985,11200,TRUE,FALSE,4.0492567972322275,269381,0.0415768001455188
Vietnam,VNM,1986,6566,TRUE,FALSE,3.8173670162875943,229922,0.02855751080801315
Vietnam,VNM,1987,10143,TRUE,FALSE,4.0062092405376575,277781,0.036514376433233374
Vietnam,VNM,1988,5873,TRUE,FALSE,3.7689339421867816,241624,0.0243063602953349
Vietnam,VNM,1989,2989,TRUE,FALSE,3.4756711883244296,155499,0.019221988565842868
Vietnam,VNM,1990,5061,TRUE,FALSE,3.704322140822235,131538,0.03847557359850386
Vietnam,VNM,1991,4284,TRUE,FALSE,3.631950826259217,81574,0.052516733272856546
Vietnam,VNM,1992,3899,TRUE,FALSE,3.591064607026499,100113,0.03894599103013595
Vietnam,VNM,1993,3164,TRUE,FALSE,3.500373714353374,73500,0.04304761904761905
Vietnam,VNM,1994,847,TRUE,FALSE,2.9283958522567137,60662,0.013962612508654512
Vietnam,VNM,1995,959,TRUE,FALSE,2.9822712330395684,49301,0.019451938094561975
Vietnam,VNM,1996,2,TRUE,FALSE,0.4771212547196624,4517,4.4277175116227583e-4
Vietnam,VNM,1997,1,TRUE,FALSE,0.3010299956639812,5755,1.737619461337967e-4
Vietnam,VNM,1998,0,FALSE,TRUE,0,7044,0
Vietnam,VNM,1999,0,FALSE,TRUE,0,7925,0
Vietnam,VNM,2000,0,FALSE,TRUE,0,3297,0
Vietnam,VNM,2001,0,FALSE,TRUE,0,878,0
Vietnam,VNM,2002,0,FALSE,TRUE,0,3565,0
Vietnam,VNM,2003,0,FALSE,TRUE,0,1138,0
Vietnam,VNM,2004,0,FALSE,TRUE,0,1475,0
Vietnam,VNM,2005,0,FALSE,TRUE,0,2696,0
Vietnam,VNM,2006,0,FALSE,TRUE,0,2245,0
Vietnam,VNM,2007,0,FALSE,TRUE,0,1541,0
Vietnam,VNM,2008,0,FALSE,TRUE,0,1926,0
Vietnam,VNM,2009,0,FALSE,TRUE,0,2020,0
Vietnam,VNM,2010,0,FALSE,TRUE,0,1988,0
Vietnam,VNM,2011,0,FALSE,TRUE,0,826,0
Vietnam,VNM,2012,0,FALSE,TRUE,0,325,0
Vietnam,VNM,2013,0,FALSE,TRUE,0,565,0
Vietnam,VNM,2014,0,FALSE,TRUE,0,469,0
Vietnam,VNM,2015,0,FALSE,TRUE,0,139,0
Vietnam,VNM,2016,0,FALSE,TRUE,0,49,0
Vietnam,VNM,2017,0,FALSE,TRUE,0,131,0
Vietnam,VNM,2018,0,FALSE,TRUE,0,203,0
Vietnam,VNM,2019,0,FALSE,TRUE,0,656,0
Vietnam,VNM,2020,0,FALSE,TRUE,0,1871,0
Yemen,YEM,1980,5054,TRUE,FALSE,3.70372115992702,368410,0.013718411552346571
Yemen,YEM,1981,3787,TRUE,FALSE,3.578409970331236,460159,0.008229764059814107
Yemen,YEM,1982,1645,TRUE,FALSE,3.216429830876251,361396,0.004551793600371891
Yemen,YEM,1983,4431,TRUE,FALSE,3.646599751720373,279811,0.015835689090135843
Yemen,YEM,1984,5369,TRUE,FALSE,3.729974285699555,245588,0.021861817352639378
Yemen,YEM,1985,2352,TRUE,FALSE,3.3716219271760215,269381,0.008731128030558949
Yemen,YEM,1986,4207,TRUE,FALSE,3.6240757311456826,229922,0.018297509590208854
Yemen,YEM,1987,1253,TRUE,FALSE,3.0982975364946976,277781,0.004510747675326966
Yemen,YEM,1988,798,TRUE,FALSE,2.902546779313991,241624,0.003302652054431679
Yemen,YEM,1989,4907,TRUE,FALSE,3.6909045540549665,155499,0.03155647303198091
Yemen,YEM,1991,189,TRUE,FALSE,2.278753600952829,81574,0.0023169147032142596
Yemen,YEM,1992,315,TRUE,FALSE,2.499687082618404,100113,0.0031464445176950045
Yemen,YEM,1993,406,TRUE,FALSE,2.60959440922522,73500,0.005523809523809524
Yemen,YEM,1994,1211,TRUE,FALSE,3.0835026198302673,60662,0.01996307408262174
Yemen,YEM,1995,315,TRUE,FALSE,2.499687082618404,49301,0.0063893227317904306
Yemen,YEM,1996,8,TRUE,FALSE,0.9542425094393248,4517,0.0017710870046491033
Yemen,YEM,1997,0,FALSE,TRUE,0,5755,0
Yemen,YEM,1998,18,TRUE,FALSE,1.2787536009528289,7044,0.002555366269165247
Yemen,YEM,1999,28,TRUE,FALSE,1.462397997898956,7925,0.003533123028391167
Yemen,YEM,2000,0,FALSE,TRUE,0,3297,0
Yemen,YEM,2001,0,FALSE,TRUE,0,878,0
Yemen,YEM,2002,0,FALSE,TRUE,0,3565,0
Yemen,YEM,2003,0,FALSE,TRUE,0,1138,0
Yemen,YEM,2004,0,FALSE,TRUE,0,1475,0
Yemen,YEM,2005,956,TRUE,FALSE,2.9809119377768436,2696,0.3545994065281899
Yemen,YEM,2006,1,TRUE,FALSE,0.3010299956639812,2245,4.4543429844097997e-4
Yemen,YEM,2007,0,FALSE,TRUE,0,1541,0
Yemen,YEM,2008,0,FALSE,TRUE,0,1926,0
Yemen,YEM,2009,0,FALSE,TRUE,0,2020,0
Yemen,YEM,2010,0,FALSE,TRUE,0,1988,0
Yemen,YEM,2011,10,TRUE,FALSE,1.0413926851582251,826,0.012106537530266344
Yemen,YEM,2012,2,TRUE,FALSE,0.4771212547196624,325,0.006153846153846154
Yemen,YEM,2013,1,TRUE,FALSE,0.3010299956639812,565,0.0017699115044247787
Yemen,YEM,2014,0,FALSE,TRUE,0,469,0
Yemen,YEM,2015,0,FALSE,TRUE,0,139,0
Yemen,YEM,2016,0,FALSE,TRUE,0,49,0
Yemen,YEM,2017,0,FALSE,TRUE,0,131,0
Yemen,YEM,2018,0,FALSE,TRUE,0,203,0
Yemen,YEM,2019,1,TRUE,FALSE,0.3010299956639812,656,0.001524390243902439
Yemen,YEM,2020,34,TRUE,FALSE,1.5440680443502757,1871,0.018172100481026188
Zambia,ZMB,1980,1932,TRUE,FALSE,3.286231854028553,368410,0.005244157324719742
Zambia,ZMB,1981,3003,TRUE,FALSE,3.4776999283321306,460159,0.00652600514170102
Zambia,ZMB,1982,1701,TRUE,FALSE,3.230959555748569,361396,0.0047067482761292325
Zambia,ZMB,1983,1274,TRUE,FALSE,3.1055101847699738,279811,0.004553073324494034
Zambia,ZMB,1984,1239,TRUE,FALSE,3.093421685162235,245588,0.0050450347736860105
Zambia,ZMB,1985,896,TRUE,FALSE,2.952792443044092,269381,0.0033261440116415042
Zambia,ZMB,1986,938,TRUE,FALSE,2.972665592266111,229922,0.004079644401144736
Zambia,ZMB,1987,483,TRUE,FALSE,2.6848453616444123,277781,0.0017387798301539703
Zambia,ZMB,1988,595,TRUE,FALSE,2.7752462597402365,241624,0.00246250372479555
Zambia,ZMB,1989,329,TRUE,FALSE,2.5185139398778875,155499,0.0021157692332426574
Zambia,ZMB,1990,553,TRUE,FALSE,2.74350976472843,131538,0.00420410831850872
Zambia,ZMB,1992,35,TRUE,FALSE,1.5563025007672873,100113,3.496049464105561e-4
Zambia,ZMB,1993,2590,TRUE,FALSE,3.413467412985825,73500,0.035238095238095235
Zambia,ZMB,1994,98,TRUE,FALSE,1.99563519459755,60662,0.0016155088852988692
Zambia,ZMB,1995,42,TRUE,FALSE,1.6334684555795864,49301,8.519096975720574e-4
Zambia,ZMB,1996,0,FALSE,TRUE,0,4517,0
Zambia,ZMB,1997,6,TRUE,FALSE,0.8450980400142568,5755,0.0010425716768027802
Zambia,ZMB,1998,7,TRUE,FALSE,0.9030899869919436,7044,9.937535491198182e-4
Zambia,ZMB,1999,32,TRUE,FALSE,1.5185139398778875,7925,0.004037854889589906
Zambia,ZMB,2000,0,FALSE,TRUE,0,3297,0
Zambia,ZMB,2001,6,TRUE,FALSE,0.8450980400142568,878,0.00683371298405467
Zambia,ZMB,2002,4,TRUE,FALSE,0.6989700043360189,3565,0.0011220196353436186
Zambia,ZMB,2003,0,FALSE,TRUE,0,1138,0
Zambia,ZMB,2004,0,FALSE,TRUE,0,1475,0
Zambia,ZMB,2005,0,FALSE,TRUE,0,2696,0
Zambia,ZMB,2006,0,FALSE,TRUE,0,2245,0
Zambia,ZMB,2007,0,FALSE,TRUE,0,1541,0
Zambia,ZMB,2008,0,FALSE,TRUE,0,1926,0
Zambia,ZMB,2009,0,FALSE,TRUE,0,2020,0
Zambia,ZMB,2010,0,FALSE,TRUE,0,1988,0
Zambia,ZMB,2011,0,FALSE,TRUE,0,826,0
Zambia,ZMB,2012,0,FALSE,TRUE,0,325,0
Zambia,ZMB,2013,0,FALSE,TRUE,0,565,0
Zambia,ZMB,2014,0,FALSE,TRUE,0,469,0
Zambia,ZMB,2015,0,FALSE,TRUE,0,139,0
Zambia,ZMB,2016,0,FALSE,TRUE,0,49,0
Zambia,ZMB,2017,0,FALSE,TRUE,0,131,0
Zambia,ZMB,2018,0,FALSE,TRUE,0,203,0
Zambia,ZMB,2019,2,TRUE,FALSE,0.4771212547196624,656,0.003048780487804878
Zambia,ZMB,2020,0,FALSE,TRUE,0,1871,0
Zimbabwe,ZWE,1980,224,TRUE,FALSE,2.3521825181113627,368410,6.080182405472165e-4
Zimbabwe,ZWE,1981,196,TRUE,FALSE,2.294466226161593,460159,4.2593972952827174e-4
Zimbabwe,ZWE,1982,63,TRUE,FALSE,1.806179973983887,361396,1.743240102270086e-4
Zimbabwe,ZWE,1983,21,TRUE,FALSE,1.3424226808222062,279811,7.505065919495659e-5
Zimbabwe,ZWE,1984,28,TRUE,FALSE,1.462397997898956,245588,1.1401208528103979e-4
Zimbabwe,ZWE,1985,483,TRUE,FALSE,2.6848453616444123,269381,0.0017929995062754983
Zimbabwe,ZWE,1986,644,TRUE,FALSE,2.8095597146352675,229922,0.0028009498873531025
Zimbabwe,ZWE,1987,35,TRUE,FALSE,1.5563025007672873,277781,1.2599853841695435e-4
Zimbabwe,ZWE,1988,28,TRUE,FALSE,1.462397997898956,241624,1.1588252822567295e-4
Zimbabwe,ZWE,1989,7,TRUE,FALSE,0.9030899869919436,155499,4.5016366664737395e-5
Zimbabwe,ZWE,1990,0,FALSE,TRUE,0,131538,0
Zimbabwe,ZWE,1991,0,FALSE,TRUE,0,81574,0
Zimbabwe,ZWE,1992,0,FALSE,TRUE,0,100113,0
Zimbabwe,ZWE,1993,0,FALSE,TRUE,0,73500,0
Zimbabwe,ZWE,1994,35,TRUE,FALSE,1.5563025007672873,60662,5.769674590353104e-4
Zimbabwe,ZWE,1995,7,TRUE,FALSE,0.9030899869919436,49301,1.419849495953429e-4
Zimbabwe,ZWE,1996,1,TRUE,FALSE,0.3010299956639812,4517,2.2138587558113792e-4
Zimbabwe,ZWE,1997,3,TRUE,FALSE,0.6020599913279624,5755,5.212858384013901e-4
Zimbabwe,ZWE,1998,19,TRUE,FALSE,1.3010299956639813,7044,0.0026973310618966496
Zimbabwe,ZWE,1999,2,TRUE,FALSE,0.4771212547196624,7925,2.523659305993691e-4
Zimbabwe,ZWE,2000,0,FALSE,TRUE,0,3297,0
Zimbabwe,ZWE,2001,0,FALSE,TRUE,0,878,0
Zimbabwe,ZWE,2002,0,FALSE,TRUE,0,3565,0
Zimbabwe,ZWE,2003,0,FALSE,TRUE,0,1138,0
Zimbabwe,ZWE,2004,0,FALSE,TRUE,0,1475,0
Zimbabwe,ZWE,2005,0,FALSE,TRUE,0,2696,0
Zimbabwe,ZWE,2006,0,FALSE,TRUE,0,2245,0
Zimbabwe,ZWE,2007,0,FALSE,TRUE,0,1541,0
Zimbabwe,ZWE,2008,0,FALSE,TRUE,0,1926,0
Zimbabwe,ZWE,2009,0,FALSE,TRUE,0,2020,0
Zimbabwe,ZWE,2010,0,FALSE,TRUE,0,1988,0
Zimbabwe,ZWE,2011,0,FALSE,TRUE,0,826,0
Zimbabwe,ZWE,2012,0,FALSE,TRUE,0,325,0
Zimbabwe,ZWE,2013,0,FALSE,TRUE,0,565,0
Zimbabwe,ZWE,2014,0,FALSE,TRUE,0,469,0
Zimbabwe,ZWE,2015,0,FALSE,TRUE,0,139,0
Zimbabwe,ZWE,2016,0,FALSE,TRUE,0,49,0
Zimbabwe,ZWE,2017,0,FALSE,TRUE,0,131,0
Zimbabwe,ZWE,2018,0,FALSE,TRUE,0,203,0
Zimbabwe,ZWE,2019,0,FALSE,TRUE,0,656,0
Zimbabwe,ZWE,2020,0,FALSE,TRUE,0,1871,0
