entity,code,year,estimated_cases,positive_cases,zero_cases,log10_cases_plus1
Afghanistan,AFG,1980,6160,TRUE,FALSE,3.7896512087934098
Afghanistan,AFG,1981,5859,TRUE,FALSE,3.767897616018091
Afghanistan,AFG,1982,9730,TRUE,FALSE,3.988157472556753
Afghanistan,AFG,1983,13937,TRUE,FALSE,4.144200460183879
Afghanistan,AFG,1984,3864,TRUE,FALSE,3.5871494982543437
Afghanistan,AFG,1985,13867,TRUE,FALSE,4.142013832984359
Afghanistan,AFG,1986,12901,TRUE,FALSE,4.110657037558031
Afghanistan,AFG,1987,4396,TRUE,FALSE,3.643156465619706
Afghanistan,AFG,1988,2149,TRUE,FALSE,3.3324384599156054
Afghanistan,AFG,1989,385,TRUE,FALSE,2.586587304671755
Afghanistan,AFG,1990,336,TRUE,FALSE,2.5276299008713385
Afghanistan,AFG,1991,14,TRUE,FALSE,1.1760912590556813
Afghanistan,AFG,1995,0,FALSE,TRUE,0
Afghanistan,AFG,1997,21,TRUE,FALSE,1.3424226808222062
Afghanistan,AFG,1998,65,TRUE,FALSE,1.8195439355418688
Afghanistan,AFG,1999,167,TRUE,FALSE,2.225309281725863
Afghanistan,AFG,2000,133,TRUE,FALSE,2.1271047983648077
Afghanistan,AFG,2001,22,TRUE,FALSE,1.3617278360175928
Afghanistan,AFG,2002,11,TRUE,FALSE,1.0791812460476249
Afghanistan,AFG,2003,9,TRUE,FALSE,1
Afghanistan,AFG,2004,4,TRUE,FALSE,0.6989700043360189
Afghanistan,AFG,2005,10,TRUE,FALSE,1.0413926851582251
Afghanistan,AFG,2006,34,TRUE,FALSE,1.5440680443502757
Afghanistan,AFG,2007,19,TRUE,FALSE,1.3010299956639813
Afghanistan,AFG,2008,34,TRUE,FALSE,1.5440680443502757
Afghanistan,AFG,2009,42,TRUE,FALSE,1.6334684555795864
Afghanistan,AFG,2010,33,TRUE,FALSE,1.5314789170422551
Afghanistan,AFG,2011,90,TRUE,FALSE,1.9590413923210936
Afghanistan,AFG,2012,51,TRUE,FALSE,1.7160033436347992
Afghanistan,AFG,2013,19,TRUE,FALSE,1.3010299956639813
Afghanistan,AFG,2014,31,TRUE,FALSE,1.505149978319906
Afghanistan,AFG,2015,22,TRUE,FALSE,1.3617278360175928
Afghanistan,AFG,2016,14,TRUE,FALSE,1.1760912590556813
Afghanistan,AFG,2017,16,TRUE,FALSE,1.2304489213782739
Afghanistan,AFG,2018,23,TRUE,FALSE,1.380211241711606
Afghanistan,AFG,2019,32,TRUE,FALSE,1.5185139398778875
Afghanistan,AFG,2020,404,TRUE,FALSE,2.6074550232146687
Albania,ALB,1980,7,TRUE,FALSE,0.9030899869919435
Albania,ALB,1981,7,TRUE,FALSE,0.9030899869919435
Albania,ALB,1982,0,FALSE,TRUE,0
Albania,ALB,1983,0,FALSE,TRUE,0
Albania,ALB,1984,0,FALSE,TRUE,0
Albania,ALB,1985,7,TRUE,FALSE,0.9030899869919435
Albania,ALB,1986,0,FALSE,TRUE,0
Albania,ALB,1987,0,FALSE,TRUE,0
Albania,ALB,1988,0,FALSE,TRUE,0
Albania,ALB,1989,0,FALSE,TRUE,0
Albania,ALB,1990,0,FALSE,TRUE,0
Albania,ALB,1991,7,TRUE,FALSE,0.9030899869919435
Albania,ALB,1992,0,FALSE,TRUE,0
Albania,ALB,1993,7,TRUE,FALSE,0.9030899869919435
Albania,ALB,1994,0,FALSE,TRUE,0
Albania,ALB,1995,0,FALSE,TRUE,0
Albania,ALB,1996,153,TRUE,FALSE,2.187520720836463
Albania,ALB,1997,0,FALSE,TRUE,0
Albania,ALB,1998,0,FALSE,TRUE,0
Albania,ALB,1999,0,FALSE,TRUE,0
Albania,ALB,2000,0,FALSE,TRUE,0
Albania,ALB,2001,0,FALSE,TRUE,0
Albania,ALB,2002,0,FALSE,TRUE,0
Albania,ALB,2003,0,FALSE,TRUE,0
Albania,ALB,2004,0,FALSE,TRUE,0
Albania,ALB,2005,0,FALSE,TRUE,0
Albania,ALB,2006,0,FALSE,TRUE,0
Albania,ALB,2007,0,FALSE,TRUE,0
Albania,ALB,2008,0,FALSE,TRUE,0
Albania,ALB,2009,0,FALSE,TRUE,0
Albania,ALB,2010,0,FALSE,TRUE,0
Albania,ALB,2011,0,FALSE,TRUE,0
Albania,ALB,2012,0,FALSE,TRUE,0
Albania,ALB,2013,0,FALSE,TRUE,0
Albania,ALB,2014,0,FALSE,TRUE,0
Albania,ALB,2015,0,FALSE,TRUE,0
Albania,ALB,2016,0,FALSE,TRUE,0
Albania,ALB,2017,0,FALSE,TRUE,0
Albania,ALB,2018,0,FALSE,TRUE,0
Albania,ALB,2019,0,FALSE,TRUE,0
Albania,ALB,2020,0,FALSE,TRUE,0
Algeria,DZA,1980,812,TRUE,FALSE,2.910090545594068
Algeria,DZA,1981,798,TRUE,FALSE,2.902546779313991
Algeria,DZA,1982,497,TRUE,FALSE,2.6972293427597176
Algeria,DZA,1983,924,TRUE,FALSE,2.9661417327390325
Algeria,DZA,1984,756,TRUE,FALSE,2.8790958795000727
Algeria,DZA,1985,462,TRUE,FALSE,2.6655809910179533
Algeria,DZA,1986,203,TRUE,FALSE,2.3096301674258988
Algeria,DZA,1987,245,TRUE,FALSE,2.3909351071033793
Algeria,DZA,1988,63,TRUE,FALSE,1.806179973983887
Algeria,DZA,1989,126,TRUE,FALSE,2.103803720955957
Algeria,DZA,1990,14,TRUE,FALSE,1.1760912590556813
Algeria,DZA,1991,0,FALSE,TRUE,0
Algeria,DZA,1992,7,TRUE,FALSE,0.9030899869919435
Algeria,DZA,1993,7,TRUE,FALSE,0.9030899869919435
Algeria,DZA,1994,28,TRUE,FALSE,1.462397997898956
Algeria,DZA,1995,28,TRUE,FALSE,1.462397997898956
Algeria,DZA,1996,8,TRUE,FALSE,0.9542425094393249
Algeria,DZA,1997,0,FALSE,TRUE,0
Algeria,DZA,1998,0,FALSE,TRUE,0
Algeria,DZA,1999,11,TRUE,FALSE,1.0791812460476249
Algeria,DZA,2000,0,FALSE,TRUE,0
Algeria,DZA,2001,2,TRUE,FALSE,0.47712125471966244
Algeria,DZA,2002,0,FALSE,TRUE,0
Algeria,DZA,2003,0,FALSE,TRUE,0
Algeria,DZA,2004,0,FALSE,TRUE,0
Algeria,DZA,2005,0,FALSE,TRUE,0
Algeria,DZA,2006,0,FALSE,TRUE,0
Algeria,DZA,2007,0,FALSE,TRUE,0
Algeria,DZA,2008,0,FALSE,TRUE,0
Algeria,DZA,2009,0,FALSE,TRUE,0
Algeria,DZA,2010,0,FALSE,TRUE,0
Algeria,DZA,2011,0,FALSE,TRUE,0
Algeria,DZA,2012,0,FALSE,TRUE,0
Algeria,DZA,2013,0,FALSE,TRUE,0
Algeria,DZA,2014,0,FALSE,TRUE,0
Algeria,DZA,2015,0,FALSE,TRUE,0
Algeria,DZA,2016,0,FALSE,TRUE,0
Algeria,DZA,2017,0,FALSE,TRUE,0
Algeria,DZA,2018,0,FALSE,TRUE,0
Algeria,DZA,2019,0,FALSE,TRUE,0
Algeria,DZA,2020,0,FALSE,TRUE,0
Andorra,AND,1999,0,FALSE,TRUE,0
Andorra,AND,2000,0,FALSE,TRUE,0
Andorra,AND,2001,0,FALSE,TRUE,0
Andorra,AND,2002,0,FALSE,TRUE,0
Andorra,AND,2003,0,FALSE,TRUE,0
Andorra,AND,2004,0,FALSE,TRUE,0
Andorra,AND,2005,0,FALSE,TRUE,0
Andorra,AND,2006,0,FALSE,TRUE,0
Andorra,AND,2007,0,FALSE,TRUE,0
Andorra,AND,2008,0,FALSE,TRUE,0
Andorra,AND,2009,0,FALSE,TRUE,0
Andorra,AND,2010,0,FALSE,TRUE,0
Andorra,AND,2011,0,FALSE,TRUE,0
Andorra,AND,2012,0,FALSE,TRUE,0
Andorra,AND,2013,0,FALSE,TRUE,0
Andorra,AND,2014,0,FALSE,TRUE,0
Andorra,AND,2015,0,FALSE,TRUE,0
Andorra,AND,2016,0,FALSE,TRUE,0
Andorra,AND,2017,0,FALSE,TRUE,0
Andorra,AND,2018,0,FALSE,TRUE,0
Andorra,AND,2019,0,FALSE,TRUE,0
Andorra,AND,2020,0,FALSE,TRUE,0
Angola,AGO,1980,224,TRUE,FALSE,2.3521825181113627
Angola,AGO,1981,84,TRUE,FALSE,1.9294189257142926
Angola,AGO,1982,42,TRUE,FALSE,1.6334684555795864
Angola,AGO,1983,0,FALSE,TRUE,0
Angola,AGO,1984,21,TRUE,FALSE,1.3424226808222062
Angola,AGO,1985,98,TRUE,FALSE,1.99563519459755
Angola,AGO,1986,259,TRUE,FALSE,2.4149733479708178
Angola,AGO,1987,105,TRUE,FALSE,2.0253058652647704
Angola,AGO,1988,0,FALSE,TRUE,0
Angola,AGO,1989,0,FALSE,TRUE,0
Angola,AGO,1991,0,FALSE,TRUE,0
Angola,AGO,1992,0,FALSE,TRUE,0
Angola,AGO,1993,1043,TRUE,FALSE,3.0187004986662433
Angola,AGO,1994,378,TRUE,FALSE,2.578639209968072
Angola,AGO,1995,1064,TRUE,FALSE,3.0273496077747564
Angola,AGO,1996,90,TRUE,FALSE,1.9590413923210936
Angola,AGO,1997,17,TRUE,FALSE,1.255272505103306
Angola,AGO,1998,8,TRUE,FALSE,0.9542425094393249
Angola,AGO,1999,1224,TRUE,FALSE,3.0881360887005513
Angola,AGO,2000,128,TRUE,FALSE,2.110589710299249
Angola,AGO,2001,2,TRUE,FALSE,0.47712125471966244
Angola,AGO,2002,0,FALSE,TRUE,0
Angola,AGO,2003,0,FALSE,TRUE,0
Angola,AGO,2004,0,FALSE,TRUE,0
Angola,AGO,2005,11,TRUE,FALSE,1.0791812460476249
Angola,AGO,2006,2,TRUE,FALSE,0.47712125471966244
Angola,AGO,2007,9,TRUE,FALSE,1
Angola,AGO,2008,32,TRUE,FALSE,1.5185139398778875
Angola,AGO,2009,32,TRUE,FALSE,1.5185139398778875
Angola,AGO,2010,37,TRUE,FALSE,1.5797835966168101
Angola,AGO,2011,6,TRUE,FALSE,0.8450980400142568
Angola,AGO,2012,0,FALSE,TRUE,0
Angola,AGO,2013,0,FALSE,TRUE,0
Angola,AGO,2014,0,FALSE,TRUE,0
Angola,AGO,2015,0,FALSE,TRUE,0
Angola,AGO,2016,0,FALSE,TRUE,0
Angola,AGO,2017,0,FALSE,TRUE,0
Angola,AGO,2018,0,FALSE,TRUE,0
Angola,AGO,2019,153,TRUE,FALSE,2.187520720836463
Angola,AGO,2020,6,TRUE,FALSE,0.8450980400142568
Antigua and Barbuda,ATG,1980,0,FALSE,TRUE,0
Antigua and Barbuda,ATG,1981,0,FALSE,TRUE,0
Antigua and Barbuda,ATG,1982,0,FALSE,TRUE,0
Antigua and Barbuda,ATG,1983,0,FALSE,TRUE,0
Antigua and Barbuda,ATG,1984,0,FALSE,TRUE,0
Antigua and Barbuda,ATG,1985,0,FALSE,TRUE,0
Antigua and Barbuda,ATG,1986,0,FALSE,TRUE,0
Antigua and Barbuda,ATG,1987,0,FALSE,TRUE,0
Antigua and Barbuda,ATG,1988,0,FALSE,TRUE,0
Antigua and Barbuda,ATG,1989,0,FALSE,TRUE,0
Antigua and Barbuda,ATG,1990,0,FALSE,TRUE,0
Antigua and Barbuda,ATG,1991,0,FALSE,TRUE,0
Antigua and Barbuda,ATG,1992,0,FALSE,TRUE,0
Antigua and Barbuda,ATG,1993,0,FALSE,TRUE,0
Antigua and Barbuda,ATG,1994,0,FALSE,TRUE,0
Antigua and Barbuda,ATG,1995,0,FALSE,TRUE,0
Antigua and Barbuda,ATG,1996,0,FALSE,TRUE,0
Antigua and Barbuda,ATG,1997,0,FALSE,TRUE,0
Antigua and Barbuda,ATG,1998,0,FALSE,TRUE,0
Antigua and Barbuda,ATG,1999,0,FALSE,TRUE,0
Antigua and Barbuda,ATG,2000,0,FALSE,TRUE,0
Antigua and Barbuda,ATG,2001,0,FALSE,TRUE,0
Antigua and Barbuda,ATG,2002,0,FALSE,TRUE,0
Antigua and Barbuda,ATG,2003,0,FALSE,TRUE,0
Antigua and Barbuda,ATG,2004,0,FALSE,TRUE,0
Antigua and Barbuda,ATG,2005,0,FALSE,TRUE,0
Antigua and Barbuda,ATG,2006,0,FALSE,TRUE,0
Antigua and Barbuda,ATG,2007,0,FALSE,TRUE,0
Antigua and Barbuda,ATG,2008,0,FALSE,TRUE,0
Antigua and Barbuda,ATG,2010,0,FALSE,TRUE,0
Argentina,ARG,1980,224,TRUE,FALSE,2.3521825181113627
Argentina,ARG,1981,14,TRUE,FALSE,1.1760912590556813
Argentina,ARG,1982,84,TRUE,FALSE,1.9294189257142926
Argentina,ARG,1983,182,TRUE,FALSE,2.2624510897304293
Argentina,ARG,1984,7,TRUE,FALSE,0.9030899869919435
Argentina,ARG,1985,14,TRUE,FALSE,1.1760912590556813
Argentina,ARG,1986,0,FALSE,TRUE,0
Argentina,ARG,1987,0,FALSE,TRUE,0
Argentina,ARG,1988,0,FALSE,TRUE,0
Argentina,ARG,1989,0,FALSE,TRUE,0
Argentina,ARG,1990,0,FALSE,TRUE,0
Argentina,ARG,1991,0,FALSE,TRUE,0
Argentina,ARG,1992,0,FALSE,TRUE,0
Argentina,ARG,1993,0,FALSE,TRUE,0
Argentina,ARG,1994,0,FALSE,TRUE,0
Argentina,ARG,1995,0,FALSE,TRUE,0
Argentina,ARG,1996,0,FALSE,TRUE,0
Argentina,ARG,1997,0,FALSE,TRUE,0
Argentina,ARG,1998,0,FALSE,TRUE,0
Argentina,ARG,1999,0,FALSE,TRUE,0
Argentina,ARG,2000,0,FALSE,TRUE,0
Argentina,ARG,2001,0,FALSE,TRUE,0
Argentina,ARG,2002,0,FALSE,TRUE,0
Argentina,ARG,2003,0,FALSE,TRUE,0
Argentina,ARG,2004,0,FALSE,TRUE,0
Argentina,ARG,2005,0,FALSE,TRUE,0
Argentina,ARG,2006,0,FALSE,TRUE,0
Argentina,ARG,2007,0,FALSE,TRUE,0
Argentina,ARG,2008,0,FALSE,TRUE,0
Argentina,ARG,2009,0,FALSE,TRUE,0
Argentina,ARG,2010,0,FALSE,TRUE,0
Argentina,ARG,2011,0,FALSE,TRUE,0
Argentina,ARG,2012,0,FALSE,TRUE,0
Argentina,ARG,2013,0,FALSE,TRUE,0
Argentina,ARG,2014,0,FALSE,TRUE,0
Argentina,ARG,2015,0,FALSE,TRUE,0
Argentina,ARG,2016,0,FALSE,TRUE,0
Argentina,ARG,2017,0,FALSE,TRUE,0
Argentina,ARG,2018,0,FALSE,TRUE,0
Argentina,ARG,2019,0,FALSE,TRUE,0
Argentina,ARG,2020,0,FALSE,TRUE,0
Armenia,ARM,1991,21,TRUE,FALSE,1.3424226808222062
Armenia,ARM,1992,7,TRUE,FALSE,0.9030899869919435
Armenia,ARM,1993,0,FALSE,TRUE,0
Armenia,ARM,1994,35,TRUE,FALSE,1.5563025007672873
Armenia,ARM,1995,21,TRUE,FALSE,1.3424226808222062
Armenia,ARM,1996,0,FALSE,TRUE,0
Armenia,ARM,1997,0,FALSE,TRUE,0
Armenia,ARM,1998,0,FALSE,TRUE,0
Armenia,ARM,1999,0,FALSE,TRUE,0
Armenia,ARM,2000,0,FALSE,TRUE,0
Armenia,ARM,2001,0,FALSE,TRUE,0
Armenia,ARM,2002,0,FALSE,TRUE,0
Armenia,ARM,2003,0,FALSE,TRUE,0
Armenia,ARM,2004,0,FALSE,TRUE,0
Armenia,ARM,2005,0,FALSE,TRUE,0
Armenia,ARM,2006,0,FALSE,TRUE,0
Armenia,ARM,2007,0,FALSE,TRUE,0
Armenia,ARM,2008,0,FALSE,TRUE,0
Armenia,ARM,2009,0,FALSE,TRUE,0
Armenia,ARM,2010,0,FALSE,TRUE,0
Armenia,ARM,2011,0,FALSE,TRUE,0
Armenia,ARM,2012,0,FALSE,TRUE,0
Armenia,ARM,2013,0,FALSE,TRUE,0
Armenia,ARM,2014,0,FALSE,TRUE,0
Armenia,ARM,2015,0,FALSE,TRUE,0
Armenia,ARM,2016,0,FALSE,TRUE,0
Armenia,ARM,2017,0,FALSE,TRUE,0
Armenia,ARM,2018,0,FALSE,TRUE,0
Armenia,ARM,2019,0,FALSE,TRUE,0
Armenia,ARM,2020,0,FALSE,TRUE,0
Australia,AUS,1980,0,FALSE,TRUE,0
Australia,AUS,1981,0,FALSE,TRUE,0
Australia,AUS,1982,0,FALSE,TRUE,0
Australia,AUS,1983,0,FALSE,TRUE,0
Australia,AUS,1984,0,FALSE,TRUE,0
Australia,AUS,1985,0,FALSE,TRUE,0
Australia,AUS,1986,7,TRUE,FALSE,0.9030899869919435
Australia,AUS,1987,0,FALSE,TRUE,0
Australia,AUS,1988,0,FALSE,TRUE,0
Australia,AUS,1989,0,FALSE,TRUE,0
Australia,AUS,1990,0,FALSE,TRUE,0
Australia,AUS,1991,0,FALSE,TRUE,0
Australia,AUS,1992,0,FALSE,TRUE,0
Australia,AUS,1993,0,FALSE,TRUE,0
Australia,AUS,1994,0,FALSE,TRUE,0
Australia,AUS,1995,0,FALSE,TRUE,0
Australia,AUS,1996,0,FALSE,TRUE,0
Australia,AUS,1997,0,FALSE,TRUE,0
Australia,AUS,1998,0,FALSE,TRUE,0
Australia,AUS,1999,0,FALSE,TRUE,0
Australia,AUS,2000,0,FALSE,TRUE,0
Australia,AUS,2001,0,FALSE,TRUE,0
Australia,AUS,2002,0,FALSE,TRUE,0
Australia,AUS,2003,0,FALSE,TRUE,0
Australia,AUS,2004,0,FALSE,TRUE,0
Australia,AUS,2005,0,FALSE,TRUE,0
Australia,AUS,2006,0,FALSE,TRUE,0
Australia,AUS,2007,0,FALSE,TRUE,0
Australia,AUS,2008,0,FALSE,TRUE,0
Australia,AUS,2009,0,FALSE,TRUE,0
Australia,AUS,2010,0,FALSE,TRUE,0
Australia,AUS,2011,0,FALSE,TRUE,0
Australia,AUS,2012,0,FALSE,TRUE,0
Australia,AUS,2013,0,FALSE,TRUE,0
Australia,AUS,2014,0,FALSE,TRUE,0
Australia,AUS,2015,0,FALSE,TRUE,0
Australia,AUS,2016,0,FALSE,TRUE,0
Australia,AUS,2017,0,FALSE,TRUE,0
Australia,AUS,2018,0,FALSE,TRUE,0
Australia,AUS,2019,0,FALSE,TRUE,0
Australia,AUS,2020,0,FALSE,TRUE,0
Austria,AUT,1980,7,TRUE,FALSE,0.9030899869919435
Austria,AUT,1981,0,FALSE,TRUE,0
Austria,AUT,1982,0,FALSE,TRUE,0
Austria,AUT,1983,0,FALSE,TRUE,0
Austria,AUT,1984,0,FALSE,TRUE,0
Austria,AUT,1985,0,FALSE,TRUE,0
Austria,AUT,1986,0,FALSE,TRUE,0
Austria,AUT,1987,0,FALSE,TRUE,0
Austria,AUT,1988,0,FALSE,TRUE,0
Austria,AUT,1989,0,FALSE,TRUE,0
Austria,AUT,1990,0,FALSE,TRUE,0
Austria,AUT,1991,0,FALSE,TRUE,0
Austria,AUT,1992,0,FALSE,TRUE,0
Austria,AUT,1993,0,FALSE,TRUE,0
Austria,AUT,1994,0,FALSE,TRUE,0
Austria,AUT,1995,0,FALSE,TRUE,0
Austria,AUT,1996,0,FALSE,TRUE,0
Austria,AUT,1997,0,FALSE,TRUE,0
Austria,AUT,1998,0,FALSE,TRUE,0
Austria,AUT,1999,0,FALSE,TRUE,0
Austria,AUT,2000,0,FALSE,TRUE,0
Austria,AUT,2001,0,FALSE,TRUE,0
Austria,AUT,2002,0,FALSE,TRUE,0
Austria,AUT,2003,0,FALSE,TRUE,0
Austria,AUT,2004,0,FALSE,TRUE,0
Austria,AUT,2005,0,FALSE,TRUE,0
Austria,AUT,2006,0,FALSE,TRUE,0
Austria,AUT,2007,0,FALSE,TRUE,0
Austria,AUT,2008,0,FALSE,TRUE,0
Austria,AUT,2009,0,FALSE,TRUE,0
Austria,AUT,2010,0,FALSE,TRUE,0
Austria,AUT,2011,0,FALSE,TRUE,0
Austria,AUT,2012,0,FALSE,TRUE,0
Austria,AUT,2013,0,FALSE,TRUE,0
Austria,AUT,2014,0,FALSE,TRUE,0
Austria,AUT,2015,0,FALSE,TRUE,0
Austria,AUT,2016,0,FALSE,TRUE,0
Austria,AUT,2017,0,FALSE,TRUE,0
Austria,AUT,2018,0,FALSE,TRUE,0
Austria,AUT,2019,0,FALSE,TRUE,0
Austria,AUT,2020,0,FALSE,TRUE,0
Azerbaijan,AZE,1991,147,TRUE,FALSE,2.1702617153949575
Azerbaijan,AZE,1992,154,TRUE,FALSE,2.1903316981702914
Azerbaijan,AZE,1993,483,TRUE,FALSE,2.6848453616444123
Azerbaijan,AZE,1994,112,TRUE,FALSE,2.0530784434834195
Azerbaijan,AZE,1995,35,TRUE,FALSE,1.5563025007672873
Azerbaijan,AZE,1996,0,FALSE,TRUE,0
Azerbaijan,AZE,1997,0,FALSE,TRUE,0
Azerbaijan,AZE,1998,0,FALSE,TRUE,0
Azerbaijan,AZE,1999,0,FALSE,TRUE,0
Azerbaijan,AZE,2000,0,FALSE,TRUE,0
Azerbaijan,AZE,2001,0,FALSE,TRUE,0
Azerbaijan,AZE,2002,0,FALSE,TRUE,0
Azerbaijan,AZE,2003,0,FALSE,TRUE,0
Azerbaijan,AZE,2004,0,FALSE,TRUE,0
Azerbaijan,AZE,2005,0,FALSE,TRUE,0
Azerbaijan,AZE,2006,0,FALSE,TRUE,0
Azerbaijan,AZE,2007,0,FALSE,TRUE,0
Azerbaijan,AZE,2008,0,FALSE,TRUE,0
Azerbaijan,AZE,2009,0,FALSE,TRUE,0
Azerbaijan,AZE,2010,0,FALSE,TRUE,0
Azerbaijan,AZE,2011,0,FALSE,TRUE,0
Azerbaijan,AZE,2012,0,FALSE,TRUE,0
Azerbaijan,AZE,2013,0,FALSE,TRUE,0
Azerbaijan,AZE,2014,0,FALSE,TRUE,0
Azerbaijan,AZE,2015,0,FALSE,TRUE,0
Azerbaijan,AZE,2016,0,FALSE,TRUE,0
Azerbaijan,AZE,2017,0,FALSE,TRUE,0
Azerbaijan,AZE,2018,0,FALSE,TRUE,0
Azerbaijan,AZE,2019,0,FALSE,TRUE,0
Azerbaijan,AZE,2020,0,FALSE,TRUE,0
Bahamas,BHS,1980,0,FALSE,TRUE,0
Bahamas,BHS,1981,0,FALSE,TRUE,0
Bahamas,BHS,1982,0,FALSE,TRUE,0
Bahamas,BHS,1983,0,FALSE,TRUE,0
Bahamas,BHS,1984,0,FALSE,TRUE,0
Bahamas,BHS,1985,0,FALSE,TRUE,0
Bahamas,BHS,1986,0,FALSE,TRUE,0
Bahamas,BHS,1987,0,FALSE,TRUE,0
Bahamas,BHS,1988,0,FALSE,TRUE,0
Bahamas,BHS,1989,0,FALSE,TRUE,0
Bahamas,BHS,1990,0,FALSE,TRUE,0
Bahamas,BHS,1991,0,FALSE,TRUE,0
Bahamas,BHS,1992,0,FALSE,TRUE,0
Bahamas,BHS,1993,0,FALSE,TRUE,0
Bahamas,BHS,1994,0,FALSE,TRUE,0
Bahamas,BHS,1995,0,FALSE,TRUE,0
Bahamas,BHS,1996,0,FALSE,TRUE,0
Bahamas,BHS,1997,0,FALSE,TRUE,0
Bahamas,BHS,1998,0,FALSE,TRUE,0
Bahamas,BHS,1999,0,FALSE,TRUE,0
Bahamas,BHS,2000,0,FALSE,TRUE,0
Bahamas,BHS,2001,0,FALSE,TRUE,0
Bahamas,BHS,2002,0,FALSE,TRUE,0
Bahamas,BHS,2003,0,FALSE,TRUE,0
Bahamas,BHS,2004,0,FALSE,TRUE,0
Bahamas,BHS,2005,0,FALSE,TRUE,0
Bahamas,BHS,2006,0,FALSE,TRUE,0
Bahamas,BHS,2007,0,FALSE,TRUE,0
Bahamas,BHS,2008,0,FALSE,TRUE,0
Bahamas,BHS,2010,0,FALSE,TRUE,0
Bahrain,BHR,1980,42,TRUE,FALSE,1.6334684555795864
Bahrain,BHR,1981,35,TRUE,FALSE,1.5563025007672873
Bahrain,BHR,1982,0,FALSE,TRUE,0
Bahrain,BHR,1983,0,FALSE,TRUE,0
Bahrain,BHR,1984,0,FALSE,TRUE,0
Bahrain,BHR,1985,0,FALSE,TRUE,0
Bahrain,BHR,1986,0,FALSE,TRUE,0
Bahrain,BHR,1987,0,FALSE,TRUE,0
Bahrain,BHR,1988,0,FALSE,TRUE,0
Bahrain,BHR,1989,0,FALSE,TRUE,0
Bahrain,BHR,1990,0,FALSE,TRUE,0
Bahrain,BHR,1991,0,FALSE,TRUE,0
Bahrain,BHR,1992,0,FALSE,TRUE,0
Bahrain,BHR,1993,14,TRUE,FALSE,1.1760912590556813
Bahrain,BHR,1994,0,FALSE,TRUE,0
Bahrain,BHR,1995,0,FALSE,TRUE,0
Bahrain,BHR,1996,0,FALSE,TRUE,0
Bahrain,BHR,1997,0,FALSE,TRUE,0
Bahrain,BHR,1998,0,FALSE,TRUE,0
Bahrain,BHR,1999,0,FALSE,TRUE,0
Bahrain,BHR,2000,0,FALSE,TRUE,0
Bahrain,BHR,2001,0,FALSE,TRUE,0
Bahrain,BHR,2002,0,FALSE,TRUE,0
Bahrain,BHR,2003,0,FALSE,TRUE,0
Bahrain,BHR,2004,0,FALSE,TRUE,0
Bahrain,BHR,2005,0,FALSE,TRUE,0
Bahrain,BHR,2006,0,FALSE,TRUE,0
Bahrain,BHR,2007,0,FALSE,TRUE,0
Bahrain,BHR,2008,0,FALSE,TRUE,0
Bahrain,BHR,2009,0,FALSE,TRUE,0
Bahrain,BHR,2010,0,FALSE,TRUE,0
Bahrain,BHR,2011,0,FALSE,TRUE,0
Bahrain,BHR,2012,0,FALSE,TRUE,0
Bahrain,BHR,2013,0,FALSE,TRUE,0
Bahrain,BHR,2014,0,FALSE,TRUE,0
Bahrain,BHR,2015,0,FALSE,TRUE,0
Bahrain,BHR,2016,0,FALSE,TRUE,0
Bahrain,BHR,2017,0,FALSE,TRUE,0
Bahrain,BHR,2018,0,FALSE,TRUE,0
Bahrain,BHR,2019,0,FALSE,TRUE,0
Bahrain,BHR,2020,0,FALSE,TRUE,0
Bangladesh,BGD,1980,455,TRUE,FALSE,2.658964842664435
Bangladesh,BGD,1981,686,TRUE,FALSE,2.8369567370595505
Bangladesh,BGD,1982,2233,TRUE,FALSE,3.34908316877959
Bangladesh,BGD,1983,896,TRUE,FALSE,2.952792443044092
Bangladesh,BGD,1984,896,TRUE,FALSE,2.952792443044092
Bangladesh,BGD,1985,623,TRUE,FALSE,2.795184589682424
Bangladesh,BGD,1986,1106,TRUE,FALSE,3.044147620878723
Bangladesh,BGD,1987,714,TRUE,FALSE,2.8543060418010806
Bangladesh,BGD,1988,3780,TRUE,FALSE,3.5776066773625357
Bangladesh,BGD,1989,3143,TRUE,FALSE,3.4974825373673704
Bangladesh,BGD,1990,2618,TRUE,FALSE,3.418135498425232
Bangladesh,BGD,1991,2009,TRUE,FALSE,3.303196057420489
Bangladesh,BGD,1992,1463,TRUE,FALSE,3.165541076722373
Bangladesh,BGD,1993,1631,TRUE,FALSE,3.2127201544178425
Bangladesh,BGD,1994,2023,TRUE,FALSE,3.3062105081677613
Bangladesh,BGD,1995,343,TRUE,FALSE,2.53655844257153
Bangladesh,BGD,1996,108,TRUE,FALSE,2.037426497940624
Bangladesh,BGD,1997,192,TRUE,FALSE,2.285557309007774
Bangladesh,BGD,1998,332,TRUE,FALSE,2.5224442335063197
Bangladesh,BGD,1999,436,TRUE,FALSE,2.640481436970422
Bangladesh,BGD,2000,220,TRUE,FALSE,2.3443922736851106
Bangladesh,BGD,2001,0,FALSE,TRUE,0
Bangladesh,BGD,2002,0,FALSE,TRUE,0
Bangladesh,BGD,2003,0,FALSE,TRUE,0
Bangladesh,BGD,2004,0,FALSE,TRUE,0
Bangladesh,BGD,2005,0,FALSE,TRUE,0
Bangladesh,BGD,2006,20,TRUE,FALSE,1.3222192947339193
Bangladesh,BGD,2007,0,FALSE,TRUE,0
Bangladesh,BGD,2008,0,FALSE,TRUE,0
Bangladesh,BGD,2009,0,FALSE,TRUE,0
Bangladesh,BGD,2010,0,FALSE,TRUE,0
Bangladesh,BGD,2011,0,FALSE,TRUE,0
Bangladesh,BGD,2012,0,FALSE,TRUE,0
Bangladesh,BGD,2013,0,FALSE,TRUE,0
Bangladesh,BGD,2014,0,FALSE,TRUE,0
Bangladesh,BGD,2015,0,FALSE,TRUE,0
Bangladesh,BGD,2016,0,FALSE,TRUE,0
Bangladesh,BGD,2017,0,FALSE,TRUE,0
Bangladesh,BGD,2018,0,FALSE,TRUE,0
Bangladesh,BGD,2019,0,FALSE,TRUE,0
Bangladesh,BGD,2020,0,FALSE,TRUE,0
Barbados,BRB,1980,0,FALSE,TRUE,0
Barbados,BRB,1981,0,FALSE,TRUE,0
Barbados,BRB,1982,0,FALSE,TRUE,0
Barbados,BRB,1983,0,FALSE,TRUE,0
Barbados,BRB,1984,0,FALSE,TRUE,0
Barbados,BRB,1985,0,FALSE,TRUE,0
Barbados,BRB,1986,0,FALSE,TRUE,0
Barbados,BRB,1987,0,FALSE,TRUE,0
Barbados,BRB,1988,0,FALSE,TRUE,0
Barbados,BRB,1989,0,FALSE,TRUE,0
Barbados,BRB,1990,0,FALSE,TRUE,0
Barbados,BRB,1991,0,FALSE,TRUE,0
Barbados,BRB,1992,0,FALSE,TRUE,0
Barbados,BRB,1993,0,FALSE,TRUE,0
Barbados,BRB,1994,0,FALSE,TRUE,0
Barbados,BRB,1995,0,FALSE,TRUE,0
Barbados,BRB,1996,0,FALSE,TRUE,0
Barbados,BRB,1997,0,FALSE,TRUE,0
Barbados,BRB,1998,0,FALSE,TRUE,0
Barbados,BRB,1999,0,FALSE,TRUE,0
Barbados,BRB,2000,0,FALSE,TRUE,0
Barbados,BRB,2001,0,FALSE,TRUE,0
Barbados,BRB,2002,0,FALSE,TRUE,0
Barbados,BRB,2003,0,FALSE,TRUE,0
Barbados,BRB,2004,0,FALSE,TRUE,0
Barbados,BRB,2005,0,FALSE,TRUE,0
Barbados,BRB,2006,0,FALSE,TRUE,0
Barbados,BRB,2007,0,FALSE,TRUE,0
Barbados,BRB,2008,0,FALSE,TRUE,0
Barbados,BRB,2010,0,FALSE,TRUE,0
Belarus,BLR,1991,0,FALSE,TRUE,0
Belarus,BLR,1992,7,TRUE,FALSE,0.9030899869919435
Belarus,BLR,1993,7,TRUE,FALSE,0.9030899869919435
Belarus,BLR,1994,14,TRUE,FALSE,1.1760912590556813
Belarus,BLR,1995,0,FALSE,TRUE,0
Belarus,BLR,1996,0,FALSE,TRUE,0
Belarus,BLR,1997,0,FALSE,TRUE,0
Belarus,BLR,1998,0,FALSE,TRUE,0
Belarus,BLR,1999,0,FALSE,TRUE,0
Belarus,BLR,2000,0,FALSE,TRUE,0
Belarus,BLR,2001,0,FALSE,TRUE,0
Belarus,BLR,2002,0,FALSE,TRUE,0
Belarus,BLR,2003,0,FALSE,TRUE,0
Belarus,BLR,2004,0,FALSE,TRUE,0
Belarus,BLR,2005,0,FALSE,TRUE,0
Belarus,BLR,2006,0,FALSE,TRUE,0
Belarus,BLR,2007,0,FALSE,TRUE,0
Belarus,BLR,2008,0,FALSE,TRUE,0
Belarus,BLR,2009,0,FALSE,TRUE,0
Belarus,BLR,2010,0,FALSE,TRUE,0
Belarus,BLR,2011,0,FALSE,TRUE,0
Belarus,BLR,2012,0,FALSE,TRUE,0
Belarus,BLR,2013,0,FALSE,TRUE,0
Belarus,BLR,2014,0,FALSE,TRUE,0
Belarus,BLR,2015,0,FALSE,TRUE,0
Belarus,BLR,2016,0,FALSE,TRUE,0
Belarus,BLR,2017,0,FALSE,TRUE,0
Belarus,BLR,2018,0,FALSE,TRUE,0
Belarus,BLR,2019,0,FALSE,TRUE,0
Belarus,BLR,2020,0,FALSE,TRUE,0
Belgium,BEL,1980,7,TRUE,FALSE,0.9030899869919435
Belgium,BEL,1981,0,FALSE,TRUE,0
Belgium,BEL,1982,0,FALSE,TRUE,0
Belgium,BEL,1983,7,TRUE,FALSE,0.9030899869919435
Belgium,BEL,1984,0,FALSE,TRUE,0
Belgium,BEL,1985,0,FALSE,TRUE,0
Belgium,BEL,1986,0,FALSE,TRUE,0
Belgium,BEL,1987,0,FALSE,TRUE,0
Belgium,BEL,1988,0,FALSE,TRUE,0
Belgium,BEL,1989,14,TRUE,FALSE,1.1760912590556813
Belgium,BEL,1990,0,FALSE,TRUE,0
Belgium,BEL,1991,0,FALSE,TRUE,0
Belgium,BEL,1992,0,FALSE,TRUE,0
Belgium,BEL,1993,0,FALSE,TRUE,0
Belgium,BEL,1994,0,FALSE,TRUE,0
Belgium,BEL,1995,0,FALSE,TRUE,0
Belgium,BEL,1996,0,FALSE,TRUE,0
Belgium,BEL,1997,0,FALSE,TRUE,0
Belgium,BEL,1998,0,FALSE,TRUE,0
Belgium,BEL,1999,0,FALSE,TRUE,0
Belgium,BEL,2000,0,FALSE,TRUE,0
Belgium,BEL,2001,0,FALSE,TRUE,0
Belgium,BEL,2002,0,FALSE,TRUE,0
Belgium,BEL,2003,0,FALSE,TRUE,0
Belgium,BEL,2004,0,FALSE,TRUE,0
Belgium,BEL,2005,0,FALSE,TRUE,0
Belgium,BEL,2006,0,FALSE,TRUE,0
Belgium,BEL,2007,0,FALSE,TRUE,0
Belgium,BEL,2008,0,FALSE,TRUE,0
Belgium,BEL,2009,0,FALSE,TRUE,0
Belgium,BEL,2010,0,FALSE,TRUE,0
Belgium,BEL,2011,0,FALSE,TRUE,0
Belgium,BEL,2012,0,FALSE,TRUE,0
Belgium,BEL,2013,0,FALSE,TRUE,0
Belgium,BEL,2014,0,FALSE,TRUE,0
Belgium,BEL,2015,0,FALSE,TRUE,0
Belgium,BEL,2016,0,FALSE,TRUE,0
Belgium,BEL,2017,0,FALSE,TRUE,0
Belgium,BEL,2018,0,FALSE,TRUE,0
Belgium,BEL,2019,0,FALSE,TRUE,0
Belgium,BEL,2020,0,FALSE,TRUE,0
Belize,BLZ,1980,21,TRUE,FALSE,1.3424226808222062
Belize,BLZ,1981,0,FALSE,TRUE,0
Belize,BLZ,1982,0,FALSE,TRUE,0
Belize,BLZ,1983,0,FALSE,TRUE,0
Belize,BLZ,1984,0,FALSE,TRUE,0
Belize,BLZ,1985,0,FALSE,TRUE,0
Belize,BLZ,1986,0,FALSE,TRUE,0
Belize,BLZ,1987,0,FALSE,TRUE,0
Belize,BLZ,1988,0,FALSE,TRUE,0
Belize,BLZ,1989,0,FALSE,TRUE,0
Belize,BLZ,1990,0,FALSE,TRUE,0
Belize,BLZ,1991,0,FALSE,TRUE,0
Belize,BLZ,1992,0,FALSE,TRUE,0
Belize,BLZ,1993,0,FALSE,TRUE,0
Belize,BLZ,1994,0,FALSE,TRUE,0
Belize,BLZ,1995,0,FALSE,TRUE,0
Belize,BLZ,1996,0,FALSE,TRUE,0
Belize,BLZ,1997,0,FALSE,TRUE,0
Belize,BLZ,1998,0,FALSE,TRUE,0
Belize,BLZ,1999,0,FALSE,TRUE,0
Belize,BLZ,2000,0,FALSE,TRUE,0
Belize,BLZ,2001,0,FALSE,TRUE,0
Belize,BLZ,2002,0,FALSE,TRUE,0
Belize,BLZ,2003,0,FALSE,TRUE,0
Belize,BLZ,2004,0,FALSE,TRUE,0
Belize,BLZ,2005,0,FALSE,TRUE,0
Belize,BLZ,2006,0,FALSE,TRUE,0
Belize,BLZ,2007,0,FALSE,TRUE,0
Belize,BLZ,2008,0,FALSE,TRUE,0
Belize,BLZ,2010,0,FALSE,TRUE,0
Benin,BEN,1980,1085,TRUE,FALSE,3.035829825252828
Benin,BEN,1981,1505,TRUE,FALSE,3.177824971864682
Benin,BEN,1982,966,TRUE,FALSE,2.9854264740830017
Benin,BEN,1983,413,TRUE,FALSE,2.617000341120899
Benin,BEN,1984,364,TRUE,FALSE,2.5622928644564746
Benin,BEN,1985,623,TRUE,FALSE,2.795184589682424
Benin,BEN,1986,665,TRUE,FALSE,2.823474229170301
Benin,BEN,1987,518,TRUE,FALSE,2.7151673578484576
Benin,BEN,1988,217,TRUE,FALSE,2.3384564936046046
Benin,BEN,1989,385,TRUE,FALSE,2.586587304671755
Benin,BEN,1990,567,TRUE,FALSE,2.754348335711019
Benin,BEN,1991,126,TRUE,FALSE,2.103803720955957
Benin,BEN,1992,623,TRUE,FALSE,2.795184589682424
Benin,BEN,1993,119,TRUE,FALSE,2.0791812460476247
Benin,BEN,1994,399,TRUE,FALSE,2.6020599913279625
Benin,BEN,1995,49,TRUE,FALSE,1.6989700043360187
Benin,BEN,1996,7,TRUE,FALSE,0.9030899869919435
Benin,BEN,1997,3,TRUE,FALSE,0.6020599913279624
Benin,BEN,1998,9,TRUE,FALSE,1
Benin,BEN,1999,41,TRUE,FALSE,1.6232492903979006
Benin,BEN,2000,1,TRUE,FALSE,0.3010299956639812
Benin,BEN,2001,0,FALSE,TRUE,0
Benin,BEN,2002,0,FALSE,TRUE,0
Benin,BEN,2003,2,TRUE,FALSE,0.47712125471966244
Benin,BEN,2004,7,TRUE,FALSE,0.9030899869919435
Benin,BEN,2005,0,FALSE,TRUE,0
Benin,BEN,2006,0,FALSE,TRUE,0
Benin,BEN,2007,0,FALSE,TRUE,0
Benin,BEN,2008,7,TRUE,FALSE,0.9030899869919435
Benin,BEN,2009,22,TRUE,FALSE,1.3617278360175928
Benin,BEN,2010,0,FALSE,TRUE,0
Benin,BEN,2011,0,FALSE,TRUE,0
Benin,BEN,2012,0,FALSE,TRUE,0
Benin,BEN,2013,0,FALSE,TRUE,0
Benin,BEN,2014,0,FALSE,TRUE,0
Benin,BEN,2015,0,FALSE,TRUE,0
Benin,BEN,2016,0,FALSE,TRUE,0
Benin,BEN,2017,0,FALSE,TRUE,0
Benin,BEN,2018,0,FALSE,TRUE,0
Benin,BEN,2019,9,TRUE,FALSE,1
Benin,BEN,2020,3,TRUE,FALSE,0.6020599913279624
Bhutan,BTN,1980,42,TRUE,FALSE,1.6334684555795864
Bhutan,BTN,1981,0,FALSE,TRUE,0
Bhutan,BTN,1982,0,FALSE,TRUE,0
Bhutan,BTN,1984,49,TRUE,FALSE,1.6989700043360187
Bhutan,BTN,1985,14,TRUE,FALSE,1.1760912590556813
Bhutan,BTN,1986,42,TRUE,FALSE,1.6334684555795864
Bhutan,BTN,1987,0,FALSE,TRUE,0
Bhutan,BTN,1988,252,TRUE,FALSE,2.403120521175818
Bhutan,BTN,1989,0,FALSE,TRUE,0
Bhutan,BTN,1990,0,FALSE,TRUE,0
Bhutan,BTN,1991,0,FALSE,TRUE,0
Bhutan,BTN,1992,0,FALSE,TRUE,0
Bhutan,BTN,1993,0,FALSE,TRUE,0
Bhutan,BTN,1994,0,FALSE,TRUE,0
Bhutan,BTN,1995,0,FALSE,TRUE,0
Bhutan,BTN,1997,0,FALSE,TRUE,0
Bhutan,BTN,1998,2,TRUE,FALSE,0.47712125471966244
Bhutan,BTN,1999,0,FALSE,TRUE,0
Bhutan,BTN,2000,0,FALSE,TRUE,0
Bhutan,BTN,2001,0,FALSE,TRUE,0
Bhutan,BTN,2002,0,FALSE,TRUE,0
Bhutan,BTN,2003,0,FALSE,TRUE,0
Bhutan,BTN,2004,0,FALSE,TRUE,0
Bhutan,BTN,2005,0,FALSE,TRUE,0
Bhutan,BTN,2006,0,FALSE,TRUE,0
Bhutan,BTN,2007,0,FALSE,TRUE,0
Bhutan,BTN,2008,0,FALSE,TRUE,0
Bhutan,BTN,2009,0,FALSE,TRUE,0
Bhutan,BTN,2010,0,FALSE,TRUE,0
Bhutan,BTN,2011,0,FALSE,TRUE,0
Bhutan,BTN,2012,0,FALSE,TRUE,0
Bhutan,BTN,2013,0,FALSE,TRUE,0
Bhutan,BTN,2014,0,FALSE,TRUE,0
Bhutan,BTN,2015,0,FALSE,TRUE,0
Bhutan,BTN,2016,0,FALSE,TRUE,0
Bhutan,BTN,2017,0,FALSE,TRUE,0
Bhutan,BTN,2018,0,FALSE,TRUE,0
Bhutan,BTN,2019,0,FALSE,TRUE,0
Bhutan,BTN,2020,0,FALSE,TRUE,0
Bolivia,BOL,1980,336,TRUE,FALSE,2.5276299008713385
Bolivia,BOL,1981,63,TRUE,FALSE,1.806179973983887
Bolivia,BOL,1982,70,TRUE,FALSE,1.8512583487190752
Bolivia,BOL,1983,49,TRUE,FALSE,1.6989700043360187
Bolivia,BOL,1984,0,FALSE,TRUE,0
Bolivia,BOL,1985,0,FALSE,TRUE,0
Bolivia,BOL,1986,28,TRUE,FALSE,1.462397997898956
Bolivia,BOL,1987,49,TRUE,FALSE,1.6989700043360187
Bolivia,BOL,1988,7,TRUE,FALSE,0.9030899869919435
Bolivia,BOL,1989,14,TRUE,FALSE,1.1760912590556813
Bolivia,BOL,1990,0,FALSE,TRUE,0
Bolivia,BOL,1991,0,FALSE,TRUE,0
Bolivia,BOL,1992,0,FALSE,TRUE,0
Bolivia,BOL,1993,0,FALSE,TRUE,0
Bolivia,BOL,1994,0,FALSE,TRUE,0
Bolivia,BOL,1995,0,FALSE,TRUE,0
Bolivia,BOL,1996,0,FALSE,TRUE,0
Bolivia,BOL,1997,0,FALSE,TRUE,0
Bolivia,BOL,1998,0,FALSE,TRUE,0
Bolivia,BOL,1999,0,FALSE,TRUE,0
Bolivia,BOL,2000,0,FALSE,TRUE,0
Bolivia,BOL,2001,0,FALSE,TRUE,0
Bolivia,BOL,2002,0,FALSE,TRUE,0
Bolivia,BOL,2003,0,FALSE,TRUE,0
Bolivia,BOL,2004,0,FALSE,TRUE,0
Bolivia,BOL,2005,0,FALSE,TRUE,0
Bolivia,BOL,2006,0,FALSE,TRUE,0
Bolivia,BOL,2007,0,FALSE,TRUE,0
Bolivia,BOL,2008,0,FALSE,TRUE,0
Bolivia,BOL,2009,0,FALSE,TRUE,0
Bolivia,BOL,2010,0,FALSE,TRUE,0
Bolivia,BOL,2011,0,FALSE,TRUE,0
Bolivia,BOL,2012,0,FALSE,TRUE,0
Bolivia,BOL,2013,0,FALSE,TRUE,0
Bolivia,BOL,2014,0,FALSE,TRUE,0
Bolivia,BOL,2015,0,FALSE,TRUE,0
Bolivia,BOL,2016,0,FALSE,TRUE,0
Bolivia,BOL,2017,0,FALSE,TRUE,0
Bolivia,BOL,2018,0,FALSE,TRUE,0
Bolivia,BOL,2019,0,FALSE,TRUE,0
Bolivia,BOL,2020,0,FALSE,TRUE,0
Bosnia and Herzegovina,BIH,1991,0,FALSE,TRUE,0
Bosnia and Herzegovina,BIH,1992,0,FALSE,TRUE,0
Bosnia and Herzegovina,BIH,1993,0,FALSE,TRUE,0
Bosnia and Herzegovina,BIH,1994,0,FALSE,TRUE,0
Bosnia and Herzegovina,BIH,1995,0,FALSE,TRUE,0
Bosnia and Herzegovina,BIH,1996,0,FALSE,TRUE,0
Bosnia and Herzegovina,BIH,1997,0,FALSE,TRUE,0
Bosnia and Herzegovina,BIH,1998,0,FALSE,TRUE,0
Bosnia and Herzegovina,BIH,1999,0,FALSE,TRUE,0
Bosnia and Herzegovina,BIH,2000,0,FALSE,TRUE,0
Bosnia and Herzegovina,BIH,2001,0,FALSE,TRUE,0
Bosnia and Herzegovina,BIH,2002,0,FALSE,TRUE,0
Bosnia and Herzegovina,BIH,2003,0,FALSE,TRUE,0
Bosnia and Herzegovina,BIH,2004,0,FALSE,TRUE,0
Bosnia and Herzegovina,BIH,2005,0,FALSE,TRUE,0
Bosnia and Herzegovina,BIH,2006,0,FALSE,TRUE,0
Bosnia and Herzegovina,BIH,2007,0,FALSE,TRUE,0
Bosnia and Herzegovina,BIH,2008,0,FALSE,TRUE,0
Bosnia and Herzegovina,BIH,2009,0,FALSE,TRUE,0
Bosnia and Herzegovina,BIH,2010,0,FALSE,TRUE,0
Bosnia and Herzegovina,BIH,2011,0,FALSE,TRUE,0
Bosnia and Herzegovina,BIH,2012,0,FALSE,TRUE,0
Bosnia and Herzegovina,BIH,2013,0,FALSE,TRUE,0
Bosnia and Herzegovina,BIH,2014,0,FALSE,TRUE,0
Bosnia and Herzegovina,BIH,2015,0,FALSE,TRUE,0
Bosnia and Herzegovina,BIH,2016,0,FALSE,TRUE,0
Bosnia and Herzegovina,BIH,2017,0,FALSE,TRUE,0
Bosnia and Herzegovina,BIH,2018,0,FALSE,TRUE,0
Bosnia and Herzegovina,BIH,2019,0,FALSE,TRUE,0
Bosnia and Herzegovina,BIH,2020,0,FALSE,TRUE,0
Botswana,BWA,1980,7,TRUE,FALSE,0.9030899869919435
Botswana,BWA,1981,7,TRUE,FALSE,0.9030899869919435
Botswana,BWA,1982,28,TRUE,FALSE,1.462397997898956
Botswana,BWA,1983,14,TRUE,FALSE,1.1760912590556813
Botswana,BWA,1984,35,TRUE,FALSE,1.5563025007672873
Botswana,BWA,1985,21,TRUE,FALSE,1.3424226808222062
Botswana,BWA,1986,14,TRUE,FALSE,1.1760912590556813
Botswana,BWA,1987,7,TRUE,FALSE,0.9030899869919435
Botswana,BWA,1988,0,FALSE,TRUE,0
Botswana,BWA,1989,7,TRUE,FALSE,0.9030899869919435
Botswana,BWA,1990,0,FALSE,TRUE,0
Botswana,BWA,1991,0,FALSE,TRUE,0
Botswana,BWA,1992,0,FALSE,TRUE,0
Botswana,BWA,1993,0,FALSE,TRUE,0
Botswana,BWA,1994,0,FALSE,TRUE,0
Botswana,BWA,1995,0,FALSE,TRUE,0
Botswana,BWA,1996,0,FALSE,TRUE,0
Botswana,BWA,1997,3,TRUE,FALSE,0.6020599913279624
Botswana,BWA,1998,0,FALSE,TRUE,0
Botswana,BWA,1999,0,FALSE,TRUE,0
Botswana,BWA,2000,0,FALSE,TRUE,0
Botswana,BWA,2001,0,FALSE,TRUE,0
Botswana,BWA,2002,0,FALSE,TRUE,0
Botswana,BWA,2003,0,FALSE,TRUE,0
Botswana,BWA,2004,1,TRUE,FALSE,0.3010299956639812
Botswana,BWA,2005,0,FALSE,TRUE,0
Botswana,BWA,2006,0,FALSE,TRUE,0
Botswana,BWA,2007,0,FALSE,TRUE,0
Botswana,BWA,2008,0,FALSE,TRUE,0
Botswana,BWA,2009,0,FALSE,TRUE,0
Botswana,BWA,2010,0,FALSE,TRUE,0
Botswana,BWA,2011,0,FALSE,TRUE,0
Botswana,BWA,2012,0,FALSE,TRUE,0
Botswana,BWA,2013,0,FALSE,TRUE,0
Botswana,BWA,2014,0,FALSE,TRUE,0
Botswana,BWA,2015,0,FALSE,TRUE,0
Botswana,BWA,2016,0,FALSE,TRUE,0
Botswana,BWA,2017,0,FALSE,TRUE,0
Botswana,BWA,2018,0,FALSE,TRUE,0
Botswana,BWA,2019,0,FALSE,TRUE,0
Botswana,BWA,2020,0,FALSE,TRUE,0
Brazil,BRA,1980,9394,TRUE,FALSE,3.9728967844365446
Brazil,BRA,1981,854,TRUE,FALSE,2.931966114728173
Brazil,BRA,1982,483,TRUE,FALSE,2.6848453616444123
Brazil,BRA,1983,315,TRUE,FALSE,2.499687082618404
Brazil,BRA,1984,574,TRUE,FALSE,2.7596678446896306
Brazil,BRA,1985,2303,TRUE,FALSE,3.3624824747511743
Brazil,BRA,1986,4284,TRUE,FALSE,3.631950826259217
Brazil,BRA,1987,1379,TRUE,FALSE,3.1398790864012365
Brazil,BRA,1988,749,TRUE,FALSE,2.8750612633917
Brazil,BRA,1989,175,TRUE,FALSE,2.24551266781415
Brazil,BRA,1990,0,FALSE,TRUE,0
Brazil,BRA,1991,0,FALSE,TRUE,0
Brazil,BRA,1992,0,FALSE,TRUE,0
Brazil,BRA,1993,0,FALSE,TRUE,0
Brazil,BRA,1994,0,FALSE,TRUE,0
Brazil,BRA,1995,0,FALSE,TRUE,0
Brazil,BRA,1996,0,FALSE,TRUE,0
Brazil,BRA,1997,0,FALSE,TRUE,0
Brazil,BRA,1998,0,FALSE,TRUE,0
Brazil,BRA,1999,0,FALSE,TRUE,0
Brazil,BRA,2000,0,FALSE,TRUE,0
Brazil,BRA,2001,0,FALSE,TRUE,0
Brazil,BRA,2002,0,FALSE,TRUE,0
Brazil,BRA,2003,0,FALSE,TRUE,0
Brazil,BRA,2004,0,FALSE,TRUE,0
Brazil,BRA,2005,0,FALSE,TRUE,0
Brazil,BRA,2006,0,FALSE,TRUE,0
Brazil,BRA,2007,0,FALSE,TRUE,0
Brazil,BRA,2008,0,FALSE,TRUE,0
Brazil,BRA,2009,0,FALSE,TRUE,0
Brazil,BRA,2010,0,FALSE,TRUE,0
Brazil,BRA,2011,0,FALSE,TRUE,0
Brazil,BRA,2012,0,FALSE,TRUE,0
Brazil,BRA,2013,0,FALSE,TRUE,0
Brazil,BRA,2014,0,FALSE,TRUE,0
Brazil,BRA,2015,0,FALSE,TRUE,0
Brazil,BRA,2016,0,FALSE,TRUE,0
Brazil,BRA,2017,0,FALSE,TRUE,0
Brazil,BRA,2018,0,FALSE,TRUE,0
Brazil,BRA,2019,0,FALSE,TRUE,0
Brazil,BRA,2020,0,FALSE,TRUE,0
Brunei,BRN,1980,0,FALSE,TRUE,0
Brunei,BRN,1981,0,FALSE,TRUE,0
Brunei,BRN,1982,0,FALSE,TRUE,0
Brunei,BRN,1983,0,FALSE,TRUE,0
Brunei,BRN,1984,0,FALSE,TRUE,0
Brunei,BRN,1985,0,FALSE,TRUE,0
Brunei,BRN,1986,0,FALSE,TRUE,0
Brunei,BRN,1987,0,FALSE,TRUE,0
Brunei,BRN,1988,0,FALSE,TRUE,0
Brunei,BRN,1989,0,FALSE,TRUE,0
Brunei,BRN,1990,0,FALSE,TRUE,0
Brunei,BRN,1991,0,FALSE,TRUE,0
Brunei,BRN,1992,0,FALSE,TRUE,0
Brunei,BRN,1993,0,FALSE,TRUE,0
Brunei,BRN,1994,0,FALSE,TRUE,0
Brunei,BRN,1995,0,FALSE,TRUE,0
Brunei,BRN,1996,0,FALSE,TRUE,0
Brunei,BRN,1997,0,FALSE,TRUE,0
Brunei,BRN,1998,0,FALSE,TRUE,0
Brunei,BRN,1999,0,FALSE,TRUE,0
Brunei,BRN,2000,0,FALSE,TRUE,0
Brunei,BRN,2001,0,FALSE,TRUE,0
Brunei,BRN,2002,0,FALSE,TRUE,0
Brunei,BRN,2003,0,FALSE,TRUE,0
Brunei,BRN,2004,0,FALSE,TRUE,0
Brunei,BRN,2005,0,FALSE,TRUE,0
Brunei,BRN,2006,0,FALSE,TRUE,0
Brunei,BRN,2007,0,FALSE,TRUE,0
Brunei,BRN,2008,0,FALSE,TRUE,0
Brunei,BRN,2009,0,FALSE,TRUE,0
Brunei,BRN,2010,0,FALSE,TRUE,0
Brunei,BRN,2011,0,FALSE,TRUE,0
Brunei,BRN,2012,0,FALSE,TRUE,0
Brunei,BRN,2013,0,FALSE,TRUE,0
Brunei,BRN,2014,0,FALSE,TRUE,0
Brunei,BRN,2015,0,FALSE,TRUE,0
Brunei,BRN,2016,0,FALSE,TRUE,0
Brunei,BRN,2017,0,FALSE,TRUE,0
Brunei,BRN,2018,0,FALSE,TRUE,0
Brunei,BRN,2019,0,FALSE,TRUE,0
Brunei,BRN,2020,0,FALSE,TRUE,0
Bulgaria,BGR,1980,105,TRUE,FALSE,2.0253058652647704
Bulgaria,BGR,1981,0,FALSE,TRUE,0
Bulgaria,BGR,1982,7,TRUE,FALSE,0.9030899869919435
Bulgaria,BGR,1983,7,TRUE,FALSE,0.9030899869919435
Bulgaria,BGR,1984,7,TRUE,FALSE,0.9030899869919435
Bulgaria,BGR,1985,0,FALSE,TRUE,0
Bulgaria,BGR,1986,0,FALSE,TRUE,0
Bulgaria,BGR,1987,0,FALSE,TRUE,0
Bulgaria,BGR,1988,0,FALSE,TRUE,0
Bulgaria,BGR,1989,7,TRUE,FALSE,0.9030899869919435
Bulgaria,BGR,1990,0,FALSE,TRUE,0
Bulgaria,BGR,1991,322,TRUE,FALSE,2.509202522331103
Bulgaria,BGR,1992,0,FALSE,TRUE,0
Bulgaria,BGR,1993,0,FALSE,TRUE,0
Bulgaria,BGR,1994,0,FALSE,TRUE,0
Bulgaria,BGR,1995,0,FALSE,TRUE,0
Bulgaria,BGR,1996,0,FALSE,TRUE,0
Bulgaria,BGR,1997,0,FALSE,TRUE,0
Bulgaria,BGR,1998,0,FALSE,TRUE,0
Bulgaria,BGR,1999,0,FALSE,TRUE,0
Bulgaria,BGR,2000,0,FALSE,TRUE,0
Bulgaria,BGR,2001,2,TRUE,FALSE,0.47712125471966244
Bulgaria,BGR,2002,0,FALSE,TRUE,0
Bulgaria,BGR,2003,0,FALSE,TRUE,0
Bulgaria,BGR,2004,0,FALSE,TRUE,0
Bulgaria,BGR,2005,0,FALSE,TRUE,0
Bulgaria,BGR,2006,0,FALSE,TRUE,0
Bulgaria,BGR,2007,0,FALSE,TRUE,0
Bulgaria,BGR,2008,0,FALSE,TRUE,0
Bulgaria,BGR,2009,0,FALSE,TRUE,0
Bulgaria,BGR,2010,0,FALSE,TRUE,0
Bulgaria,BGR,2011,0,FALSE,TRUE,0
Bulgaria,BGR,2012,0,FALSE,TRUE,0
Bulgaria,BGR,2013,0,FALSE,TRUE,0
Bulgaria,BGR,2014,0,FALSE,TRUE,0
Bulgaria,BGR,2015,0,FALSE,TRUE,0
Bulgaria,BGR,2016,0,FALSE,TRUE,0
Bulgaria,BGR,2017,0,FALSE,TRUE,0
Bulgaria,BGR,2018,0,FALSE,TRUE,0
Bulgaria,BGR,2019,0,FALSE,TRUE,0
Bulgaria,BGR,2020,0,FALSE,TRUE,0
Burkina Faso,BFA,1980,1015,TRUE,FALSE,3.0068937079479006
Burkina Faso,BFA,1981,896,TRUE,FALSE,2.952792443044092
Burkina Faso,BFA,1982,840,TRUE,FALSE,2.924795995797912
Burkina Faso,BFA,1983,924,TRUE,FALSE,2.9661417327390325
Burkina Faso,BFA,1984,735,TRUE,FALSE,2.866877814337499
Burkina Faso,BFA,1985,861,TRUE,FALSE,2.9355072658247128
Burkina Faso,BFA,1986,665,TRUE,FALSE,2.823474229170301
Burkina Faso,BFA,1987,350,TRUE,FALSE,2.545307116465824
Burkina Faso,BFA,1988,147,TRUE,FALSE,2.1702617153949575
Burkina Faso,BFA,1989,308,TRUE,FALSE,2.4899584794248346
Burkina Faso,BFA,1990,126,TRUE,FALSE,2.103803720955957
Burkina Faso,BFA,1991,105,TRUE,FALSE,2.0253058652647704
Burkina Faso,BFA,1992,28,TRUE,FALSE,1.462397997898956
Burkina Faso,BFA,1993,21,TRUE,FALSE,1.3424226808222062
Burkina Faso,BFA,1994,35,TRUE,FALSE,1.5563025007672873
Burkina Faso,BFA,1995,84,TRUE,FALSE,1.9294189257142926
Burkina Faso,BFA,1996,0,FALSE,TRUE,0
Burkina Faso,BFA,1997,3,TRUE,FALSE,0.6020599913279624
Burkina Faso,BFA,1998,7,TRUE,FALSE,0.9030899869919435
Burkina Faso,BFA,1999,6,TRUE,FALSE,0.8450980400142568
Burkina Faso,BFA,2000,0,FALSE,TRUE,0
Burkina Faso,BFA,2001,0,FALSE,TRUE,0
Burkina Faso,BFA,2002,1,TRUE,FALSE,0.3010299956639812
Burkina Faso,BFA,2003,12,TRUE,FALSE,1.1139433523068367
Burkina Faso,BFA,2004,10,TRUE,FALSE,1.0413926851582251
Burkina Faso,BFA,2005,0,FALSE,TRUE,0
Burkina Faso,BFA,2006,0,FALSE,TRUE,0
Burkina Faso,BFA,2007,0,FALSE,TRUE,0
Burkina Faso,BFA,2008,7,TRUE,FALSE,0.9030899869919435
Burkina Faso,BFA,2009,17,TRUE,FALSE,1.255272505103306
Burkina Faso,BFA,2010,0,FALSE,TRUE,0
Burkina Faso,BFA,2011,0,FALSE,TRUE,0
Burkina Faso,BFA,2012,0,FALSE,TRUE,0
Burkina Faso,BFA,2013,0,FALSE,TRUE,0
Burkina Faso,BFA,2014,0,FALSE,TRUE,0
Burkina Faso,BFA,2015,0,FALSE,TRUE,0
Burkina Faso,BFA,2016,0,FALSE,TRUE,0
Burkina Faso,BFA,2017,0,FALSE,TRUE,0
Burkina Faso,BFA,2018,0,FALSE,TRUE,0
Burkina Faso,BFA,2019,1,TRUE,FALSE,0.3010299956639812
Burkina Faso,BFA,2020,130,TRUE,FALSE,2.1172712956557644
Burundi,BDI,1980,301,TRUE,FALSE,2.4800069429571505
Burundi,BDI,1981,714,TRUE,FALSE,2.8543060418010806
Burundi,BDI,1982,224,TRUE,FALSE,2.3521825181113627
Burundi,BDI,1983,259,TRUE,FALSE,2.4149733479708178
Burundi,BDI,1984,322,TRUE,FALSE,2.509202522331103
Burundi,BDI,1985,175,TRUE,FALSE,2.24551266781415
Burundi,BDI,1986,154,TRUE,FALSE,2.1903316981702914
Burundi,BDI,1987,63,TRUE,FALSE,1.806179973983887
Burundi,BDI,1988,84,TRUE,FALSE,1.9294189257142926
Burundi,BDI,1989,154,TRUE,FALSE,2.1903316981702914
Burundi,BDI,1990,70,TRUE,FALSE,1.8512583487190752
Burundi,BDI,1991,49,TRUE,FALSE,1.6989700043360187
Burundi,BDI,1992,91,TRUE,FALSE,1.9637878273455553
Burundi,BDI,1993,35,TRUE,FALSE,1.5563025007672873
Burundi,BDI,1994,301,TRUE,FALSE,2.4800069429571505
Burundi,BDI,1995,70,TRUE,FALSE,1.8512583487190752
Burundi,BDI,1996,30,TRUE,FALSE,1.4913616938342726
Burundi,BDI,1997,0,FALSE,TRUE,0
Burundi,BDI,1998,0,FALSE,TRUE,0
Burundi,BDI,1999,1,TRUE,FALSE,0.3010299956639812
Burundi,BDI,2000,0,FALSE,TRUE,0
Burundi,BDI,2001,0,FALSE,TRUE,0
Burundi,BDI,2002,0,FALSE,TRUE,0
Burundi,BDI,2003,0,FALSE,TRUE,0
Burundi,BDI,2004,0,FALSE,TRUE,0
Burundi,BDI,2005,0,FALSE,TRUE,0
Burundi,BDI,2006,0,FALSE,TRUE,0
Burundi,BDI,2007,0,FALSE,TRUE,0
Burundi,BDI,2008,0,FALSE,TRUE,0
Burundi,BDI,2009,2,TRUE,FALSE,0.47712125471966244
Burundi,BDI,2010,0,FALSE,TRUE,0
Burundi,BDI,2011,0,FALSE,TRUE,0
Burundi,BDI,2012,0,FALSE,TRUE,0
Burundi,BDI,2013,0,FALSE,TRUE,0
Burundi,BDI,2014,0,FALSE,TRUE,0
Burundi,BDI,2015,0,FALSE,TRUE,0
Burundi,BDI,2016,0,FALSE,TRUE,0
Burundi,BDI,2017,0,FALSE,TRUE,0
Burundi,BDI,2018,0,FALSE,TRUE,0
Burundi,BDI,2019,0,FALSE,TRUE,0
Burundi,BDI,2020,0,FALSE,TRUE,0
Cambodia,KHM,1980,4137,TRUE,FALSE,3.616790486329716
Cambodia,KHM,1981,3976,TRUE,FALSE,3.59955559098598
Cambodia,KHM,1982,5705,TRUE,FALSE,3.7563317673210577
Cambodia,KHM,1983,910,TRUE,FALSE,2.9595183769729982
Cambodia,KHM,1984,6818,TRUE,FALSE,3.833720690444633
Cambodia,KHM,1985,6517,TRUE,FALSE,3.8141143561291253
Cambodia,KHM,1986,4396,TRUE,FALSE,3.643156465619706
Cambodia,KHM,1987,2142,TRUE,FALSE,3.3310221710418286
Cambodia,KHM,1988,728,TRUE,FALSE,2.8627275283179747
Cambodia,KHM,1989,1253,TRUE,FALSE,3.0982975364946976
Cambodia,KHM,1990,441,TRUE,FALSE,2.645422269349092
Cambodia,KHM,1991,588,TRUE,FALSE,2.7701152947871015
Cambodia,KHM,1992,1022,TRUE,FALSE,3.00987563371216
Cambodia,KHM,1993,945,TRUE,FALSE,2.975891136401793
Cambodia,KHM,1994,2079,TRUE,FALSE,3.3180633349627615
Cambodia,KHM,1995,910,TRUE,FALSE,2.9595183769729982
Cambodia,KHM,1996,93,TRUE,FALSE,1.9731278535996986
Cambodia,KHM,1997,9,TRUE,FALSE,1
Cambodia,KHM,1998,0,FALSE,TRUE,0
Cambodia,KHM,1999,0,FALSE,TRUE,0
Cambodia,KHM,2000,0,FALSE,TRUE,0
Cambodia,KHM,2001,0,FALSE,TRUE,0
Cambodia,KHM,2002,0,FALSE,TRUE,0
Cambodia,KHM,2003,0,FALSE,TRUE,0
Cambodia,KHM,2004,0,FALSE,TRUE,0
Cambodia,KHM,2005,2,TRUE,FALSE,0.47712125471966244
Cambodia,KHM,2006,2,TRUE,FALSE,0.47712125471966244
Cambodia,KHM,2007,0,FALSE,TRUE,0
Cambodia,KHM,2008,0,FALSE,TRUE,0
Cambodia,KHM,2009,0,FALSE,TRUE,0
Cambodia,KHM,2010,0,FALSE,TRUE,0
Cambodia,KHM,2011,0,FALSE,TRUE,0
Cambodia,KHM,2012,0,FALSE,TRUE,0
Cambodia,KHM,2013,0,FALSE,TRUE,0
Cambodia,KHM,2014,0,FALSE,TRUE,0
Cambodia,KHM,2015,0,FALSE,TRUE,0
Cambodia,KHM,2016,0,FALSE,TRUE,0
Cambodia,KHM,2017,0,FALSE,TRUE,0
Cambodia,KHM,2018,0,FALSE,TRUE,0
Cambodia,KHM,2019,0,FALSE,TRUE,0
Cambodia,KHM,2020,0,FALSE,TRUE,0
Cameroon,CMR,1980,1785,TRUE,FALSE,3.2518814545525276
Cameroon,CMR,1981,2331,TRUE,FALSE,3.3677285460869766
Cameroon,CMR,1982,1610,TRUE,FALSE,3.207095540419218
Cameroon,CMR,1983,1057,TRUE,FALSE,3.024485667699167
Cameroon,CMR,1984,959,TRUE,FALSE,2.9822712330395684
Cameroon,CMR,1985,938,TRUE,FALSE,2.972665592266111
Cameroon,CMR,1986,749,TRUE,FALSE,2.8750612633917
Cameroon,CMR,1987,385,TRUE,FALSE,2.586587304671755
Cameroon,CMR,1988,861,TRUE,FALSE,2.9355072658247128
Cameroon,CMR,1989,301,TRUE,FALSE,2.4800069429571505
Cameroon,CMR,1990,266,TRUE,FALSE,2.4265112613645754
Cameroon,CMR,1991,525,TRUE,FALSE,2.7209857441537393
Cameroon,CMR,1992,259,TRUE,FALSE,2.4149733479708178
Cameroon,CMR,1993,210,TRUE,FALSE,2.3242824552976926
Cameroon,CMR,1994,84,TRUE,FALSE,1.9294189257142926
Cameroon,CMR,1995,56,TRUE,FALSE,1.7558748556724915
Cameroon,CMR,1996,57,TRUE,FALSE,1.7634279935629373
Cameroon,CMR,1997,23,TRUE,FALSE,1.380211241711606
Cameroon,CMR,1998,18,TRUE,FALSE,1.2787536009528289
Cameroon,CMR,1999,1,TRUE,FALSE,0.3010299956639812
Cameroon,CMR,2000,0,FALSE,TRUE,0
Cameroon,CMR,2001,0,FALSE,TRUE,0
Cameroon,CMR,2002,0,FALSE,TRUE,0
Cameroon,CMR,2003,4,TRUE,FALSE,0.6989700043360189
Cameroon,CMR,2004,26,TRUE,FALSE,1.4313637641589874
Cameroon,CMR,2005,1,TRUE,FALSE,0.3010299956639812
Cameroon,CMR,2006,2,TRUE,FALSE,0.47712125471966244
Cameroon,CMR,2007,0,FALSE,TRUE,0
Cameroon,CMR,2008,0,FALSE,TRUE,0
Cameroon,CMR,2009,3,TRUE,FALSE,0.6020599913279624
Cameroon,CMR,2010,0,FALSE,TRUE,0
Cameroon,CMR,2011,0,FALSE,TRUE,0
Cameroon,CMR,2012,0,FALSE,TRUE,0
Cameroon,CMR,2013,9,TRUE,FALSE,1
Cameroon,CMR,2014,10,TRUE,FALSE,1.0413926851582251
Cameroon,CMR,2015,0,FALSE,TRUE,0
Cameroon,CMR,2016,0,FALSE,TRUE,0
Cameroon,CMR,2017,0,FALSE,TRUE,0
Cameroon,CMR,2018,0,FALSE,TRUE,0
Cameroon,CMR,2019,0,FALSE,TRUE,0
Cameroon,CMR,2020,14,TRUE,FALSE,1.1760912590556813
Canada,CAN,1980,0,FALSE,TRUE,0
Canada,CAN,1981,0,FALSE,TRUE,0
Canada,CAN,1982,0,FALSE,TRUE,0
Canada,CAN,1983,0,FALSE,TRUE,0
Canada,CAN,1984,7,TRUE,FALSE,0.9030899869919435
Canada,CAN,1985,7,TRUE,FALSE,0.9030899869919435
Canada,CAN,1986,0,FALSE,TRUE,0
Canada,CAN,1987,0,FALSE,TRUE,0
Canada,CAN,1988,21,TRUE,FALSE,1.3424226808222062
Canada,CAN,1989,0,FALSE,TRUE,0
Canada,CAN,1990,0,FALSE,TRUE,0
Canada,CAN,1991,0,FALSE,TRUE,0
Canada,CAN,1992,0,FALSE,TRUE,0
Canada,CAN,1993,0,FALSE,TRUE,0
Canada,CAN,1994,0,FALSE,TRUE,0
Canada,CAN,1995,0,FALSE,TRUE,0
Canada,CAN,1996,0,FALSE,TRUE,0
Canada,CAN,1997,0,FALSE,TRUE,0
Canada,CAN,1998,0,FALSE,TRUE,0
Canada,CAN,1999,0,FALSE,TRUE,0
Canada,CAN,2000,0,FALSE,TRUE,0
Canada,CAN,2001,0,FALSE,TRUE,0
Canada,CAN,2002,0,FALSE,TRUE,0
Canada,CAN,2003,0,FALSE,TRUE,0
Canada,CAN,2004,0,FALSE,TRUE,0
Canada,CAN,2005,0,FALSE,TRUE,0
Canada,CAN,2006,0,FALSE,TRUE,0
Canada,CAN,2007,0,FALSE,TRUE,0
Canada,CAN,2008,0,FALSE,TRUE,0
Canada,CAN,2009,0,FALSE,TRUE,0
Canada,CAN,2010,0,FALSE,TRUE,0
Canada,CAN,2011,0,FALSE,TRUE,0
Canada,CAN,2012,0,FALSE,TRUE,0
Canada,CAN,2013,0,FALSE,TRUE,0
Canada,CAN,2014,0,FALSE,TRUE,0
Canada,CAN,2015,0,FALSE,TRUE,0
Canada,CAN,2016,0,FALSE,TRUE,0
Canada,CAN,2017,0,FALSE,TRUE,0
Canada,CAN,2018,0,FALSE,TRUE,0
Canada,CAN,2019,0,FALSE,TRUE,0
Canada,CAN,2020,0,FALSE,TRUE,0
Cape Verde,CPV,1980,119,TRUE,FALSE,2.0791812460476247
Cape Verde,CPV,1981,70,TRUE,FALSE,1.8512583487190752
Cape Verde,CPV,1982,14,TRUE,FALSE,1.1760912590556813
Cape Verde,CPV,1983,336,TRUE,FALSE,2.5276299008713385
Cape Verde,CPV,1984,21,TRUE,FALSE,1.3424226808222062
Cape Verde,CPV,1985,42,TRUE,FALSE,1.6334684555795864
Cape Verde,CPV,1986,42,TRUE,FALSE,1.6334684555795864
Cape Verde,CPV,1987,21,TRUE,FALSE,1.3424226808222062
Cape Verde,CPV,1988,14,TRUE,FALSE,1.1760912590556813
Cape Verde,CPV,1989,0,FALSE,TRUE,0
Cape Verde,CPV,1990,0,FALSE,TRUE,0
Cape Verde,CPV,1991,0,FALSE,TRUE,0
Cape Verde,CPV,1992,0,FALSE,TRUE,0
Cape Verde,CPV,1993,0,FALSE,TRUE,0
Cape Verde,CPV,1994,0,FALSE,TRUE,0
Cape Verde,CPV,1995,0,FALSE,TRUE,0
Cape Verde,CPV,1996,0,FALSE,TRUE,0
Cape Verde,CPV,1997,0,FALSE,TRUE,0
Cape Verde,CPV,1998,0,FALSE,TRUE,0
Cape Verde,CPV,1999,0,FALSE,TRUE,0
Cape Verde,CPV,2000,62,TRUE,FALSE,1.7993405494535817
Cape Verde,CPV,2001,0,FALSE,TRUE,0
Cape Verde,CPV,2002,0,FALSE,TRUE,0
Cape Verde,CPV,2003,0,FALSE,TRUE,0
Cape Verde,CPV,2004,0,FALSE,TRUE,0
Cape Verde,CPV,2005,0,FALSE,TRUE,0
Cape Verde,CPV,2006,0,FALSE,TRUE,0
Cape Verde,CPV,2007,0,FALSE,TRUE,0
Cape Verde,CPV,2008,0,FALSE,TRUE,0
Cape Verde,CPV,2009,0,FALSE,TRUE,0
Cape Verde,CPV,2010,0,FALSE,TRUE,0
Cape Verde,CPV,2011,0,FALSE,TRUE,0
Cape Verde,CPV,2012,0,FALSE,TRUE,0
Cape Verde,CPV,2013,0,FALSE,TRUE,0
Cape Verde,CPV,2014,0,FALSE,TRUE,0
Cape Verde,CPV,2015,0,FALSE,TRUE,0
Cape Verde,CPV,2016,0,FALSE,TRUE,0
Cape Verde,CPV,2017,0,FALSE,TRUE,0
Cape Verde,CPV,2018,0,FALSE,TRUE,0
Cape Verde,CPV,2019,0,FALSE,TRUE,0
Cape Verde,CPV,2020,0,FALSE,TRUE,0
Central African Republic,CAF,1980,147,TRUE,FALSE,2.1702617153949575
Central African Republic,CAF,1981,1043,TRUE,FALSE,3.0187004986662433
Central African Republic,CAF,1982,483,TRUE,FALSE,2.6848453616444123
Central African Republic,CAF,1983,490,TRUE,FALSE,2.6910814921229687
Central African Republic,CAF,1984,1232,TRUE,FALSE,3.0909630765957314
Central African Republic,CAF,1985,441,TRUE,FALSE,2.645422269349092
Central African Republic,CAF,1986,665,TRUE,FALSE,2.823474229170301
Central African Republic,CAF,1987,364,TRUE,FALSE,2.5622928644564746
Central African Republic,CAF,1988,378,TRUE,FALSE,2.578639209968072
Central African Republic,CAF,1989,301,TRUE,FALSE,2.4800069429571505
Central African Republic,CAF,1990,196,TRUE,FALSE,2.294466226161593
Central African Republic,CAF,1991,70,TRUE,FALSE,1.8512583487190752
Central African Republic,CAF,1992,14,TRUE,FALSE,1.1760912590556813
Central African Republic,CAF,1993,77,TRUE,FALSE,1.8920946026904804
Central African Republic,CAF,1994,224,TRUE,FALSE,2.3521825181113627
Central African Republic,CAF,1995,28,TRUE,FALSE,1.462397997898956
Central African Republic,CAF,1996,3,TRUE,FALSE,0.6020599913279624
Central African Republic,CAF,1997,11,TRUE,FALSE,1.0791812460476249
Central African Republic,CAF,1998,7,TRUE,FALSE,0.9030899869919435
Central African Republic,CAF,1999,20,TRUE,FALSE,1.3222192947339193
Central African Republic,CAF,2000,3,TRUE,FALSE,0.6020599913279624
Central African Republic,CAF,2001,0,FALSE,TRUE,0
Central African Republic,CAF,2002,0,FALSE,TRUE,0
Central African Republic,CAF,2003,1,TRUE,FALSE,0.3010299956639812
Central African Republic,CAF,2004,60,TRUE,FALSE,1.7853298350107671
Central African Republic,CAF,2005,0,FALSE,TRUE,0
Central African Republic,CAF,2006,0,FALSE,TRUE,0
Central African Republic,CAF,2007,0,FALSE,TRUE,0
Central African Republic,CAF,2008,3,TRUE,FALSE,0.6020599913279624
Central African Republic,CAF,2009,16,TRUE,FALSE,1.2304489213782739
Central African Republic,CAF,2010,0,FALSE,TRUE,0
Central African Republic,CAF,2011,4,TRUE,FALSE,0.6989700043360189
Central African Republic,CAF,2012,0,FALSE,TRUE,0
Central African Republic,CAF,2013,0,FALSE,TRUE,0
Central African Republic,CAF,2014,0,FALSE,TRUE,0
Central African Republic,CAF,2015,0,FALSE,TRUE,0
Central African Republic,CAF,2016,0,FALSE,TRUE,0
Central African Republic,CAF,2017,0,FALSE,TRUE,0
Central African Republic,CAF,2018,0,FALSE,TRUE,0
Central African Republic,CAF,2019,42,TRUE,FALSE,1.6334684555795864
Central African Republic,CAF,2020,8,TRUE,FALSE,0.9542425094393249
Chad,TCD,1983,168,TRUE,FALSE,2.2278867046136734
Chad,TCD,1984,63,TRUE,FALSE,1.806179973983887
Chad,TCD,1985,315,TRUE,FALSE,2.499687082618404
Chad,TCD,1986,63,TRUE,FALSE,1.806179973983887
Chad,TCD,1994,0,FALSE,TRUE,0
Chad,TCD,1995,1344,TRUE,FALSE,3.128722284338427
Chad,TCD,1996,103,TRUE,FALSE,2.0170333392987803
Chad,TCD,1997,362,TRUE,FALSE,2.5599066250361124
Chad,TCD,1998,4,TRUE,FALSE,0.6989700043360189
Chad,TCD,1999,122,TRUE,FALSE,2.089905111439398
Chad,TCD,2000,67,TRUE,FALSE,1.8325089127062364
Chad,TCD,2001,0,FALSE,TRUE,0
Chad,TCD,2002,0,FALSE,TRUE,0
Chad,TCD,2003,50,TRUE,FALSE,1.7075701760979363
Chad,TCD,2004,48,TRUE,FALSE,1.6901960800285136
Chad,TCD,2005,2,TRUE,FALSE,0.47712125471966244
Chad,TCD,2006,1,TRUE,FALSE,0.3010299956639812
Chad,TCD,2007,24,TRUE,FALSE,1.3979400086720377
Chad,TCD,2008,41,TRUE,FALSE,1.6232492903979006
Chad,TCD,2009,71,TRUE,FALSE,1.8573324964312685
Chad,TCD,2010,30,TRUE,FALSE,1.4913616938342726
Chad,TCD,2011,147,TRUE,FALSE,2.1702617153949575
Chad,TCD,2012,19,TRUE,FALSE,1.3010299956639813
Chad,TCD,2013,3,TRUE,FALSE,0.6020599913279624
Chad,TCD,2014,0,FALSE,TRUE,0
Chad,TCD,2015,0,FALSE,TRUE,0
Chad,TCD,2016,0,FALSE,TRUE,0
Chad,TCD,2017,0,FALSE,TRUE,0
Chad,TCD,2018,0,FALSE,TRUE,0
Chad,TCD,2019,12,TRUE,FALSE,1.1139433523068367
Chad,TCD,2020,202,TRUE,FALSE,2.307496037913213
Chile,CHL,1980,0,FALSE,TRUE,0
Chile,CHL,1981,0,FALSE,TRUE,0
Chile,CHL,1982,0,FALSE,TRUE,0
Chile,CHL,1983,0,FALSE,TRUE,0
Chile,CHL,1984,0,FALSE,TRUE,0
Chile,CHL,1985,0,FALSE,TRUE,0
Chile,CHL,1986,21,TRUE,FALSE,1.3424226808222062
Chile,CHL,1987,0,FALSE,TRUE,0
Chile,CHL,1988,0,FALSE,TRUE,0
Chile,CHL,1989,0,FALSE,TRUE,0
Chile,CHL,1990,0,FALSE,TRUE,0
Chile,CHL,1991,0,FALSE,TRUE,0
Chile,CHL,1992,0,FALSE,TRUE,0
Chile,CHL,1993,0,FALSE,TRUE,0
Chile,CHL,1994,0,FALSE,TRUE,0
Chile,CHL,1995,0,FALSE,TRUE,0
Chile,CHL,1996,0,FALSE,TRUE,0
Chile,CHL,1997,0,FALSE,TRUE,0
Chile,CHL,1998,0,FALSE,TRUE,0
Chile,CHL,1999,0,FALSE,TRUE,0
Chile,CHL,2000,0,FALSE,TRUE,0
Chile,CHL,2001,0,FALSE,TRUE,0
Chile,CHL,2002,0,FALSE,TRUE,0
Chile,CHL,2003,0,FALSE,TRUE,0
Chile,CHL,2004,0,FALSE,TRUE,0
Chile,CHL,2005,0,FALSE,TRUE,0
Chile,CHL,2006,0,FALSE,TRUE,0
Chile,CHL,2007,0,FALSE,TRUE,0
Chile,CHL,2008,0,FALSE,TRUE,0
Chile,CHL,2009,0,FALSE,TRUE,0
Chile,CHL,2010,0,FALSE,TRUE,0
Chile,CHL,2011,0,FALSE,TRUE,0
Chile,CHL,2012,0,FALSE,TRUE,0
Chile,CHL,2013,0,FALSE,TRUE,0
Chile,CHL,2014,0,FALSE,TRUE,0
Chile,CHL,2015,0,FALSE,TRUE,0
Chile,CHL,2016,0,FALSE,TRUE,0
Chile,CHL,2017,0,FALSE,TRUE,0
Chile,CHL,2018,0,FALSE,TRUE,0
Chile,CHL,2019,0,FALSE,TRUE,0
Chile,CHL,2020,0,FALSE,TRUE,0
China,CHN,1980,52094,TRUE,FALSE,4.716796042366443
China,CHN,1981,67375,TRUE,FALSE,4.828505224076189
China,CHN,1982,54187,TRUE,FALSE,4.733903122132657
China,CHN,1983,23072,TRUE,FALSE,4.363104066074635
China,CHN,1984,11382,TRUE,FALSE,4.056256735850139
China,CHN,1985,10759,TRUE,FALSE,4.03181227133037
China,CHN,1986,12908,TRUE,FALSE,4.1108926008022175
China,CHN,1987,6783,TRUE,FALSE,3.8314858392486575
China,CHN,1988,4669,TRUE,FALSE,3.6693168805661123
China,CHN,1989,5132,TRUE,FALSE,3.710371264260763
China,CHN,1990,5622,TRUE,FALSE,3.749968083509403
China,CHN,1991,2138,TRUE,FALSE,3.330210784571528
China,CHN,1992,1322,TRUE,FALSE,3.1215598441875008
China,CHN,1993,4571,TRUE,FALSE,3.660106221723244
China,CHN,1994,1827,TRUE,FALSE,3.2619761913978125
China,CHN,1995,1155,TRUE,FALSE,3.0629578340845103
China,CHN,1996,3,TRUE,FALSE,0.6020599913279624
China,CHN,1997,0,FALSE,TRUE,0
China,CHN,1998,0,FALSE,TRUE,0
China,CHN,1999,1,TRUE,FALSE,0.3010299956639812
China,CHN,2000,0,FALSE,TRUE,0
China,CHN,2001,0,FALSE,TRUE,0
China,CHN,2002,0,FALSE,TRUE,0
China,CHN,2003,0,FALSE,TRUE,0
China,CHN,2004,4,TRUE,FALSE,0.6989700043360189
China,CHN,2005,0,FALSE,TRUE,0
China,CHN,2006,0,FALSE,TRUE,0
China,CHN,2007,0,FALSE,TRUE,0
China,CHN,2008,0,FALSE,TRUE,0
China,CHN,2009,0,FALSE,TRUE,0
China,CHN,2010,0,FALSE,TRUE,0
China,CHN,2011,23,TRUE,FALSE,1.380211241711606
China,CHN,2012,2,TRUE,FALSE,0.47712125471966244
China,CHN,2013,0,FALSE,TRUE,0
China,CHN,2014,0,FALSE,TRUE,0
China,CHN,2015,0,FALSE,TRUE,0
China,CHN,2016,0,FALSE,TRUE,0
China,CHN,2017,0,FALSE,TRUE,0
China,CHN,2018,0,FALSE,TRUE,0
China,CHN,2019,1,TRUE,FALSE,0.3010299956639812
China,CHN,2020,0,FALSE,TRUE,0
Colombia,COL,1980,903,TRUE,FALSE,2.9561684304753633
Colombia,COL,1981,3325,TRUE,FALSE,3.5219222448835006
Colombia,COL,1982,987,TRUE,FALSE,2.9947569445876283
Colombia,COL,1983,448,TRUE,FALSE,2.6522463410033232
Colombia,COL,1984,112,TRUE,FALSE,2.0530784434834195
Colombia,COL,1985,35,TRUE,FALSE,1.5563025007672873
Colombia,COL,1986,462,TRUE,FALSE,2.6655809910179533
Colombia,COL,1987,819,TRUE,FALSE,2.9138138523837167
Colombia,COL,1988,231,TRUE,FALSE,2.3654879848909
Colombia,COL,1989,98,TRUE,FALSE,1.99563519459755
Colombia,COL,1990,28,TRUE,FALSE,1.462397997898956
Colombia,COL,1991,56,TRUE,FALSE,1.7558748556724915
Colombia,COL,1992,0,FALSE,TRUE,0
Colombia,COL,1993,0,FALSE,TRUE,0
Colombia,COL,1994,0,FALSE,TRUE,0
Colombia,COL,1995,0,FALSE,TRUE,0
Colombia,COL,1996,0,FALSE,TRUE,0
Colombia,COL,1997,0,FALSE,TRUE,0
Colombia,COL,1998,0,FALSE,TRUE,0
Colombia,COL,1999,0,FALSE,TRUE,0
Colombia,COL,2000,0,FALSE,TRUE,0
Colombia,COL,2001,0,FALSE,TRUE,0
Colombia,COL,2002,0,FALSE,TRUE,0
Colombia,COL,2003,0,FALSE,TRUE,0
Colombia,COL,2004,0,FALSE,TRUE,0
Colombia,COL,2005,0,FALSE,TRUE,0
Colombia,COL,2006,0,FALSE,TRUE,0
Colombia,COL,2007,0,FALSE,TRUE,0
Colombia,COL,2008,0,FALSE,TRUE,0
Colombia,COL,2009,0,FALSE,TRUE,0
Colombia,COL,2010,0,FALSE,TRUE,0
Colombia,COL,2011,0,FALSE,TRUE,0
Colombia,COL,2012,0,FALSE,TRUE,0
Colombia,COL,2013,0,FALSE,TRUE,0
Colombia,COL,2014,0,FALSE,TRUE,0
Colombia,COL,2015,0,FALSE,TRUE,0
Colombia,COL,2016,0,FALSE,TRUE,0
Colombia,COL,2017,0,FALSE,TRUE,0
Colombia,COL,2018,0,FALSE,TRUE,0
Colombia,COL,2019,0,FALSE,TRUE,0
Colombia,COL,2020,0,FALSE,TRUE,0
Comoros,COM,1980,21,TRUE,FALSE,1.3424226808222062
Comoros,COM,1981,0,FALSE,TRUE,0
Comoros,COM,1982,0,FALSE,TRUE,0
Comoros,COM,1983,42,TRUE,FALSE,1.6334684555795864
Comoros,COM,1984,0,FALSE,TRUE,0
Comoros,COM,1985,0,FALSE,TRUE,0
Comoros,COM,1986,0,FALSE,TRUE,0
Comoros,COM,1987,0,FALSE,TRUE,0
Comoros,COM,1988,0,FALSE,TRUE,0
Comoros,COM,1989,0,FALSE,TRUE,0
Comoros,COM,1990,0,FALSE,TRUE,0
Comoros,COM,1991,0,FALSE,TRUE,0
Comoros,COM,1992,0,FALSE,TRUE,0
Comoros,COM,1993,0,FALSE,TRUE,0
Comoros,COM,1994,0,FALSE,TRUE,0
Comoros,COM,1995,0,FALSE,TRUE,0
Comoros,COM,1996,0,FALSE,TRUE,0
Comoros,COM,1997,0,FALSE,TRUE,0
Comoros,COM,1998,0,FALSE,TRUE,0
Comoros,COM,1999,0,FALSE,TRUE,0
Comoros,COM,2000,0,FALSE,TRUE,0
Comoros,COM,2001,0,FALSE,TRUE,0
Comoros,COM,2002,0,FALSE,TRUE,0
Comoros,COM,2003,0,FALSE,TRUE,0
Comoros,COM,2004,0,FALSE,TRUE,0
Comoros,COM,2005,0,FALSE,TRUE,0
Comoros,COM,2006,0,FALSE,TRUE,0
Comoros,COM,2007,0,FALSE,TRUE,0
Comoros,COM,2008,0,FALSE,TRUE,0
Comoros,COM,2009,0,FALSE,TRUE,0
Comoros,COM,2010,0,FALSE,TRUE,0
Comoros,COM,2011,0,FALSE,TRUE,0
Comoros,COM,2012,0,FALSE,TRUE,0
Comoros,COM,2013,0,FALSE,TRUE,0
Comoros,COM,2014,0,FALSE,TRUE,0
Comoros,COM,2015,0,FALSE,TRUE,0
Comoros,COM,2016,0,FALSE,TRUE,0
Comoros,COM,2017,0,FALSE,TRUE,0
Comoros,COM,2018,0,FALSE,TRUE,0
Comoros,COM,2019,0,FALSE,TRUE,0
Comoros,COM,2020,0,FALSE,TRUE,0
Congo,COG,1980,952,TRUE,FALSE,2.979092900638326
Congo,COG,1981,133,TRUE,FALSE,2.1271047983648077
Congo,COG,1982,63,TRUE,FALSE,1.806179973983887
Congo,COG,1983,112,TRUE,FALSE,2.0530784434834195
Congo,COG,1984,84,TRUE,FALSE,1.9294189257142926
Congo,COG,1985,42,TRUE,FALSE,1.6334684555795864
Congo,COG,1986,84,TRUE,FALSE,1.9294189257142926
Congo,COG,1987,7,TRUE,FALSE,0.9030899869919435
Congo,COG,1988,7,TRUE,FALSE,0.9030899869919435
Congo,COG,1989,0,FALSE,TRUE,0
Congo,COG,1990,0,FALSE,TRUE,0
Congo,COG,1991,0,FALSE,TRUE,0
Congo,COG,1992,0,FALSE,TRUE,0
Congo,COG,1993,0,FALSE,TRUE,0
Congo,COG,1994,0,FALSE,TRUE,0
Congo,COG,1995,0,FALSE,TRUE,0
Congo,COG,1996,0,FALSE,TRUE,0
Congo,COG,1997,0,FALSE,TRUE,0
Congo,COG,1998,0,FALSE,TRUE,0
Congo,COG,1999,11,TRUE,FALSE,1.0791812460476249
Congo,COG,2000,52,TRUE,FALSE,1.724275869600789
Congo,COG,2001,0,FALSE,TRUE,0
Congo,COG,2002,0,FALSE,TRUE,0
Congo,COG,2003,0,FALSE,TRUE,0
Congo,COG,2004,0,FALSE,TRUE,0
Congo,COG,2005,0,FALSE,TRUE,0
Congo,COG,2006,0,FALSE,TRUE,0
Congo,COG,2007,0,FALSE,TRUE,0
Congo,COG,2008,0,FALSE,TRUE,0
Congo,COG,2009,0,FALSE,TRUE,0
Congo,COG,2010,882,TRUE,FALSE,2.9459607035775686
Congo,COG,2011,1,TRUE,FALSE,0.3010299956639812
Congo,COG,2012,0,FALSE,TRUE,0
Congo,COG,2013,0,FALSE,TRUE,0
Congo,COG,2014,0,FALSE,TRUE,0
Congo,COG,2015,0,FALSE,TRUE,0
Congo,COG,2016,0,FALSE,TRUE,0
Congo,COG,2017,0,FALSE,TRUE,0
Congo,COG,2018,0,FALSE,TRUE,0
Congo,COG,2019,0,FALSE,TRUE,0
Congo,COG,2020,4,TRUE,FALSE,0.6989700043360189
Cook Islands,COK,1980,0,FALSE,TRUE,0
Cook Islands,COK,1981,0,FALSE,TRUE,0
Cook Islands,COK,1982,0,FALSE,TRUE,0
Cook Islands,COK,1983,0,FALSE,TRUE,0
Cook Islands,COK,1984,0,FALSE,TRUE,0
Cook Islands,COK,1985,0,FALSE,TRUE,0
Cook Islands,COK,1986,0,FALSE,TRUE,0
Cook Islands,COK,1987,0,FALSE,TRUE,0
Cook Islands,COK,1988,0,FALSE,TRUE,0
Cook Islands,COK,1989,0,FALSE,TRUE,0
Cook Islands,COK,1990,0,FALSE,TRUE,0
Cook Islands,COK,1991,0,FALSE,TRUE,0
Cook Islands,COK,1992,0,FALSE,TRUE,0
Cook Islands,COK,1993,0,FALSE,TRUE,0
Cook Islands,COK,1994,0,FALSE,TRUE,0
Cook Islands,COK,1995,0,FALSE,TRUE,0
Cook Islands,COK,1996,0,FALSE,TRUE,0
Cook Islands,COK,1997,0,FALSE,TRUE,0
Cook Islands,COK,1998,0,FALSE,TRUE,0
Cook Islands,COK,1999,0,FALSE,TRUE,0
Cook Islands,COK,2000,0,FALSE,TRUE,0
Cook Islands,COK,2001,0,FALSE,TRUE,0
Cook Islands,COK,2002,0,FALSE,TRUE,0
Cook Islands,COK,2003,0,FALSE,TRUE,0
Cook Islands,COK,2004,0,FALSE,TRUE,0
Cook Islands,COK,2005,0,FALSE,TRUE,0
Cook Islands,COK,2006,0,FALSE,TRUE,0
Cook Islands,COK,2007,0,FALSE,TRUE,0
Cook Islands,COK,2008,0,FALSE,TRUE,0
Cook Islands,COK,2010,0,FALSE,TRUE,0
Costa Rica,CRI,1980,0,FALSE,TRUE,0
Costa Rica,CRI,1981,0,FALSE,TRUE,0
Costa Rica,CRI,1982,0,FALSE,TRUE,0
Costa Rica,CRI,1983,0,FALSE,TRUE,0
Costa Rica,CRI,1984,0,FALSE,TRUE,0
Costa Rica,CRI,1985,0,FALSE,TRUE,0
Costa Rica,CRI,1986,0,FALSE,TRUE,0
Costa Rica,CRI,1987,0,FALSE,TRUE,0
Costa Rica,CRI,1988,0,FALSE,TRUE,0
Costa Rica,CRI,1989,0,FALSE,TRUE,0
Costa Rica,CRI,1990,0,FALSE,TRUE,0
Costa Rica,CRI,1991,0,FALSE,TRUE,0
Costa Rica,CRI,1992,0,FALSE,TRUE,0
Costa Rica,CRI,1993,0,FALSE,TRUE,0
Costa Rica,CRI,1994,0,FALSE,TRUE,0
Costa Rica,CRI,1995,0,FALSE,TRUE,0
Costa Rica,CRI,1996,0,FALSE,TRUE,0
Costa Rica,CRI,1997,0,FALSE,TRUE,0
Costa Rica,CRI,1998,0,FALSE,TRUE,0
Costa Rica,CRI,1999,0,FALSE,TRUE,0
Costa Rica,CRI,2000,0,FALSE,TRUE,0
Costa Rica,CRI,2001,0,FALSE,TRUE,0
Costa Rica,CRI,2002,0,FALSE,TRUE,0
Costa Rica,CRI,2003,0,FALSE,TRUE,0
Costa Rica,CRI,2004,0,FALSE,TRUE,0
Costa Rica,CRI,2005,0,FALSE,TRUE,0
Costa Rica,CRI,2006,0,FALSE,TRUE,0
Costa Rica,CRI,2007,0,FALSE,TRUE,0
Costa Rica,CRI,2008,0,FALSE,TRUE,0
Costa Rica,CRI,2009,0,FALSE,TRUE,0
Costa Rica,CRI,2010,0,FALSE,TRUE,0
Costa Rica,CRI,2011,0,FALSE,TRUE,0
Costa Rica,CRI,2012,0,FALSE,TRUE,0
Costa Rica,CRI,2013,0,FALSE,TRUE,0
Costa Rica,CRI,2014,0,FALSE,TRUE,0
Costa Rica,CRI,2015,0,FALSE,TRUE,0
Costa Rica,CRI,2016,0,FALSE,TRUE,0
Costa Rica,CRI,2017,0,FALSE,TRUE,0
Costa Rica,CRI,2018,0,FALSE,TRUE,0
Costa Rica,CRI,2019,0,FALSE,TRUE,0
Costa Rica,CRI,2020,0,FALSE,TRUE,0
Cote d'Ivoire,CIV,1980,329,TRUE,FALSE,2.5185139398778875
Cote d'Ivoire,CIV,1981,217,TRUE,FALSE,2.3384564936046046
Cote d'Ivoire,CIV,1982,154,TRUE,FALSE,2.1903316981702914
Cote d'Ivoire,CIV,1983,28,TRUE,FALSE,1.462397997898956
Cote d'Ivoire,CIV,1984,14,TRUE,FALSE,1.1760912590556813
Cote d'Ivoire,CIV,1985,126,TRUE,FALSE,2.103803720955957
Cote d'Ivoire,CIV,1986,210,TRUE,FALSE,2.3242824552976926
Cote d'Ivoire,CIV,1987,168,TRUE,FALSE,2.2278867046136734
Cote d'Ivoire,CIV,1988,231,TRUE,FALSE,2.3654879848909
Cote d'Ivoire,CIV,1989,133,TRUE,FALSE,2.1271047983648077
Cote d'Ivoire,CIV,1990,196,TRUE,FALSE,2.294466226161593
Cote d'Ivoire,CIV,1994,14,TRUE,FALSE,1.1760912590556813
Cote d'Ivoire,CIV,1995,819,TRUE,FALSE,2.9138138523837167
Cote d'Ivoire,CIV,1996,3,TRUE,FALSE,0.6020599913279624
Cote d'Ivoire,CIV,1997,7,TRUE,FALSE,0.9030899869919435
Cote d'Ivoire,CIV,1998,42,TRUE,FALSE,1.6334684555795864
Cote d'Ivoire,CIV,1999,10,TRUE,FALSE,1.0413926851582251
Cote d'Ivoire,CIV,2000,1,TRUE,FALSE,0.3010299956639812
Cote d'Ivoire,CIV,2001,0,FALSE,TRUE,0
Cote d'Ivoire,CIV,2002,0,FALSE,TRUE,0
Cote d'Ivoire,CIV,2003,2,TRUE,FALSE,0.47712125471966244
Cote d'Ivoire,CIV,2004,34,TRUE,FALSE,1.5440680443502757
Cote d'Ivoire,CIV,2005,0,FALSE,TRUE,0
Cote d'Ivoire,CIV,2006,0,FALSE,TRUE,0
Cote d'Ivoire,CIV,2007,0,FALSE,TRUE,0
Cote d'Ivoire,CIV,2008,1,TRUE,FALSE,0.3010299956639812
Cote d'Ivoire,CIV,2009,52,TRUE,FALSE,1.724275869600789
Cote d'Ivoire,CIV,2010,0,FALSE,TRUE,0
Cote d'Ivoire,CIV,2011,72,TRUE,FALSE,1.863322860120456
Cote d'Ivoire,CIV,2012,0,FALSE,TRUE,0
Cote d'Ivoire,CIV,2013,0,FALSE,TRUE,0
Cote d'Ivoire,CIV,2014,0,FALSE,TRUE,0
Cote d'Ivoire,CIV,2015,0,FALSE,TRUE,0
Cote d'Ivoire,CIV,2016,0,FALSE,TRUE,0
Cote d'Ivoire,CIV,2017,0,FALSE,TRUE,0
Cote d'Ivoire,CIV,2018,0,FALSE,TRUE,0
Cote d'Ivoire,CIV,2019,0,FALSE,TRUE,0
Cote d'Ivoire,CIV,2020,128,TRUE,FALSE,2.110589710299249
Croatia,HRV,1991,0,FALSE,TRUE,0
Croatia,HRV,1992,0,FALSE,TRUE,0
Croatia,HRV,1993,0,FALSE,TRUE,0
Croatia,HRV,1994,0,FALSE,TRUE,0
Croatia,HRV,1995,0,FALSE,TRUE,0
Croatia,HRV,1996,0,FALSE,TRUE,0
Croatia,HRV,1997,0,FALSE,TRUE,0
Croatia,HRV,1998,0,FALSE,TRUE,0
Croatia,HRV,1999,0,FALSE,TRUE,0
Croatia,HRV,2000,0,FALSE,TRUE,0
Croatia,HRV,2001,0,FALSE,TRUE,0
Croatia,HRV,2002,0,FALSE,TRUE,0
Croatia,HRV,2003,0,FALSE,TRUE,0
Croatia,HRV,2004,0,FALSE,TRUE,0
Croatia,HRV,2005,0,FALSE,TRUE,0
Croatia,HRV,2006,0,FALSE,TRUE,0
Croatia,HRV,2007,0,FALSE,TRUE,0
Croatia,HRV,2008,0,FALSE,TRUE,0
Croatia,HRV,2009,0,FALSE,TRUE,0
Croatia,HRV,2010,0,FALSE,TRUE,0
Croatia,HRV,2011,0,FALSE,TRUE,0
Croatia,HRV,2012,0,FALSE,TRUE,0
Croatia,HRV,2013,0,FALSE,TRUE,0
Croatia,HRV,2014,0,FALSE,TRUE,0
Croatia,HRV,2015,0,FALSE,TRUE,0
Croatia,HRV,2016,0,FALSE,TRUE,0
Croatia,HRV,2017,0,FALSE,TRUE,0
Croatia,HRV,2018,0,FALSE,TRUE,0
Croatia,HRV,2019,0,FALSE,TRUE,0
Croatia,HRV,2020,0,FALSE,TRUE,0
Cuba,CUB,1980,0,FALSE,TRUE,0
Cuba,CUB,1981,0,FALSE,TRUE,0
Cuba,CUB,1982,0,FALSE,TRUE,0
Cuba,CUB,1983,0,FALSE,TRUE,0
Cuba,CUB,1984,0,FALSE,TRUE,0
Cuba,CUB,1985,0,FALSE,TRUE,0
Cuba,CUB,1986,0,FALSE,TRUE,0
Cuba,CUB,1987,0,FALSE,TRUE,0
Cuba,CUB,1988,0,FALSE,TRUE,0
Cuba,CUB,1989,0,FALSE,TRUE,0
Cuba,CUB,1990,0,FALSE,TRUE,0
Cuba,CUB,1991,0,FALSE,TRUE,0
Cuba,CUB,1992,0,FALSE,TRUE,0
Cuba,CUB,1993,0,FALSE,TRUE,0
Cuba,CUB,1994,0,FALSE,TRUE,0
Cuba,CUB,1995,0,FALSE,TRUE,0
Cuba,CUB,1996,0,FALSE,TRUE,0
Cuba,CUB,1997,0,FALSE,TRUE,0
Cuba,CUB,1998,0,FALSE,TRUE,0
Cuba,CUB,1999,0,FALSE,TRUE,0
Cuba,CUB,2000,0,FALSE,TRUE,0
Cuba,CUB,2001,0,FALSE,TRUE,0
Cuba,CUB,2002,0,FALSE,TRUE,0
Cuba,CUB,2003,0,FALSE,TRUE,0
Cuba,CUB,2004,0,FALSE,TRUE,0
Cuba,CUB,2005,0,FALSE,TRUE,0
Cuba,CUB,2006,0,FALSE,TRUE,0
Cuba,CUB,2007,0,FALSE,TRUE,0
Cuba,CUB,2008,0,FALSE,TRUE,0
Cuba,CUB,2009,0,FALSE,TRUE,0
Cuba,CUB,2010,0,FALSE,TRUE,0
Cuba,CUB,2011,0,FALSE,TRUE,0
Cuba,CUB,2012,0,FALSE,TRUE,0
Cuba,CUB,2013,0,FALSE,TRUE,0
Cuba,CUB,2014,0,FALSE,TRUE,0
Cuba,CUB,2015,0,FALSE,TRUE,0
Cuba,CUB,2016,0,FALSE,TRUE,0
Cuba,CUB,2017,0,FALSE,TRUE,0
Cuba,CUB,2018,0,FALSE,TRUE,0
Cuba,CUB,2019,0,FALSE,TRUE,0
Cuba,CUB,2020,0,FALSE,TRUE,0
Cyprus,CYP,1980,0,FALSE,TRUE,0
Cyprus,CYP,1981,0,FALSE,TRUE,0
Cyprus,CYP,1982,0,FALSE,TRUE,0
Cyprus,CYP,1983,0,FALSE,TRUE,0
Cyprus,CYP,1984,0,FALSE,TRUE,0
Cyprus,CYP,1985,0,FALSE,TRUE,0
Cyprus,CYP,1986,0,FALSE,TRUE,0
Cyprus,CYP,1987,0,FALSE,TRUE,0
Cyprus,CYP,1988,0,FALSE,TRUE,0
Cyprus,CYP,1989,0,FALSE,TRUE,0
Cyprus,CYP,1990,0,FALSE,TRUE,0
Cyprus,CYP,1991,7,TRUE,FALSE,0.9030899869919435
Cyprus,CYP,1992,0,FALSE,TRUE,0
Cyprus,CYP,1993,0,FALSE,TRUE,0
Cyprus,CYP,1994,0,FALSE,TRUE,0
Cyprus,CYP,1995,7,TRUE,FALSE,0.9030899869919435
Cyprus,CYP,1996,0,FALSE,TRUE,0
Cyprus,CYP,1997,0,FALSE,TRUE,0
Cyprus,CYP,1998,0,FALSE,TRUE,0
Cyprus,CYP,1999,0,FALSE,TRUE,0
Cyprus,CYP,2000,0,FALSE,TRUE,0
Cyprus,CYP,2001,0,FALSE,TRUE,0
Cyprus,CYP,2002,0,FALSE,TRUE,0
Cyprus,CYP,2003,0,FALSE,TRUE,0
Cyprus,CYP,2004,0,FALSE,TRUE,0
Cyprus,CYP,2005,0,FALSE,TRUE,0
Cyprus,CYP,2006,0,FALSE,TRUE,0
Cyprus,CYP,2007,0,FALSE,TRUE,0
Cyprus,CYP,2008,0,FALSE,TRUE,0
Cyprus,CYP,2009,0,FALSE,TRUE,0
Cyprus,CYP,2010,0,FALSE,TRUE,0
Cyprus,CYP,2011,0,FALSE,TRUE,0
Cyprus,CYP,2012,0,FALSE,TRUE,0
Cyprus,CYP,2013,0,FALSE,TRUE,0
Cyprus,CYP,2014,0,FALSE,TRUE,0
Cyprus,CYP,2015,0,FALSE,TRUE,0
Cyprus,CYP,2016,0,FALSE,TRUE,0
Cyprus,CYP,2017,0,FALSE,TRUE,0
Cyprus,CYP,2018,0,FALSE,TRUE,0
Cyprus,CYP,2019,0,FALSE,TRUE,0
Cyprus,CYP,2020,0,FALSE,TRUE,0
Czechia,CZE,1991,0,FALSE,TRUE,0
Czechia,CZE,1992,0,FALSE,TRUE,0
Czechia,CZE,1993,0,FALSE,TRUE,0
Czechia,CZE,1994,0,FALSE,TRUE,0
Czechia,CZE,1995,0,FALSE,TRUE,0
Czechia,CZE,1996,0,FALSE,TRUE,0
Czechia,CZE,1997,0,FALSE,TRUE,0
Czechia,CZE,1998,0,FALSE,TRUE,0
Czechia,CZE,1999,0,FALSE,TRUE,0
Czechia,CZE,2000,0,FALSE,TRUE,0
Czechia,CZE,2001,0,FALSE,TRUE,0
Czechia,CZE,2002,0,FALSE,TRUE,0
Czechia,CZE,2003,0,FALSE,TRUE,0
Czechia,CZE,2004,0,FALSE,TRUE,0
Czechia,CZE,2005,0,FALSE,TRUE,0
Czechia,CZE,2006,0,FALSE,TRUE,0
Czechia,CZE,2007,0,FALSE,TRUE,0
Czechia,CZE,2008,0,FALSE,TRUE,0
Czechia,CZE,2009,0,FALSE,TRUE,0
Czechia,CZE,2010,0,FALSE,TRUE,0
Czechia,CZE,2011,0,FALSE,TRUE,0
Czechia,CZE,2012,0,FALSE,TRUE,0
Czechia,CZE,2013,0,FALSE,TRUE,0
Czechia,CZE,2014,0,FALSE,TRUE,0
Czechia,CZE,2015,0,FALSE,TRUE,0
Czechia,CZE,2016,0,FALSE,TRUE,0
Czechia,CZE,2017,0,FALSE,TRUE,0
Czechia,CZE,2018,0,FALSE,TRUE,0
Czechia,CZE,2019,0,FALSE,TRUE,0
Czechia,CZE,2020,0,FALSE,TRUE,0
Democratic Republic of Congo,COD,1980,1841,TRUE,FALSE,3.26528962586083
Democratic Republic of Congo,COD,1981,1757,TRUE,FALSE,3.245018870737753
Democratic Republic of Congo,COD,1982,2541,TRUE,FALSE,3.4051755462179893
Democratic Republic of Congo,COD,1983,1358,TRUE,FALSE,3.1332194567324945
Democratic Republic of Congo,COD,1984,924,TRUE,FALSE,2.9661417327390325
Democratic Republic of Congo,COD,1985,686,TRUE,FALSE,2.8369567370595505
Democratic Republic of Congo,COD,1986,945,TRUE,FALSE,2.975891136401793
Democratic Republic of Congo,COD,1987,623,TRUE,FALSE,2.795184589682424
Democratic Republic of Congo,COD,1988,504,TRUE,FALSE,2.7032913781186614
Democratic Republic of Congo,COD,1989,147,TRUE,FALSE,2.1702617153949575
Democratic Republic of Congo,COD,1991,133,TRUE,FALSE,2.1271047983648077
Democratic Republic of Congo,COD,1992,70,TRUE,FALSE,1.8512583487190752
Democratic Republic of Congo,COD,1993,231,TRUE,FALSE,2.3654879848909
Democratic Republic of Congo,COD,1994,693,TRUE,FALSE,2.841359470454855
Democratic Republic of Congo,COD,1995,5145,TRUE,FALSE,3.7114697818743276
Democratic Republic of Congo,COD,1996,243,TRUE,FALSE,2.387389826338729
Democratic Republic of Congo,COD,1997,91,TRUE,FALSE,1.9637878273455553
Democratic Republic of Congo,COD,1998,11,TRUE,FALSE,1.0791812460476249
Democratic Republic of Congo,COD,1999,50,TRUE,FALSE,1.7075701760979363
Democratic Republic of Congo,COD,2000,669,TRUE,FALSE,2.8260748027008264
Democratic Republic of Congo,COD,2001,0,FALSE,TRUE,0
Democratic Republic of Congo,COD,2002,0,FALSE,TRUE,0
Democratic Republic of Congo,COD,2003,0,FALSE,TRUE,0
Democratic Republic of Congo,COD,2004,0,FALSE,TRUE,0
Democratic Republic of Congo,COD,2005,0,FALSE,TRUE,0
Democratic Republic of Congo,COD,2006,14,TRUE,FALSE,1.1760912590556813
Democratic Republic of Congo,COD,2007,46,TRUE,FALSE,1.6720978579357175
Democratic Republic of Congo,COD,2008,20,TRUE,FALSE,1.3222192947339193
Democratic Republic of Congo,COD,2009,9,TRUE,FALSE,1
Democratic Republic of Congo,COD,2010,131,TRUE,FALSE,2.12057393120585
Democratic Republic of Congo,COD,2011,115,TRUE,FALSE,2.0644579892269186
Democratic Republic of Congo,COD,2012,19,TRUE,FALSE,1.3010299956639813
Democratic Republic of Congo,COD,2013,0,FALSE,TRUE,0
Democratic Republic of Congo,COD,2014,0,FALSE,TRUE,0
Democratic Republic of Congo,COD,2015,0,FALSE,TRUE,0
Democratic Republic of Congo,COD,2016,0,FALSE,TRUE,0
Democratic Republic of Congo,COD,2017,24,TRUE,FALSE,1.3979400086720377
Democratic Republic of Congo,COD,2018,40,TRUE,FALSE,1.6127838567197355
Democratic Republic of Congo,COD,2019,98,TRUE,FALSE,1.99563519459755
Democratic Republic of Congo,COD,2020,162,TRUE,FALSE,2.2121876044039577
Denmark,DNK,1980,0,FALSE,TRUE,0
Denmark,DNK,1981,7,TRUE,FALSE,0.9030899869919435
Denmark,DNK,1982,0,FALSE,TRUE,0
Denmark,DNK,1983,7,TRUE,FALSE,0.9030899869919435
Denmark,DNK,1984,0,FALSE,TRUE,0
Denmark,DNK,1985,0,FALSE,TRUE,0
Denmark,DNK,1986,0,FALSE,TRUE,0
Denmark,DNK,1987,0,FALSE,TRUE,0
Denmark,DNK,1988,0,FALSE,TRUE,0
Denmark,DNK,1989,0,FALSE,TRUE,0
Denmark,DNK,1990,0,FALSE,TRUE,0
Denmark,DNK,1991,0,FALSE,TRUE,0
Denmark,DNK,1992,0,FALSE,TRUE,0
Denmark,DNK,1993,0,FALSE,TRUE,0
Denmark,DNK,1994,0,FALSE,TRUE,0
Denmark,DNK,1995,0,FALSE,TRUE,0
Denmark,DNK,1996,0,FALSE,TRUE,0
Denmark,DNK,1997,0,FALSE,TRUE,0
Denmark,DNK,1998,0,FALSE,TRUE,0
Denmark,DNK,1999,0,FALSE,TRUE,0
Denmark,DNK,2000,0,FALSE,TRUE,0
Denmark,DNK,2001,0,FALSE,TRUE,0
Denmark,DNK,2002,0,FALSE,TRUE,0
Denmark,DNK,2003,0,FALSE,TRUE,0
Denmark,DNK,2004,0,FALSE,TRUE,0
Denmark,DNK,2005,0,FALSE,TRUE,0
Denmark,DNK,2006,0,FALSE,TRUE,0
Denmark,DNK,2007,0,FALSE,TRUE,0
Denmark,DNK,2008,0,FALSE,TRUE,0
Denmark,DNK,2009,0,FALSE,TRUE,0
Denmark,DNK,2010,0,FALSE,TRUE,0
Denmark,DNK,2011,0,FALSE,TRUE,0
Denmark,DNK,2012,0,FALSE,TRUE,0
Denmark,DNK,2013,0,FALSE,TRUE,0
Denmark,DNK,2014,0,FALSE,TRUE,0
Denmark,DNK,2015,0,FALSE,TRUE,0
Denmark,DNK,2016,0,FALSE,TRUE,0
Denmark,DNK,2017,0,FALSE,TRUE,0
Denmark,DNK,2018,0,FALSE,TRUE,0
Denmark,DNK,2019,0,FALSE,TRUE,0
Denmark,DNK,2020,0,FALSE,TRUE,0
Djibouti,DJI,1981,280,TRUE,FALSE,2.44870631990508
Djibouti,DJI,1982,245,TRUE,FALSE,2.3909351071033793
Djibouti,DJI,1984,1225,TRUE,FALSE,3.0884904701823963
Djibouti,DJI,1987,7,TRUE,FALSE,0.9030899869919435
Djibouti,DJI,1988,21,TRUE,FALSE,1.3424226808222062
Djibouti,DJI,1989,70,TRUE,FALSE,1.8512583487190752
Djibouti,DJI,1990,49,TRUE,FALSE,1.6989700043360187
Djibouti,DJI,1991,0,FALSE,TRUE,0
Djibouti,DJI,1992,21,TRUE,FALSE,1.3424226808222062
Djibouti,DJI,1993,0,FALSE,TRUE,0
Djibouti,DJI,1994,0,FALSE,TRUE,0
Djibouti,DJI,1995,0,FALSE,TRUE,0
Djibouti,DJI,1996,0,FALSE,TRUE,0
Djibouti,DJI,1997,0,FALSE,TRUE,0
Djibouti,DJI,1998,0,FALSE,TRUE,0
Djibouti,DJI,1999,1,TRUE,FALSE,0.3010299956639812
Djibouti,DJI,2000,0,FALSE,TRUE,0
Djibouti,DJI,2001,0,FALSE,TRUE,0
Djibouti,DJI,2002,0,FALSE,TRUE,0
Djibouti,DJI,2003,0,FALSE,TRUE,0
Djibouti,DJI,2004,0,FALSE,TRUE,0
Djibouti,DJI,2005,0,FALSE,TRUE,0
Djibouti,DJI,2006,0,FALSE,TRUE,0
Djibouti,DJI,2007,0,FALSE,TRUE,0
Djibouti,DJI,2008,0,FALSE,TRUE,0
Djibouti,DJI,2009,0,FALSE,TRUE,0
Djibouti,DJI,2010,0,FALSE,TRUE,0
Djibouti,DJI,2011,0,FALSE,TRUE,0
Djibouti,DJI,2012,0,FALSE,TRUE,0
Djibouti,DJI,2013,0,FALSE,TRUE,0
Djibouti,DJI,2014,0,FALSE,TRUE,0
Djibouti,DJI,2015,0,FALSE,TRUE,0
Djibouti,DJI,2016,0,FALSE,TRUE,0
Djibouti,DJI,2017,0,FALSE,TRUE,0
Djibouti,DJI,2018,0,FALSE,TRUE,0
Djibouti,DJI,2019,0,FALSE,TRUE,0
Djibouti,DJI,2020,0,FALSE,TRUE,0
Dominica,DMA,1980,0,FALSE,TRUE,0
Dominica,DMA,1981,0,FALSE,TRUE,0
Dominica,DMA,1982,0,FALSE,TRUE,0
Dominica,DMA,1983,0,FALSE,TRUE,0
Dominica,DMA,1984,0,FALSE,TRUE,0
Dominica,DMA,1985,0,FALSE,TRUE,0
Dominica,DMA,1986,0,FALSE,TRUE,0
Dominica,DMA,1987,0,FALSE,TRUE,0
Dominica,DMA,1988,0,FALSE,TRUE,0
Dominica,DMA,1989,0,FALSE,TRUE,0
Dominica,DMA,1990,0,FALSE,TRUE,0
Dominica,DMA,1991,0,FALSE,TRUE,0
Dominica,DMA,1992,0,FALSE,TRUE,0
Dominica,DMA,1993,0,FALSE,TRUE,0
Dominica,DMA,1994,0,FALSE,TRUE,0
Dominica,DMA,1995,0,FALSE,TRUE,0
Dominica,DMA,1996,0,FALSE,TRUE,0
Dominica,DMA,1997,0,FALSE,TRUE,0
Dominica,DMA,1998,0,FALSE,TRUE,0
Dominica,DMA,1999,0,FALSE,TRUE,0
Dominica,DMA,2000,0,FALSE,TRUE,0
Dominica,DMA,2001,0,FALSE,TRUE,0
Dominica,DMA,2002,0,FALSE,TRUE,0
Dominica,DMA,2003,0,FALSE,TRUE,0
Dominica,DMA,2004,0,FALSE,TRUE,0
Dominica,DMA,2005,0,FALSE,TRUE,0
Dominica,DMA,2006,0,FALSE,TRUE,0
Dominica,DMA,2007,0,FALSE,TRUE,0
Dominica,DMA,2008,0,FALSE,TRUE,0
Dominica,DMA,2010,0,FALSE,TRUE,0
Dominican Republic,DOM,1980,1036,TRUE,FALSE,3.015778756389041
Dominican Republic,DOM,1981,504,TRUE,FALSE,2.7032913781186614
Dominican Republic,DOM,1982,490,TRUE,FALSE,2.6910814921229687
Dominican Republic,DOM,1983,49,TRUE,FALSE,1.6989700043360187
Dominican Republic,DOM,1984,0,FALSE,TRUE,0
Dominican Republic,DOM,1985,14,TRUE,FALSE,1.1760912590556813
Dominican Republic,DOM,1986,14,TRUE,FALSE,1.1760912590556813
Dominican Republic,DOM,1987,7,TRUE,FALSE,0.9030899869919435
Dominican Republic,DOM,1988,7,TRUE,FALSE,0.9030899869919435
Dominican Republic,DOM,1989,0,FALSE,TRUE,0
Dominican Republic,DOM,1990,0,FALSE,TRUE,0
Dominican Republic,DOM,1991,0,FALSE,TRUE,0
Dominican Republic,DOM,1992,0,FALSE,TRUE,0
Dominican Republic,DOM,1993,0,FALSE,TRUE,0
Dominican Republic,DOM,1994,0,FALSE,TRUE,0
Dominican Republic,DOM,1995,0,FALSE,TRUE,0
Dominican Republic,DOM,1996,0,FALSE,TRUE,0
Dominican Republic,DOM,1997,0,FALSE,TRUE,0
Dominican Republic,DOM,1998,0,FALSE,TRUE,0
Dominican Republic,DOM,1999,0,FALSE,TRUE,0
Dominican Republic,DOM,2000,12,TRUE,FALSE,1.1139433523068367
Dominican Republic,DOM,2001,4,TRUE,FALSE,0.6989700043360189
Dominican Republic,DOM,2002,0,FALSE,TRUE,0
Dominican Republic,DOM,2003,0,FALSE,TRUE,0
Dominican Republic,DOM,2004,0,FALSE,TRUE,0
Dominican Republic,DOM,2005,0,FALSE,TRUE,0
Dominican Republic,DOM,2006,0,FALSE,TRUE,0
Dominican Republic,DOM,2007,0,FALSE,TRUE,0
Dominican Republic,DOM,2008,0,FALSE,TRUE,0
Dominican Republic,DOM,2009,0,FALSE,TRUE,0
Dominican Republic,DOM,2010,0,FALSE,TRUE,0
Dominican Republic,DOM,2011,0,FALSE,TRUE,0
Dominican Republic,DOM,2012,0,FALSE,TRUE,0
Dominican Republic,DOM,2013,0,FALSE,TRUE,0
Dominican Republic,DOM,2014,0,FALSE,TRUE,0
Dominican Republic,DOM,2015,0,FALSE,TRUE,0
Dominican Republic,DOM,2016,0,FALSE,TRUE,0
Dominican Republic,DOM,2017,0,FALSE,TRUE,0
Dominican Republic,DOM,2018,0,FALSE,TRUE,0
Dominican Republic,DOM,2019,0,FALSE,TRUE,0
Dominican Republic,DOM,2020,0,FALSE,TRUE,0
East Timor,TLS,2002,0,FALSE,TRUE,0
East Timor,TLS,2003,0,FALSE,TRUE,0
East Timor,TLS,2004,0,FALSE,TRUE,0
East Timor,TLS,2005,0,FALSE,TRUE,0
East Timor,TLS,2006,0,FALSE,TRUE,0
East Timor,TLS,2007,0,FALSE,TRUE,0
East Timor,TLS,2008,0,FALSE,TRUE,0
East Timor,TLS,2009,0,FALSE,TRUE,0
East Timor,TLS,2010,0,FALSE,TRUE,0
East Timor,TLS,2011,0,FALSE,TRUE,0
East Timor,TLS,2012,0,FALSE,TRUE,0
East Timor,TLS,2013,0,FALSE,TRUE,0
East Timor,TLS,2014,0,FALSE,TRUE,0
East Timor,TLS,2015,0,FALSE,TRUE,0
East Timor,TLS,2016,0,FALSE,TRUE,0
East Timor,TLS,2017,0,FALSE,TRUE,0
East Timor,TLS,2018,0,FALSE,TRUE,0
East Timor,TLS,2019,0,FALSE,TRUE,0
East Timor,TLS,2020,0,FALSE,TRUE,0
Ecuador,ECU,1980,77,TRUE,FALSE,1.8920946026904804
Ecuador,ECU,1981,77,TRUE,FALSE,1.8920946026904804
Ecuador,ECU,1982,77,TRUE,FALSE,1.8920946026904804
Ecuador,ECU,1983,35,TRUE,FALSE,1.5563025007672873
Ecuador,ECU,1984,0,FALSE,TRUE,0
Ecuador,ECU,1985,0,FALSE,TRUE,0
Ecuador,ECU,1986,140,TRUE,FALSE,2.1492191126553797
Ecuador,ECU,1987,84,TRUE,FALSE,1.9294189257142926
Ecuador,ECU,1988,70,TRUE,FALSE,1.8512583487190752
Ecuador,ECU,1989,35,TRUE,FALSE,1.5563025007672873
Ecuador,ECU,1990,7,TRUE,FALSE,0.9030899869919435
Ecuador,ECU,1991,0,FALSE,TRUE,0
Ecuador,ECU,1992,0,FALSE,TRUE,0
Ecuador,ECU,1993,0,FALSE,TRUE,0
Ecuador,ECU,1994,0,FALSE,TRUE,0
Ecuador,ECU,1995,0,FALSE,TRUE,0
Ecuador,ECU,1996,0,FALSE,TRUE,0
Ecuador,ECU,1997,0,FALSE,TRUE,0
Ecuador,ECU,1998,0,FALSE,TRUE,0
Ecuador,ECU,1999,0,FALSE,TRUE,0
Ecuador,ECU,2000,0,FALSE,TRUE,0
Ecuador,ECU,2001,0,FALSE,TRUE,0
Ecuador,ECU,2002,0,FALSE,TRUE,0
Ecuador,ECU,2003,0,FALSE,TRUE,0
Ecuador,ECU,2004,0,FALSE,TRUE,0
Ecuador,ECU,2005,0,FALSE,TRUE,0
Ecuador,ECU,2006,0,FALSE,TRUE,0
Ecuador,ECU,2007,0,FALSE,TRUE,0
Ecuador,ECU,2008,0,FALSE,TRUE,0
Ecuador,ECU,2009,0,FALSE,TRUE,0
Ecuador,ECU,2010,0,FALSE,TRUE,0
Ecuador,ECU,2011,0,FALSE,TRUE,0
Ecuador,ECU,2012,0,FALSE,TRUE,0
Ecuador,ECU,2013,0,FALSE,TRUE,0
Ecuador,ECU,2014,0,FALSE,TRUE,0
Ecuador,ECU,2015,0,FALSE,TRUE,0
Ecuador,ECU,2016,0,FALSE,TRUE,0
Ecuador,ECU,2017,0,FALSE,TRUE,0
Ecuador,ECU,2018,0,FALSE,TRUE,0
Ecuador,ECU,2019,0,FALSE,TRUE,0
Ecuador,ECU,2020,0,FALSE,TRUE,0
Egypt,EGY,1980,14042,TRUE,FALSE,4.1474598958471045
Egypt,EGY,1981,11291,TRUE,FALSE,4.052770869474882
Egypt,EGY,1982,15071,TRUE,FALSE,4.178170885448802
Egypt,EGY,1983,7133,TRUE,FALSE,3.8533331050023354
Egypt,EGY,1984,5040,TRUE,FALSE,3.7025166974381505
Egypt,EGY,1985,3948,TRUE,FALSE,3.5964871337365443
Egypt,EGY,1986,2912,TRUE,FALSE,3.4643404846276673
Egypt,EGY,1987,4403,TRUE,FALSE,3.643847310299714
Egypt,EGY,1988,3850,TRUE,FALSE,3.585573518622731
Egypt,EGY,1989,3318,TRUE,FALSE,3.521007252408604
Egypt,EGY,1990,3955,TRUE,FALSE,3.5972562829251418
Egypt,EGY,1991,4375,TRUE,FALSE,3.641077313325374
Egypt,EGY,1992,4088,TRUE,FALSE,3.611617110554336
Egypt,EGY,1993,1050,TRUE,FALSE,3.021602716028242
Egypt,EGY,1994,840,TRUE,FALSE,2.924795995797912
Egypt,EGY,1995,497,TRUE,FALSE,2.6972293427597176
Egypt,EGY,1996,111,TRUE,FALSE,2.0492180226701815
Egypt,EGY,1997,16,TRUE,FALSE,1.2304489213782739
Egypt,EGY,1998,39,TRUE,FALSE,1.6020599913279623
Egypt,EGY,1999,10,TRUE,FALSE,1.0413926851582251
Egypt,EGY,2000,4,TRUE,FALSE,0.6989700043360189
Egypt,EGY,2001,10,TRUE,FALSE,1.0413926851582251
Egypt,EGY,2002,8,TRUE,FALSE,0.9542425094393249
Egypt,EGY,2003,1,TRUE,FALSE,0.3010299956639812
Egypt,EGY,2004,1,TRUE,FALSE,0.3010299956639812
Egypt,EGY,2005,0,FALSE,TRUE,0
Egypt,EGY,2006,0,FALSE,TRUE,0
Egypt,EGY,2007,0,FALSE,TRUE,0
Egypt,EGY,2008,0,FALSE,TRUE,0
Egypt,EGY,2009,0,FALSE,TRUE,0
Egypt,EGY,2010,0,FALSE,TRUE,0
Egypt,EGY,2011,0,FALSE,TRUE,0
Egypt,EGY,2012,0,FALSE,TRUE,0
Egypt,EGY,2013,0,FALSE,TRUE,0
Egypt,EGY,2014,0,FALSE,TRUE,0
Egypt,EGY,2015,0,FALSE,TRUE,0
Egypt,EGY,2016,0,FALSE,TRUE,0
Egypt,EGY,2017,0,FALSE,TRUE,0
Egypt,EGY,2018,0,FALSE,TRUE,0
Egypt,EGY,2019,0,FALSE,TRUE,0
Egypt,EGY,2020,0,FALSE,TRUE,0
El Salvador,SLV,1980,385,TRUE,FALSE,2.586587304671755
El Salvador,SLV,1981,364,TRUE,FALSE,2.5622928644564746
El Salvador,SLV,1982,126,TRUE,FALSE,2.103803720955957
El Salvador,SLV,1983,616,TRUE,FALSE,2.7902851640332416
El Salvador,SLV,1984,392,TRUE,FALSE,2.5943925503754266
El Salvador,SLV,1985,196,TRUE,FALSE,2.294466226161593
El Salvador,SLV,1986,84,TRUE,FALSE,1.9294189257142926
El Salvador,SLV,1987,399,TRUE,FALSE,2.6020599913279625
El Salvador,SLV,1988,56,TRUE,FALSE,1.7558748556724915
El Salvador,SLV,1989,0,FALSE,TRUE,0
El Salvador,SLV,1990,0,FALSE,TRUE,0
El Salvador,SLV,1991,0,FALSE,TRUE,0
El Salvador,SLV,1992,0,FALSE,TRUE,0
El Salvador,SLV,1993,0,FALSE,TRUE,0
El Salvador,SLV,1994,0,FALSE,TRUE,0
El Salvador,SLV,1995,0,FALSE,TRUE,0
El Salvador,SLV,1996,0,FALSE,TRUE,0
El Salvador,SLV,1997,0,FALSE,TRUE,0
El Salvador,SLV,1998,0,FALSE,TRUE,0
El Salvador,SLV,1999,0,FALSE,TRUE,0
El Salvador,SLV,2000,0,FALSE,TRUE,0
El Salvador,SLV,2001,0,FALSE,TRUE,0
El Salvador,SLV,2002,0,FALSE,TRUE,0
El Salvador,SLV,2003,0,FALSE,TRUE,0
El Salvador,SLV,2004,0,FALSE,TRUE,0
El Salvador,SLV,2005,0,FALSE,TRUE,0
El Salvador,SLV,2006,0,FALSE,TRUE,0
El Salvador,SLV,2007,0,FALSE,TRUE,0
El Salvador,SLV,2008,0,FALSE,TRUE,0
El Salvador,SLV,2009,0,FALSE,TRUE,0
El Salvador,SLV,2010,0,FALSE,TRUE,0
El Salvador,SLV,2011,0,FALSE,TRUE,0
El Salvador,SLV,2012,0,FALSE,TRUE,0
El Salvador,SLV,2013,0,FALSE,TRUE,0
El Salvador,SLV,2014,0,FALSE,TRUE,0
El Salvador,SLV,2015,0,FALSE,TRUE,0
El Salvador,SLV,2016,0,FALSE,TRUE,0
El Salvador,SLV,2017,0,FALSE,TRUE,0
El Salvador,SLV,2018,0,FALSE,TRUE,0
El Salvador,SLV,2019,0,FALSE,TRUE,0
El Salvador,SLV,2020,0,FALSE,TRUE,0
Equatorial Guinea,GNQ,1984,119,TRUE,FALSE,2.0791812460476247
Equatorial Guinea,GNQ,1985,14,TRUE,FALSE,1.1760912590556813
Equatorial Guinea,GNQ,1986,7,TRUE,FALSE,0.9030899869919435
Equatorial Guinea,GNQ,1987,77,TRUE,FALSE,1.8920946026904804
Equatorial Guinea,GNQ,1988,0,FALSE,TRUE,0
Equatorial Guinea,GNQ,1989,0,FALSE,TRUE,0
Equatorial Guinea,GNQ,1990,0,FALSE,TRUE,0
Equatorial Guinea,GNQ,1991,56,TRUE,FALSE,1.7558748556724915
Equatorial Guinea,GNQ,1992,7,TRUE,FALSE,0.9030899869919435
Equatorial Guinea,GNQ,1993,0,FALSE,TRUE,0
Equatorial Guinea,GNQ,1994,0,FALSE,TRUE,0
Equatorial Guinea,GNQ,1995,0,FALSE,TRUE,0
Equatorial Guinea,GNQ,1996,0,FALSE,TRUE,0
Equatorial Guinea,GNQ,1997,0,FALSE,TRUE,0
Equatorial Guinea,GNQ,1999,1,TRUE,FALSE,0.3010299956639812
Equatorial Guinea,GNQ,2000,0,FALSE,TRUE,0
Equatorial Guinea,GNQ,2001,0,FALSE,TRUE,0
Equatorial Guinea,GNQ,2002,0,FALSE,TRUE,0
Equatorial Guinea,GNQ,2003,0,FALSE,TRUE,0
Equatorial Guinea,GNQ,2004,0,FALSE,TRUE,0
Equatorial Guinea,GNQ,2005,0,FALSE,TRUE,0
Equatorial Guinea,GNQ,2006,0,FALSE,TRUE,0
Equatorial Guinea,GNQ,2007,0,FALSE,TRUE,0
Equatorial Guinea,GNQ,2008,0,FALSE,TRUE,0
Equatorial Guinea,GNQ,2009,0,FALSE,TRUE,0
Equatorial Guinea,GNQ,2010,0,FALSE,TRUE,0
Equatorial Guinea,GNQ,2011,0,FALSE,TRUE,0
Equatorial Guinea,GNQ,2012,0,FALSE,TRUE,0
Equatorial Guinea,GNQ,2013,0,FALSE,TRUE,0
Equatorial Guinea,GNQ,2014,10,TRUE,FALSE,1.0413926851582251
Equatorial Guinea,GNQ,2015,0,FALSE,TRUE,0
Equatorial Guinea,GNQ,2016,0,FALSE,TRUE,0
Equatorial Guinea,GNQ,2017,0,FALSE,TRUE,0
Equatorial Guinea,GNQ,2018,0,FALSE,TRUE,0
Equatorial Guinea,GNQ,2019,0,FALSE,TRUE,0
Equatorial Guinea,GNQ,2020,0,FALSE,TRUE,0
Eritrea,ERI,1994,161,TRUE,FALSE,2.2095150145426308
Eritrea,ERI,1995,70,TRUE,FALSE,1.8512583487190752
Eritrea,ERI,1996,0,FALSE,TRUE,0
Eritrea,ERI,1997,46,TRUE,FALSE,1.6720978579357175
Eritrea,ERI,1998,0,FALSE,TRUE,0
Eritrea,ERI,1999,8,TRUE,FALSE,0.9542425094393249
Eritrea,ERI,2000,9,TRUE,FALSE,1
Eritrea,ERI,2001,0,FALSE,TRUE,0
Eritrea,ERI,2002,0,FALSE,TRUE,0
Eritrea,ERI,2003,0,FALSE,TRUE,0
Eritrea,ERI,2004,0,FALSE,TRUE,0
Eritrea,ERI,2005,1,TRUE,FALSE,0.3010299956639812
Eritrea,ERI,2006,0,FALSE,TRUE,0
Eritrea,ERI,2007,0,FALSE,TRUE,0
Eritrea,ERI,2008,0,FALSE,TRUE,0
Eritrea,ERI,2009,0,FALSE,TRUE,0
Eritrea,ERI,2010,0,FALSE,TRUE,0
Eritrea,ERI,2011,0,FALSE,TRUE,0
Eritrea,ERI,2012,0,FALSE,TRUE,0
Eritrea,ERI,2013,0,FALSE,TRUE,0
Eritrea,ERI,2014,0,FALSE,TRUE,0
Eritrea,ERI,2015,0,FALSE,TRUE,0
Eritrea,ERI,2016,0,FALSE,TRUE,0
Eritrea,ERI,2017,0,FALSE,TRUE,0
Eritrea,ERI,2018,0,FALSE,TRUE,0
Eritrea,ERI,2019,0,FALSE,TRUE,0
Eritrea,ERI,2020,0,FALSE,TRUE,0
Estonia,EST,1991,0,FALSE,TRUE,0
Estonia,EST,1992,0,FALSE,TRUE,0
Estonia,EST,1993,0,FALSE,TRUE,0
Estonia,EST,1994,0,FALSE,TRUE,0
Estonia,EST,1995,0,FALSE,TRUE,0
Estonia,EST,1996,0,FALSE,TRUE,0
Estonia,EST,1997,0,FALSE,TRUE,0
Estonia,EST,1998,0,FALSE,TRUE,0
Estonia,EST,1999,0,FALSE,TRUE,0
Estonia,EST,2000,0,FALSE,TRUE,0
Estonia,EST,2001,0,FALSE,TRUE,0
Estonia,EST,2002,0,FALSE,TRUE,0
Estonia,EST,2003,0,FALSE,TRUE,0
Estonia,EST,2004,0,FALSE,TRUE,0
Estonia,EST,2005,0,FALSE,TRUE,0
Estonia,EST,2006,0,FALSE,TRUE,0
Estonia,EST,2007,0,FALSE,TRUE,0
Estonia,EST,2008,0,FALSE,TRUE,0
Estonia,EST,2009,0,FALSE,TRUE,0
Estonia,EST,2010,0,FALSE,TRUE,0
Estonia,EST,2011,0,FALSE,TRUE,0
Estonia,EST,2012,0,FALSE,TRUE,0
Estonia,EST,2013,0,FALSE,TRUE,0
Estonia,EST,2014,0,FALSE,TRUE,0
Estonia,EST,2015,0,FALSE,TRUE,0
Estonia,EST,2016,0,FALSE,TRUE,0
Estonia,EST,2017,0,FALSE,TRUE,0
Estonia,EST,2018,0,FALSE,TRUE,0
Estonia,EST,2019,0,FALSE,TRUE,0
Estonia,EST,2020,0,FALSE,TRUE,0
Eswatini,SWZ,1980,1344,TRUE,FALSE,3.128722284338427
Eswatini,SWZ,1982,119,TRUE,FALSE,2.0791812460476247
Eswatini,SWZ,1983,203,TRUE,FALSE,2.3096301674258988
Eswatini,SWZ,1984,182,TRUE,FALSE,2.2624510897304293
Eswatini,SWZ,1985,91,TRUE,FALSE,1.9637878273455553
Eswatini,SWZ,1986,70,TRUE,FALSE,1.8512583487190752
Eswatini,SWZ,1987,21,TRUE,FALSE,1.3424226808222062
Eswatini,SWZ,1988,14,TRUE,FALSE,1.1760912590556813
Eswatini,SWZ,1989,7,TRUE,FALSE,0.9030899869919435
Eswatini,SWZ,1990,0,FALSE,TRUE,0
Eswatini,SWZ,1991,0,FALSE,TRUE,0
Eswatini,SWZ,1992,0,FALSE,TRUE,0
Eswatini,SWZ,1993,0,FALSE,TRUE,0
Eswatini,SWZ,1994,0,FALSE,TRUE,0
Eswatini,SWZ,1995,0,FALSE,TRUE,0
Eswatini,SWZ,1996,0,FALSE,TRUE,0
Eswatini,SWZ,1997,0,FALSE,TRUE,0
Eswatini,SWZ,1998,0,FALSE,TRUE,0
Eswatini,SWZ,1999,0,FALSE,TRUE,0
Eswatini,SWZ,2000,0,FALSE,TRUE,0
Eswatini,SWZ,2001,0,FALSE,TRUE,0
Eswatini,SWZ,2002,0,FALSE,TRUE,0
Eswatini,SWZ,2003,0,FALSE,TRUE,0
Eswatini,SWZ,2004,0,FALSE,TRUE,0
Eswatini,SWZ,2005,0,FALSE,TRUE,0
Eswatini,SWZ,2006,0,FALSE,TRUE,0
Eswatini,SWZ,2007,0,FALSE,TRUE,0
Eswatini,SWZ,2008,0,FALSE,TRUE,0
Eswatini,SWZ,2009,0,FALSE,TRUE,0
Eswatini,SWZ,2010,0,FALSE,TRUE,0
Eswatini,SWZ,2011,0,FALSE,TRUE,0
Eswatini,SWZ,2012,0,FALSE,TRUE,0
Eswatini,SWZ,2013,0,FALSE,TRUE,0
Eswatini,SWZ,2014,0,FALSE,TRUE,0
Eswatini,SWZ,2015,0,FALSE,TRUE,0
Eswatini,SWZ,2016,0,FALSE,TRUE,0
Eswatini,SWZ,2017,0,FALSE,TRUE,0
Eswatini,SWZ,2018,0,FALSE,TRUE,0
Eswatini,SWZ,2019,0,FALSE,TRUE,0
Eswatini,SWZ,2020,0,FALSE,TRUE,0
Ethiopia,ETH,1980,1638,TRUE,FALSE,3.214578953570499
Ethiopia,ETH,1981,469,TRUE,FALSE,2.6720978579357175
Ethiopia,ETH,1982,1071,TRUE,FALSE,3.030194785356751
Ethiopia,ETH,1983,889,TRUE,FALSE,2.949390006644913
Ethiopia,ETH,1984,917,TRUE,FALSE,2.9628426812012423
Ethiopia,ETH,1985,644,TRUE,FALSE,2.8095597146352675
Ethiopia,ETH,1986,1981,TRUE,FALSE,3.2971036501492565
Ethiopia,ETH,1987,2695,TRUE,FALSE,3.4307198878632823
Ethiopia,ETH,1988,924,TRUE,FALSE,2.9661417327390325
Ethiopia,ETH,1989,714,TRUE,FALSE,2.8543060418010806
Ethiopia,ETH,1990,567,TRUE,FALSE,2.754348335711019
Ethiopia,ETH,1991,819,TRUE,FALSE,2.9138138523837167
Ethiopia,ETH,1992,882,TRUE,FALSE,2.9459607035775686
Ethiopia,ETH,1993,728,TRUE,FALSE,2.8627275283179747
Ethiopia,ETH,1994,392,TRUE,FALSE,2.5943925503754266
Ethiopia,ETH,1995,1393,TRUE,FALSE,3.144262773761991
Ethiopia,ETH,1996,293,TRUE,FALSE,2.4683473304121573
Ethiopia,ETH,1997,21,TRUE,FALSE,1.3424226808222062
Ethiopia,ETH,1998,61,TRUE,FALSE,1.792391689498254
Ethiopia,ETH,1999,145,TRUE,FALSE,2.164352855784437
Ethiopia,ETH,2000,169,TRUE,FALSE,2.230448921378274
Ethiopia,ETH,2001,2,TRUE,FALSE,0.47712125471966244
Ethiopia,ETH,2002,0,FALSE,TRUE,0
Ethiopia,ETH,2003,0,FALSE,TRUE,0
Ethiopia,ETH,2004,2,TRUE,FALSE,0.47712125471966244
Ethiopia,ETH,2005,44,TRUE,FALSE,1.6532125137753437
Ethiopia,ETH,2006,19,TRUE,FALSE,1.3010299956639813
Ethiopia,ETH,2007,0,FALSE,TRUE,0
Ethiopia,ETH,2008,7,TRUE,FALSE,0.9030899869919435
Ethiopia,ETH,2009,2,TRUE,FALSE,0.47712125471966244
Ethiopia,ETH,2010,6,TRUE,FALSE,0.8450980400142568
Ethiopia,ETH,2011,0,FALSE,TRUE,0
Ethiopia,ETH,2012,0,FALSE,TRUE,0
Ethiopia,ETH,2013,10,TRUE,FALSE,1.0413926851582251
Ethiopia,ETH,2014,1,TRUE,FALSE,0.3010299956639812
Ethiopia,ETH,2015,0,FALSE,TRUE,0
Ethiopia,ETH,2016,0,FALSE,TRUE,0
Ethiopia,ETH,2017,0,FALSE,TRUE,0
Ethiopia,ETH,2018,0,FALSE,TRUE,0
Ethiopia,ETH,2019,16,TRUE,FALSE,1.2304489213782739
Ethiopia,ETH,2020,72,TRUE,FALSE,1.863322860120456
Fiji,FJI,1980,0,FALSE,TRUE,0
Fiji,FJI,1981,0,FALSE,TRUE,0
Fiji,FJI,1982,0,FALSE,TRUE,0
Fiji,FJI,1983,0,FALSE,TRUE,0
Fiji,FJI,1984,0,FALSE,TRUE,0
Fiji,FJI,1985,0,FALSE,TRUE,0
Fiji,FJI,1986,0,FALSE,TRUE,0
Fiji,FJI,1987,0,FALSE,TRUE,0
Fiji,FJI,1988,0,FALSE,TRUE,0
Fiji,FJI,1989,0,FALSE,TRUE,0
Fiji,FJI,1990,0,FALSE,TRUE,0
Fiji,FJI,1991,0,FALSE,TRUE,0
Fiji,FJI,1992,0,FALSE,TRUE,0
Fiji,FJI,1993,0,FALSE,TRUE,0
Fiji,FJI,1994,0,FALSE,TRUE,0
Fiji,FJI,1995,0,FALSE,TRUE,0
Fiji,FJI,1996,0,FALSE,TRUE,0
Fiji,FJI,1997,0,FALSE,TRUE,0
Fiji,FJI,1999,0,FALSE,TRUE,0
Fiji,FJI,2000,0,FALSE,TRUE,0
Fiji,FJI,2001,0,FALSE,TRUE,0
Fiji,FJI,2002,0,FALSE,TRUE,0
Fiji,FJI,2003,0,FALSE,TRUE,0
Fiji,FJI,2004,0,FALSE,TRUE,0
Fiji,FJI,2005,0,FALSE,TRUE,0
Fiji,FJI,2006,0,FALSE,TRUE,0
Fiji,FJI,2007,0,FALSE,TRUE,0
Fiji,FJI,2008,0,FALSE,TRUE,0
Fiji,FJI,2010,0,FALSE,TRUE,0
Fiji,FJI,2012,0,FALSE,TRUE,0
Finland,FIN,1980,0,FALSE,TRUE,0
Finland,FIN,1981,0,FALSE,TRUE,0
Finland,FIN,1982,0,FALSE,TRUE,0
Finland,FIN,1983,0,FALSE,TRUE,0
Finland,FIN,1984,49,TRUE,FALSE,1.6989700043360187
Finland,FIN,1985,7,TRUE,FALSE,0.9030899869919435
Finland,FIN,1986,0,FALSE,TRUE,0
Finland,FIN,1987,0,FALSE,TRUE,0
Finland,FIN,1988,0,FALSE,TRUE,0
Finland,FIN,1989,0,FALSE,TRUE,0
Finland,FIN,1990,0,FALSE,TRUE,0
Finland,FIN,1991,0,FALSE,TRUE,0
Finland,FIN,1992,0,FALSE,TRUE,0
Finland,FIN,1993,0,FALSE,TRUE,0
Finland,FIN,1994,0,FALSE,TRUE,0
Finland,FIN,1995,0,FALSE,TRUE,0
Finland,FIN,1996,0,FALSE,TRUE,0
Finland,FIN,1997,0,FALSE,TRUE,0
Finland,FIN,1998,0,FALSE,TRUE,0
Finland,FIN,1999,0,FALSE,TRUE,0
Finland,FIN,2000,0,FALSE,TRUE,0
Finland,FIN,2001,0,FALSE,TRUE,0
Finland,FIN,2002,0,FALSE,TRUE,0
Finland,FIN,2003,0,FALSE,TRUE,0
Finland,FIN,2004,0,FALSE,TRUE,0
Finland,FIN,2005,0,FALSE,TRUE,0
Finland,FIN,2006,0,FALSE,TRUE,0
Finland,FIN,2007,0,FALSE,TRUE,0
Finland,FIN,2008,0,FALSE,TRUE,0
Finland,FIN,2009,0,FALSE,TRUE,0
Finland,FIN,2010,0,FALSE,TRUE,0
Finland,FIN,2011,0,FALSE,TRUE,0
Finland,FIN,2012,0,FALSE,TRUE,0
Finland,FIN,2013,0,FALSE,TRUE,0
Finland,FIN,2014,0,FALSE,TRUE,0
Finland,FIN,2015,0,FALSE,TRUE,0
Finland,FIN,2016,0,FALSE,TRUE,0
Finland,FIN,2017,0,FALSE,TRUE,0
Finland,FIN,2018,0,FALSE,TRUE,0
Finland,FIN,2019,0,FALSE,TRUE,0
Finland,FIN,2020,0,FALSE,TRUE,0
France,FRA,1980,70,TRUE,FALSE,1.8512583487190752
France,FRA,1981,63,TRUE,FALSE,1.806179973983887
France,FRA,1982,98,TRUE,FALSE,1.99563519459755
France,FRA,1983,21,TRUE,FALSE,1.3424226808222062
France,FRA,1984,35,TRUE,FALSE,1.5563025007672873
France,FRA,1985,7,TRUE,FALSE,0.9030899869919435
France,FRA,1986,14,TRUE,FALSE,1.1760912590556813
France,FRA,1987,7,TRUE,FALSE,0.9030899869919435
France,FRA,1988,7,TRUE,FALSE,0.9030899869919435
France,FRA,1989,14,TRUE,FALSE,1.1760912590556813
France,FRA,1990,0,FALSE,TRUE,0
France,FRA,1991,0,FALSE,TRUE,0
France,FRA,1992,0,FALSE,TRUE,0
France,FRA,1993,0,FALSE,TRUE,0
France,FRA,1994,0,FALSE,TRUE,0
France,FRA,1995,7,TRUE,FALSE,0.9030899869919435
France,FRA,1996,0,FALSE,TRUE,0
France,FRA,1997,0,FALSE,TRUE,0
France,FRA,1998,0,FALSE,TRUE,0
France,FRA,1999,0,FALSE,TRUE,0
France,FRA,2000,0,FALSE,TRUE,0
France,FRA,2001,0,FALSE,TRUE,0
France,FRA,2002,0,FALSE,TRUE,0
France,FRA,2003,0,FALSE,TRUE,0
France,FRA,2004,0,FALSE,TRUE,0
France,FRA,2006,0,FALSE,TRUE,0
France,FRA,2007,0,FALSE,TRUE,0
France,FRA,2008,0,FALSE,TRUE,0
France,FRA,2009,0,FALSE,TRUE,0
France,FRA,2010,0,FALSE,TRUE,0
France,FRA,2011,0,FALSE,TRUE,0
France,FRA,2012,0,FALSE,TRUE,0
France,FRA,2013,0,FALSE,TRUE,0
France,FRA,2014,0,FALSE,TRUE,0
France,FRA,2015,0,FALSE,TRUE,0
France,FRA,2016,0,FALSE,TRUE,0
France,FRA,2017,0,FALSE,TRUE,0
France,FRA,2018,0,FALSE,TRUE,0
France,FRA,2019,0,FALSE,TRUE,0
France,FRA,2020,0,FALSE,TRUE,0
Gabon,GAB,1980,490,TRUE,FALSE,2.6910814921229687
Gabon,GAB,1981,63,TRUE,FALSE,1.806179973983887
Gabon,GAB,1982,252,TRUE,FALSE,2.403120521175818
Gabon,GAB,1983,49,TRUE,FALSE,1.6989700043360187
Gabon,GAB,1984,189,TRUE,FALSE,2.278753600952829
Gabon,GAB,1985,294,TRUE,FALSE,2.469822015978163
Gabon,GAB,1986,70,TRUE,FALSE,1.8512583487190752
Gabon,GAB,1987,112,TRUE,FALSE,2.0530784434834195
Gabon,GAB,1988,21,TRUE,FALSE,1.3424226808222062
Gabon,GAB,1989,91,TRUE,FALSE,1.9637878273455553
Gabon,GAB,1990,14,TRUE,FALSE,1.1760912590556813
Gabon,GAB,1995,63,TRUE,FALSE,1.806179973983887
Gabon,GAB,1996,31,TRUE,FALSE,1.505149978319906
Gabon,GAB,1999,0,FALSE,TRUE,0
Gabon,GAB,2000,0,FALSE,TRUE,0
Gabon,GAB,2001,0,FALSE,TRUE,0
Gabon,GAB,2002,0,FALSE,TRUE,0
Gabon,GAB,2003,0,FALSE,TRUE,0
Gabon,GAB,2004,0,FALSE,TRUE,0
Gabon,GAB,2005,0,FALSE,TRUE,0
Gabon,GAB,2006,0,FALSE,TRUE,0
Gabon,GAB,2007,0,FALSE,TRUE,0
Gabon,GAB,2008,0,FALSE,TRUE,0
Gabon,GAB,2009,0,FALSE,TRUE,0
Gabon,GAB,2010,0,FALSE,TRUE,0
Gabon,GAB,2011,1,TRUE,FALSE,0.3010299956639812
Gabon,GAB,2012,0,FALSE,TRUE,0
Gabon,GAB,2013,0,FALSE,TRUE,0
Gabon,GAB,2014,0,FALSE,TRUE,0
Gabon,GAB,2015,0,FALSE,TRUE,0
Gabon,GAB,2016,0,FALSE,TRUE,0
Gabon,GAB,2017,0,FALSE,TRUE,0
Gabon,GAB,2018,0,FALSE,TRUE,0
Gabon,GAB,2019,0,FALSE,TRUE,0
Gabon,GAB,2020,0,FALSE,TRUE,0
Gambia,GMB,1980,7,TRUE,FALSE,0.9030899869919435
Gambia,GMB,1981,0,FALSE,TRUE,0
Gambia,GMB,1983,0,FALSE,TRUE,0
Gambia,GMB,1984,0,FALSE,TRUE,0
Gambia,GMB,1985,14,TRUE,FALSE,1.1760912590556813
Gambia,GMB,1986,2387,TRUE,FALSE,3.3780343224573315
Gambia,GMB,1987,189,TRUE,FALSE,2.278753600952829
Gambia,GMB,1988,35,TRUE,FALSE,1.5563025007672873
Gambia,GMB,1989,42,TRUE,FALSE,1.6334684555795864
Gambia,GMB,1990,7,TRUE,FALSE,0.9030899869919435
Gambia,GMB,1991,7,TRUE,FALSE,0.9030899869919435
Gambia,GMB,1992,28,TRUE,FALSE,1.462397997898956
Gambia,GMB,1993,0,FALSE,TRUE,0
Gambia,GMB,1994,0,FALSE,TRUE,0
Gambia,GMB,1995,0,FALSE,TRUE,0
Gambia,GMB,1996,0,FALSE,TRUE,0
Gambia,GMB,1997,1,TRUE,FALSE,0.3010299956639812
Gambia,GMB,1998,0,FALSE,TRUE,0
Gambia,GMB,1999,0,FALSE,TRUE,0
Gambia,GMB,2000,7,TRUE,FALSE,0.9030899869919435
Gambia,GMB,2001,0,FALSE,TRUE,0
Gambia,GMB,2002,0,FALSE,TRUE,0
Gambia,GMB,2003,0,FALSE,TRUE,0
Gambia,GMB,2004,0,FALSE,TRUE,0
Gambia,GMB,2005,0,FALSE,TRUE,0
Gambia,GMB,2006,0,FALSE,TRUE,0
Gambia,GMB,2007,0,FALSE,TRUE,0
Gambia,GMB,2008,0,FALSE,TRUE,0
Gambia,GMB,2009,0,FALSE,TRUE,0
Gambia,GMB,2010,0,FALSE,TRUE,0
Gambia,GMB,2011,0,FALSE,TRUE,0
Gambia,GMB,2012,0,FALSE,TRUE,0
Gambia,GMB,2013,0,FALSE,TRUE,0
Gambia,GMB,2014,0,FALSE,TRUE,0
Gambia,GMB,2015,0,FALSE,TRUE,0
Gambia,GMB,2016,0,FALSE,TRUE,0
Gambia,GMB,2017,0,FALSE,TRUE,0
Gambia,GMB,2018,0,FALSE,TRUE,0
Gambia,GMB,2019,0,FALSE,TRUE,0
Gambia,GMB,2020,0,FALSE,TRUE,0
Georgia,GEO,1991,42,TRUE,FALSE,1.6334684555795864
Georgia,GEO,1992,0,FALSE,TRUE,0
Georgia,GEO,1993,0,FALSE,TRUE,0
Georgia,GEO,1994,0,FALSE,TRUE,0
Georgia,GEO,1995,0,FALSE,TRUE,0
Georgia,GEO,1996,0,FALSE,TRUE,0
Georgia,GEO,1997,0,FALSE,TRUE,0
Georgia,GEO,1998,0,FALSE,TRUE,0
Georgia,GEO,1999,0,FALSE,TRUE,0
Georgia,GEO,2000,0,FALSE,TRUE,0
Georgia,GEO,2001,2,TRUE,FALSE,0.47712125471966244
Georgia,GEO,2002,0,FALSE,TRUE,0
Georgia,GEO,2003,0,FALSE,TRUE,0
Georgia,GEO,2004,0,FALSE,TRUE,0
Georgia,GEO,2005,0,FALSE,TRUE,0
Georgia,GEO,2006,0,FALSE,TRUE,0
Georgia,GEO,2007,0,FALSE,TRUE,0
Georgia,GEO,2008,0,FALSE,TRUE,0
Georgia,GEO,2009,0,FALSE,TRUE,0
Georgia,GEO,2010,0,FALSE,TRUE,0
Georgia,GEO,2011,0,FALSE,TRUE,0
Georgia,GEO,2012,0,FALSE,TRUE,0
Georgia,GEO,2013,0,FALSE,TRUE,0
Georgia,GEO,2014,0,FALSE,TRUE,0
Georgia,GEO,2015,0,FALSE,TRUE,0
Georgia,GEO,2016,0,FALSE,TRUE,0
Georgia,GEO,2017,0,FALSE,TRUE,0
Georgia,GEO,2018,0,FALSE,TRUE,0
Georgia,GEO,2019,0,FALSE,TRUE,0
Georgia,GEO,2020,0,FALSE,TRUE,0
Germany,DEU,1980,49,TRUE,FALSE,1.6989700043360187
Germany,DEU,1981,133,TRUE,FALSE,2.1271047983648077
Germany,DEU,1982,49,TRUE,FALSE,1.6989700043360187
Germany,DEU,1983,63,TRUE,FALSE,1.806179973983887
Germany,DEU,1984,14,TRUE,FALSE,1.1760912590556813
Germany,DEU,1985,0,FALSE,TRUE,0
Germany,DEU,1986,14,TRUE,FALSE,1.1760912590556813
Germany,DEU,1987,0,FALSE,TRUE,0
Germany,DEU,1988,0,FALSE,TRUE,0
Germany,DEU,1989,7,TRUE,FALSE,0.9030899869919435
Germany,DEU,1990,21,TRUE,FALSE,1.3424226808222062
Germany,DEU,1991,21,TRUE,FALSE,1.3424226808222062
Germany,DEU,1992,14,TRUE,FALSE,1.1760912590556813
Germany,DEU,1993,0,FALSE,TRUE,0
Germany,DEU,1994,0,FALSE,TRUE,0
Germany,DEU,1995,0,FALSE,TRUE,0
Germany,DEU,1996,0,FALSE,TRUE,0
Germany,DEU,1997,0,FALSE,TRUE,0
Germany,DEU,1998,0,FALSE,TRUE,0
Germany,DEU,1999,0,FALSE,TRUE,0
Germany,DEU,2000,0,FALSE,TRUE,0
Germany,DEU,2001,0,FALSE,TRUE,0
Germany,DEU,2002,0,FALSE,TRUE,0
Germany,DEU,2003,0,FALSE,TRUE,0
Germany,DEU,2004,0,FALSE,TRUE,0
Germany,DEU,2005,0,FALSE,TRUE,0
Germany,DEU,2006,0,FALSE,TRUE,0
Germany,DEU,2007,0,FALSE,TRUE,0
Germany,DEU,2008,0,FALSE,TRUE,0
Germany,DEU,2009,0,FALSE,TRUE,0
Germany,DEU,2010,0,FALSE,TRUE,0
Germany,DEU,2011,0,FALSE,TRUE,0
Germany,DEU,2012,0,FALSE,TRUE,0
Germany,DEU,2013,0,FALSE,TRUE,0
Germany,DEU,2014,0,FALSE,TRUE,0
Germany,DEU,2015,0,FALSE,TRUE,0
Germany,DEU,2016,0,FALSE,TRUE,0
Germany,DEU,2017,0,FALSE,TRUE,0
Germany,DEU,2018,0,FALSE,TRUE,0
Germany,DEU,2019,0,FALSE,TRUE,0
Germany,DEU,2020,0,FALSE,TRUE,0
Ghana,GHA,1980,1015,TRUE,FALSE,3.0068937079479006
Ghana,GHA,1981,686,TRUE,FALSE,2.8369567370595505
Ghana,GHA,1982,924,TRUE,FALSE,2.9661417327390325
Ghana,GHA,1983,1099,TRUE,FALSE,3.041392685158225
Ghana,GHA,1984,1085,TRUE,FALSE,3.035829825252828
Ghana,GHA,1985,1295,TRUE,FALSE,3.1126050015345745
Ghana,GHA,1986,441,TRUE,FALSE,2.645422269349092
Ghana,GHA,1987,588,TRUE,FALSE,2.7701152947871015
Ghana,GHA,1988,420,TRUE,FALSE,2.6242820958356683
Ghana,GHA,1989,791,TRUE,FALSE,2.8987251815894934
Ghana,GHA,1990,420,TRUE,FALSE,2.6242820958356683
Ghana,GHA,1991,217,TRUE,FALSE,2.3384564936046046
Ghana,GHA,1992,329,TRUE,FALSE,2.5185139398778875
Ghana,GHA,1993,133,TRUE,FALSE,2.1271047983648077
Ghana,GHA,1994,259,TRUE,FALSE,2.4149733479708178
Ghana,GHA,1995,238,TRUE,FALSE,2.3783979009481375
Ghana,GHA,1996,9,TRUE,FALSE,1
Ghana,GHA,1997,19,TRUE,FALSE,1.3010299956639813
Ghana,GHA,1998,124,TRUE,FALSE,2.0969100130080562
Ghana,GHA,1999,3,TRUE,FALSE,0.6020599913279624
Ghana,GHA,2000,115,TRUE,FALSE,2.0644579892269186
Ghana,GHA,2001,0,FALSE,TRUE,0
Ghana,GHA,2002,0,FALSE,TRUE,0
Ghana,GHA,2003,16,TRUE,FALSE,1.2304489213782739
Ghana,GHA,2004,0,FALSE,TRUE,0
Ghana,GHA,2005,0,FALSE,TRUE,0
Ghana,GHA,2006,0,FALSE,TRUE,0
Ghana,GHA,2007,0,FALSE,TRUE,0
Ghana,GHA,2008,9,TRUE,FALSE,1
Ghana,GHA,2009,0,FALSE,TRUE,0
Ghana,GHA,2010,0,FALSE,TRUE,0
Ghana,GHA,2011,0,FALSE,TRUE,0
Ghana,GHA,2012,0,FALSE,TRUE,0
Ghana,GHA,2013,0,FALSE,TRUE,0
Ghana,GHA,2014,0,FALSE,TRUE,0
Ghana,GHA,2015,0,FALSE,TRUE,0
Ghana,GHA,2016,0,FALSE,TRUE,0
Ghana,GHA,2017,0,FALSE,TRUE,0
Ghana,GHA,2018,0,FALSE,TRUE,0
Ghana,GHA,2019,20,TRUE,FALSE,1.3222192947339193
Ghana,GHA,2020,13,TRUE,FALSE,1.146128035678238
Greece,GRC,1980,0,FALSE,TRUE,0
Greece,GRC,1981,14,TRUE,FALSE,1.1760912590556813
Greece,GRC,1982,28,TRUE,FALSE,1.462397997898956
Greece,GRC,1983,0,FALSE,TRUE,0
Greece,GRC,1984,0,FALSE,TRUE,0
Greece,GRC,1985,0,FALSE,TRUE,0
Greece,GRC,1986,0,FALSE,TRUE,0
Greece,GRC,1987,0,FALSE,TRUE,0
Greece,GRC,1988,0,FALSE,TRUE,0
Greece,GRC,1989,0,FALSE,TRUE,0
Greece,GRC,1990,7,TRUE,FALSE,0.9030899869919435
Greece,GRC,1991,0,FALSE,TRUE,0
Greece,GRC,1992,0,FALSE,TRUE,0
Greece,GRC,1993,0,FALSE,TRUE,0
Greece,GRC,1994,7,TRUE,FALSE,0.9030899869919435
Greece,GRC,1995,0,FALSE,TRUE,0
Greece,GRC,1996,6,TRUE,FALSE,0.8450980400142568
Greece,GRC,1997,0,FALSE,TRUE,0
Greece,GRC,1998,0,FALSE,TRUE,0
Greece,GRC,1999,0,FALSE,TRUE,0
Greece,GRC,2000,0,FALSE,TRUE,0
Greece,GRC,2001,0,FALSE,TRUE,0
Greece,GRC,2002,0,FALSE,TRUE,0
Greece,GRC,2003,0,FALSE,TRUE,0
Greece,GRC,2004,0,FALSE,TRUE,0
Greece,GRC,2005,0,FALSE,TRUE,0
Greece,GRC,2006,0,FALSE,TRUE,0
Greece,GRC,2007,0,FALSE,TRUE,0
Greece,GRC,2008,0,FALSE,TRUE,0
Greece,GRC,2009,0,FALSE,TRUE,0
Greece,GRC,2010,0,FALSE,TRUE,0
Greece,GRC,2011,0,FALSE,TRUE,0
Greece,GRC,2012,0,FALSE,TRUE,0
Greece,GRC,2013,0,FALSE,TRUE,0
Greece,GRC,2014,0,FALSE,TRUE,0
Greece,GRC,2015,0,FALSE,TRUE,0
Greece,GRC,2016,0,FALSE,TRUE,0
Greece,GRC,2017,0,FALSE,TRUE,0
Greece,GRC,2018,0,FALSE,TRUE,0
Greece,GRC,2019,0,FALSE,TRUE,0
Greece,GRC,2020,0,FALSE,TRUE,0
Grenada,GRD,1980,0,FALSE,TRUE,0
Grenada,GRD,1981,0,FALSE,TRUE,0
Grenada,GRD,1982,0,FALSE,TRUE,0
Grenada,GRD,1983,0,FALSE,TRUE,0
Grenada,GRD,1984,0,FALSE,TRUE,0
Grenada,GRD,1985,0,FALSE,TRUE,0
Grenada,GRD,1986,0,FALSE,TRUE,0
Grenada,GRD,1987,0,FALSE,TRUE,0
Grenada,GRD,1988,0,FALSE,TRUE,0
Grenada,GRD,1989,0,FALSE,TRUE,0
Grenada,GRD,1990,0,FALSE,TRUE,0
Grenada,GRD,1991,0,FALSE,TRUE,0
Grenada,GRD,1992,0,FALSE,TRUE,0
Grenada,GRD,1993,0,FALSE,TRUE,0
Grenada,GRD,1994,0,FALSE,TRUE,0
Grenada,GRD,1995,0,FALSE,TRUE,0
Grenada,GRD,1996,0,FALSE,TRUE,0
Grenada,GRD,1997,0,FALSE,TRUE,0
Grenada,GRD,1998,0,FALSE,TRUE,0
Grenada,GRD,1999,0,FALSE,TRUE,0
Grenada,GRD,2000,0,FALSE,TRUE,0
Grenada,GRD,2001,0,FALSE,TRUE,0
Grenada,GRD,2002,0,FALSE,TRUE,0
Grenada,GRD,2003,0,FALSE,TRUE,0
Grenada,GRD,2004,0,FALSE,TRUE,0
Grenada,GRD,2005,0,FALSE,TRUE,0
Grenada,GRD,2006,0,FALSE,TRUE,0
Grenada,GRD,2007,0,FALSE,TRUE,0
Grenada,GRD,2008,0,FALSE,TRUE,0
Grenada,GRD,2010,0,FALSE,TRUE,0
Guatemala,GTM,1980,2009,TRUE,FALSE,3.303196057420489
Guatemala,GTM,1981,294,TRUE,FALSE,2.469822015978163
Guatemala,GTM,1982,952,TRUE,FALSE,2.979092900638326
Guatemala,GTM,1983,1456,TRUE,FALSE,3.16345955176999
Guatemala,GTM,1984,119,TRUE,FALSE,2.0791812460476247
Guatemala,GTM,1985,203,TRUE,FALSE,2.3096301674258988
Guatemala,GTM,1986,231,TRUE,FALSE,2.3654879848909
Guatemala,GTM,1987,112,TRUE,FALSE,2.0530784434834195
Guatemala,GTM,1988,266,TRUE,FALSE,2.4265112613645754
Guatemala,GTM,1989,14,TRUE,FALSE,1.1760912590556813
Guatemala,GTM,1990,21,TRUE,FALSE,1.3424226808222062
Guatemala,GTM,1991,0,FALSE,TRUE,0
Guatemala,GTM,1992,0,FALSE,TRUE,0
Guatemala,GTM,1993,0,FALSE,TRUE,0
Guatemala,GTM,1994,0,FALSE,TRUE,0
Guatemala,GTM,1995,0,FALSE,TRUE,0
Guatemala,GTM,1996,0,FALSE,TRUE,0
Guatemala,GTM,1997,0,FALSE,TRUE,0
Guatemala,GTM,1998,0,FALSE,TRUE,0
Guatemala,GTM,1999,0,FALSE,TRUE,0
Guatemala,GTM,2000,0,FALSE,TRUE,0
Guatemala,GTM,2001,0,FALSE,TRUE,0
Guatemala,GTM,2002,0,FALSE,TRUE,0
Guatemala,GTM,2003,0,FALSE,TRUE,0
Guatemala,GTM,2004,0,FALSE,TRUE,0
Guatemala,GTM,2005,0,FALSE,TRUE,0
Guatemala,GTM,2006,0,FALSE,TRUE,0
Guatemala,GTM,2007,0,FALSE,TRUE,0
Guatemala,GTM,2008,0,FALSE,TRUE,0
Guatemala,GTM,2009,0,FALSE,TRUE,0
Guatemala,GTM,2010,0,FALSE,TRUE,0
Guatemala,GTM,2011,0,FALSE,TRUE,0
Guatemala,GTM,2012,0,FALSE,TRUE,0
Guatemala,GTM,2013,0,FALSE,TRUE,0
Guatemala,GTM,2014,0,FALSE,TRUE,0
Guatemala,GTM,2015,0,FALSE,TRUE,0
Guatemala,GTM,2016,0,FALSE,TRUE,0
Guatemala,GTM,2017,0,FALSE,TRUE,0
Guatemala,GTM,2018,0,FALSE,TRUE,0
Guatemala,GTM,2019,0,FALSE,TRUE,0
Guatemala,GTM,2020,0,FALSE,TRUE,0
Guinea,GIN,1980,224,TRUE,FALSE,2.3521825181113627
Guinea,GIN,1981,294,TRUE,FALSE,2.469822015978163
Guinea,GIN,1982,518,TRUE,FALSE,2.7151673578484576
Guinea,GIN,1983,14,TRUE,FALSE,1.1760912590556813
Guinea,GIN,1984,210,TRUE,FALSE,2.3242824552976926
Guinea,GIN,1985,147,TRUE,FALSE,2.1702617153949575
Guinea,GIN,1986,56,TRUE,FALSE,1.7558748556724915
Guinea,GIN,1987,147,TRUE,FALSE,2.1702617153949575
Guinea,GIN,1988,1785,TRUE,FALSE,3.2518814545525276
Guinea,GIN,1989,595,TRUE,FALSE,2.7752462597402365
Guinea,GIN,1990,1085,TRUE,FALSE,3.035829825252828
Guinea,GIN,1991,1330,TRUE,FALSE,3.124178055474675
Guinea,GIN,1992,413,TRUE,FALSE,2.617000341120899
Guinea,GIN,1993,105,TRUE,FALSE,2.0253058652647704
Guinea,GIN,1994,322,TRUE,FALSE,2.509202522331103
Guinea,GIN,1995,378,TRUE,FALSE,2.578639209968072
Guinea,GIN,1996,19,TRUE,FALSE,1.3010299956639813
Guinea,GIN,1997,2,TRUE,FALSE,0.47712125471966244
Guinea,GIN,1998,4,TRUE,FALSE,0.6989700043360189
Guinea,GIN,1999,24,TRUE,FALSE,1.3979400086720377
Guinea,GIN,2000,0,FALSE,TRUE,0
Guinea,GIN,2001,0,FALSE,TRUE,0
Guinea,GIN,2002,0,FALSE,TRUE,0
Guinea,GIN,2003,0,FALSE,TRUE,0
Guinea,GIN,2004,8,TRUE,FALSE,0.9542425094393249
Guinea,GIN,2005,0,FALSE,TRUE,0
Guinea,GIN,2006,0,FALSE,TRUE,0
Guinea,GIN,2007,0,FALSE,TRUE,0
Guinea,GIN,2008,0,FALSE,TRUE,0
Guinea,GIN,2009,48,TRUE,FALSE,1.6901960800285136
Guinea,GIN,2010,0,FALSE,TRUE,0
Guinea,GIN,2011,3,TRUE,FALSE,0.6020599913279624
Guinea,GIN,2012,0,FALSE,TRUE,0
Guinea,GIN,2013,0,FALSE,TRUE,0
Guinea,GIN,2014,1,TRUE,FALSE,0.3010299956639812
Guinea,GIN,2015,14,TRUE,FALSE,1.1760912590556813
Guinea,GIN,2016,0,FALSE,TRUE,0
Guinea,GIN,2017,0,FALSE,TRUE,0
Guinea,GIN,2018,0,FALSE,TRUE,0
Guinea,GIN,2019,0,FALSE,TRUE,0
Guinea,GIN,2020,88,TRUE,FALSE,1.9493900066449128
Guinea-Bissau,GNB,1980,21,TRUE,FALSE,1.3424226808222062
Guinea-Bissau,GNB,1981,371,TRUE,FALSE,2.5705429398818973
Guinea-Bissau,GNB,1982,1113,TRUE,FALSE,3.04688519083771
Guinea-Bissau,GNB,1983,14,TRUE,FALSE,1.1760912590556813
Guinea-Bissau,GNB,1984,21,TRUE,FALSE,1.3424226808222062
Guinea-Bissau,GNB,1985,154,TRUE,FALSE,2.1903316981702914
Guinea-Bissau,GNB,1986,98,TRUE,FALSE,1.99563519459755
Guinea-Bissau,GNB,1987,63,TRUE,FALSE,1.806179973983887
Guinea-Bissau,GNB,1988,35,TRUE,FALSE,1.5563025007672873
Guinea-Bissau,GNB,1989,0,FALSE,TRUE,0
Guinea-Bissau,GNB,1990,14,TRUE,FALSE,1.1760912590556813
Guinea-Bissau,GNB,1991,0,FALSE,TRUE,0
Guinea-Bissau,GNB,1992,0,FALSE,TRUE,0
Guinea-Bissau,GNB,1993,0,FALSE,TRUE,0
Guinea-Bissau,GNB,1994,0,FALSE,TRUE,0
Guinea-Bissau,GNB,1995,0,FALSE,TRUE,0
Guinea-Bissau,GNB,1996,0,FALSE,TRUE,0
Guinea-Bissau,GNB,1997,1,TRUE,FALSE,0.3010299956639812
Guinea-Bissau,GNB,1999,0,FALSE,TRUE,0
Guinea-Bissau,GNB,2000,0,FALSE,TRUE,0
Guinea-Bissau,GNB,2001,0,FALSE,TRUE,0
Guinea-Bissau,GNB,2002,0,FALSE,TRUE,0
Guinea-Bissau,GNB,2003,0,FALSE,TRUE,0
Guinea-Bissau,GNB,2004,0,FALSE,TRUE,0
Guinea-Bissau,GNB,2005,0,FALSE,TRUE,0
Guinea-Bissau,GNB,2006,0,FALSE,TRUE,0
Guinea-Bissau,GNB,2007,0,FALSE,TRUE,0
Guinea-Bissau,GNB,2008,0,FALSE,TRUE,0
Guinea-Bissau,GNB,2009,0,FALSE,TRUE,0
Guinea-Bissau,GNB,2010,0,FALSE,TRUE,0
Guinea-Bissau,GNB,2011,0,FALSE,TRUE,0
Guinea-Bissau,GNB,2012,0,FALSE,TRUE,0
Guinea-Bissau,GNB,2013,0,FALSE,TRUE,0
Guinea-Bissau,GNB,2014,0,FALSE,TRUE,0
Guinea-Bissau,GNB,2015,0,FALSE,TRUE,0
Guinea-Bissau,GNB,2016,0,FALSE,TRUE,0
Guinea-Bissau,GNB,2017,0,FALSE,TRUE,0
Guinea-Bissau,GNB,2018,0,FALSE,TRUE,0
Guinea-Bissau,GNB,2019,0,FALSE,TRUE,0
Guinea-Bissau,GNB,2020,0,FALSE,TRUE,0
Guyana,GUY,1980,0,FALSE,TRUE,0
Guyana,GUY,1981,0,FALSE,TRUE,0
Guyana,GUY,1982,0,FALSE,TRUE,0
Guyana,GUY,1983,0,FALSE,TRUE,0
Guyana,GUY,1984,0,FALSE,TRUE,0
Guyana,GUY,1985,0,FALSE,TRUE,0
Guyana,GUY,1986,0,FALSE,TRUE,0
Guyana,GUY,1987,0,FALSE,TRUE,0
Guyana,GUY,1988,0,FALSE,TRUE,0
Guyana,GUY,1989,0,FALSE,TRUE,0
Guyana,GUY,1990,0,FALSE,TRUE,0
Guyana,GUY,1991,0,FALSE,TRUE,0
Guyana,GUY,1992,0,FALSE,TRUE,0
Guyana,GUY,1993,0,FALSE,TRUE,0
Guyana,GUY,1994,0,FALSE,TRUE,0
Guyana,GUY,1995,0,FALSE,TRUE,0
Guyana,GUY,1996,0,FALSE,TRUE,0
Guyana,GUY,1997,0,FALSE,TRUE,0
Guyana,GUY,1998,0,FALSE,TRUE,0
Guyana,GUY,1999,0,FALSE,TRUE,0
Guyana,GUY,2000,0,FALSE,TRUE,0
Guyana,GUY,2001,0,FALSE,TRUE,0
Guyana,GUY,2002,0,FALSE,TRUE,0
Guyana,GUY,2003,0,FALSE,TRUE,0
Guyana,GUY,2004,0,FALSE,TRUE,0
Guyana,GUY,2005,0,FALSE,TRUE,0
Guyana,GUY,2006,0,FALSE,TRUE,0
Guyana,GUY,2007,0,FALSE,TRUE,0
Guyana,GUY,2008,0,FALSE,TRUE,0
Guyana,GUY,2010,0,FALSE,TRUE,0
Haiti,HTI,1980,140,TRUE,FALSE,2.1492191126553797
Haiti,HTI,1981,245,TRUE,FALSE,2.3909351071033793
Haiti,HTI,1982,245,TRUE,FALSE,2.3909351071033793
Haiti,HTI,1983,882,TRUE,FALSE,2.9459607035775686
Haiti,HTI,1984,441,TRUE,FALSE,2.645422269349092
Haiti,HTI,1985,574,TRUE,FALSE,2.7596678446896306
Haiti,HTI,1986,42,TRUE,FALSE,1.6334684555795864
Haiti,HTI,1987,84,TRUE,FALSE,1.9294189257142926
Haiti,HTI,1988,63,TRUE,FALSE,1.806179973983887
Haiti,HTI,1989,14,TRUE,FALSE,1.1760912590556813
Haiti,HTI,1990,0,FALSE,TRUE,0
Haiti,HTI,1991,0,FALSE,TRUE,0
Haiti,HTI,1992,0,FALSE,TRUE,0
Haiti,HTI,1993,0,FALSE,TRUE,0
Haiti,HTI,1994,0,FALSE,TRUE,0
Haiti,HTI,1995,0,FALSE,TRUE,0
Haiti,HTI,1996,0,FALSE,TRUE,0
Haiti,HTI,1997,0,FALSE,TRUE,0
Haiti,HTI,1998,0,FALSE,TRUE,0
Haiti,HTI,1999,0,FALSE,TRUE,0
Haiti,HTI,2000,1,TRUE,FALSE,0.3010299956639812
Haiti,HTI,2001,14,TRUE,FALSE,1.1760912590556813
Haiti,HTI,2002,0,FALSE,TRUE,0
Haiti,HTI,2003,0,FALSE,TRUE,0
Haiti,HTI,2004,0,FALSE,TRUE,0
Haiti,HTI,2005,0,FALSE,TRUE,0
Haiti,HTI,2006,0,FALSE,TRUE,0
Haiti,HTI,2007,0,FALSE,TRUE,0
Haiti,HTI,2008,0,FALSE,TRUE,0
Haiti,HTI,2009,0,FALSE,TRUE,0
Haiti,HTI,2010,0,FALSE,TRUE,0
Haiti,HTI,2011,0,FALSE,TRUE,0
Haiti,HTI,2012,0,FALSE,TRUE,0
Haiti,HTI,2013,0,FALSE,TRUE,0
Haiti,HTI,2014,0,FALSE,TRUE,0
Haiti,HTI,2015,0,FALSE,TRUE,0
Haiti,HTI,2016,0,FALSE,TRUE,0
Haiti,HTI,2017,0,FALSE,TRUE,0
Haiti,HTI,2018,0,FALSE,TRUE,0
Haiti,HTI,2019,0,FALSE,TRUE,0
Haiti,HTI,2020,0,FALSE,TRUE,0
Honduras,HND,1980,21,TRUE,FALSE,1.3424226808222062
Honduras,HND,1981,126,TRUE,FALSE,2.103803720955957
Honduras,HND,1982,56,TRUE,FALSE,1.7558748556724915
Honduras,HND,1983,56,TRUE,FALSE,1.7558748556724915
Honduras,HND,1984,406,TRUE,FALSE,2.60959440922522
Honduras,HND,1985,28,TRUE,FALSE,1.462397997898956
Honduras,HND,1986,42,TRUE,FALSE,1.6334684555795864
Honduras,HND,1987,91,TRUE,FALSE,1.9637878273455553
Honduras,HND,1988,49,TRUE,FALSE,1.6989700043360187
Honduras,HND,1989,7,TRUE,FALSE,0.9030899869919435
Honduras,HND,1990,0,FALSE,TRUE,0
Honduras,HND,1991,0,FALSE,TRUE,0
Honduras,HND,1992,0,FALSE,TRUE,0
Honduras,HND,1993,0,FALSE,TRUE,0
Honduras,HND,1994,0,FALSE,TRUE,0
Honduras,HND,1995,0,FALSE,TRUE,0
Honduras,HND,1996,0,FALSE,TRUE,0
Honduras,HND,1997,0,FALSE,TRUE,0
Honduras,HND,1998,0,FALSE,TRUE,0
Honduras,HND,1999,0,FALSE,TRUE,0
Honduras,HND,2000,0,FALSE,TRUE,0
Honduras,HND,2001,0,FALSE,TRUE,0
Honduras,HND,2002,0,FALSE,TRUE,0
Honduras,HND,2003,0,FALSE,TRUE,0
Honduras,HND,2004,0,FALSE,TRUE,0
Honduras,HND,2005,0,FALSE,TRUE,0
Honduras,HND,2006,0,FALSE,TRUE,0
Honduras,HND,2007,0,FALSE,TRUE,0
Honduras,HND,2008,0,FALSE,TRUE,0
Honduras,HND,2009,0,FALSE,TRUE,0
Honduras,HND,2010,0,FALSE,TRUE,0
Honduras,HND,2011,0,FALSE,TRUE,0
Honduras,HND,2012,0,FALSE,TRUE,0
Honduras,HND,2013,0,FALSE,TRUE,0
Honduras,HND,2014,0,FALSE,TRUE,0
Honduras,HND,2015,0,FALSE,TRUE,0
Honduras,HND,2016,0,FALSE,TRUE,0
Honduras,HND,2017,0,FALSE,TRUE,0
Honduras,HND,2018,0,FALSE,TRUE,0
Honduras,HND,2019,0,FALSE,TRUE,0
Honduras,HND,2020,0,FALSE,TRUE,0
Hong Kong,HKG,2001,0,FALSE,TRUE,0
Hong Kong,HKG,2002,0,FALSE,TRUE,0
Hong Kong,HKG,2003,0,FALSE,TRUE,0
Hong Kong,HKG,2004,0,FALSE,TRUE,0
Hong Kong,HKG,2005,0,FALSE,TRUE,0
Hong Kong,HKG,2006,0,FALSE,TRUE,0
Hong Kong,HKG,2007,0,FALSE,TRUE,0
Hong Kong,HKG,2008,0,FALSE,TRUE,0
Hong Kong,HKG,2009,0,FALSE,TRUE,0
Hong Kong,HKG,2010,0,FALSE,TRUE,0
Hong Kong,HKG,2011,0,FALSE,TRUE,0
Hong Kong,HKG,2012,0,FALSE,TRUE,0
Hong Kong,HKG,2013,0,FALSE,TRUE,0
Hong Kong,HKG,2014,0,FALSE,TRUE,0
Hong Kong,HKG,2015,0,FALSE,TRUE,0
Hong Kong,HKG,2016,0,FALSE,TRUE,0
Hong Kong,HKG,2017,0,FALSE,TRUE,0
Hong Kong,HKG,2018,0,FALSE,TRUE,0
Hong Kong,HKG,2019,0,FALSE,TRUE,0
Hong Kong,HKG,2020,0,FALSE,TRUE,0
Hungary,HUN,1980,7,TRUE,FALSE,0.9030899869919435
Hungary,HUN,1981,7,TRUE,FALSE,0.9030899869919435
Hungary,HUN,1982,0,FALSE,TRUE,0
Hungary,HUN,1983,7,TRUE,FALSE,0.9030899869919435
Hungary,HUN,1984,7,TRUE,FALSE,0.9030899869919435
Hungary,HUN,1985,0,FALSE,TRUE,0
Hungary,HUN,1986,0,FALSE,TRUE,0
Hungary,HUN,1987,0,FALSE,TRUE,0
Hungary,HUN,1988,0,FALSE,TRUE,0
Hungary,HUN,1989,0,FALSE,TRUE,0
Hungary,HUN,1990,0,FALSE,TRUE,0
Hungary,HUN,1991,0,FALSE,TRUE,0
Hungary,HUN,1992,0,FALSE,TRUE,0
Hungary,HUN,1993,0,FALSE,TRUE,0
Hungary,HUN,1994,0,FALSE,TRUE,0
Hungary,HUN,1995,0,FALSE,TRUE,0
Hungary,HUN,1996,0,FALSE,TRUE,0
Hungary,HUN,1997,0,FALSE,TRUE,0
Hungary,HUN,1998,0,FALSE,TRUE,0
Hungary,HUN,1999,0,FALSE,TRUE,0
Hungary,HUN,2000,0,FALSE,TRUE,0
Hungary,HUN,2001,0,FALSE,TRUE,0
Hungary,HUN,2002,0,FALSE,TRUE,0
Hungary,HUN,2003,0,FALSE,TRUE,0
Hungary,HUN,2004,0,FALSE,TRUE,0
Hungary,HUN,2005,0,FALSE,TRUE,0
Hungary,HUN,2006,0,FALSE,TRUE,0
Hungary,HUN,2007,0,FALSE,TRUE,0
Hungary,HUN,2008,0,FALSE,TRUE,0
Hungary,HUN,2009,0,FALSE,TRUE,0
Hungary,HUN,2010,0,FALSE,TRUE,0
Hungary,HUN,2011,0,FALSE,TRUE,0
Hungary,HUN,2012,0,FALSE,TRUE,0
Hungary,HUN,2013,0,FALSE,TRUE,0
Hungary,HUN,2014,0,FALSE,TRUE,0
Hungary,HUN,2015,0,FALSE,TRUE,0
Hungary,HUN,2016,0,FALSE,TRUE,0
Hungary,HUN,2017,0,FALSE,TRUE,0
Hungary,HUN,2018,0,FALSE,TRUE,0
Hungary,HUN,2019,0,FALSE,TRUE,0
Hungary,HUN,2020,0,FALSE,TRUE,0
Iceland,ISL,1980,0,FALSE,TRUE,0
Iceland,ISL,1981,0,FALSE,TRUE,0
Iceland,ISL,1982,0,FALSE,TRUE,0
Iceland,ISL,1983,0,FALSE,TRUE,0
Iceland,ISL,1984,0,FALSE,TRUE,0
Iceland,ISL,1985,0,FALSE,TRUE,0
Iceland,ISL,1986,0,FALSE,TRUE,0
Iceland,ISL,1987,0,FALSE,TRUE,0
Iceland,ISL,1988,0,FALSE,TRUE,0
Iceland,ISL,1989,0,FALSE,TRUE,0
Iceland,ISL,1990,0,FALSE,TRUE,0
Iceland,ISL,1991,0,FALSE,TRUE,0
Iceland,ISL,1992,0,FALSE,TRUE,0
Iceland,ISL,1993,0,FALSE,TRUE,0
Iceland,ISL,1994,0,FALSE,TRUE,0
Iceland,ISL,1995,0,FALSE,TRUE,0
Iceland,ISL,1996,0,FALSE,TRUE,0
Iceland,ISL,1997,0,FALSE,TRUE,0
Iceland,ISL,1998,0,FALSE,TRUE,0
Iceland,ISL,1999,0,FALSE,TRUE,0
Iceland,ISL,2000,0,FALSE,TRUE,0
Iceland,ISL,2001,0,FALSE,TRUE,0
Iceland,ISL,2002,0,FALSE,TRUE,0
Iceland,ISL,2003,0,FALSE,TRUE,0
Iceland,ISL,2004,0,FALSE,TRUE,0
Iceland,ISL,2005,0,FALSE,TRUE,0
Iceland,ISL,2006,0,FALSE,TRUE,0
Iceland,ISL,2007,0,FALSE,TRUE,0
Iceland,ISL,2008,0,FALSE,TRUE,0
Iceland,ISL,2009,0,FALSE,TRUE,0
Iceland,ISL,2010,0,FALSE,TRUE,0
Iceland,ISL,2011,0,FALSE,TRUE,0
Iceland,ISL,2012,0,FALSE,TRUE,0
Iceland,ISL,2013,0,FALSE,TRUE,0
Iceland,ISL,2014,0,FALSE,TRUE,0
Iceland,ISL,2015,0,FALSE,TRUE,0
Iceland,ISL,2016,0,FALSE,TRUE,0
Iceland,ISL,2017,0,FALSE,TRUE,0
Iceland,ISL,2018,0,FALSE,TRUE,0
Iceland,ISL,2019,0,FALSE,TRUE,0
Iceland,ISL,2020,0,FALSE,TRUE,0
India,IND,1980,132825,TRUE,FALSE,5.123283094243714
India,IND,1981,266630,TRUE,FALSE,5.42591064150042
India,IND,1982,184079,TRUE,FALSE,5.265006605660587
India,IND,1983,172641,TRUE,FALSE,5.2371464585247285
India,IND,1984,161749,TRUE,FALSE,5.208844289340738
India,IND,1985,157990,TRUE,FALSE,5.1986323479565515
India,IND,1986,141050,TRUE,FALSE,5.149376169491331
India,IND,1987,197848,TRUE,FALSE,5.296333859527094
India,IND,1988,166600,TRUE,FALSE,5.2216776038725605
India,IND,1989,97405,TRUE,FALSE,4.988585709308133
India,IND,1990,72856,TRUE,FALSE,4.862471284525037
India,IND,1991,41272,TRUE,FALSE,4.615666037476722
India,IND,1992,65765,TRUE,FALSE,4.818001428133308
India,IND,1993,29659,TRUE,FALSE,4.4721711466923635
India,IND,1994,33537,TRUE,FALSE,4.525537160391059
India,IND,1995,22841,TRUE,FALSE,4.3587341271980105
India,IND,1996,1116,TRUE,FALSE,3.048053173115609
India,IND,1997,2525,TRUE,FALSE,3.402433346219312
India,IND,1998,4797,TRUE,FALSE,3.6810602436318116
India,IND,1999,3127,TRUE,FALSE,3.4952667443878105
India,IND,2000,294,TRUE,FALSE,2.469822015978163
India,IND,2001,536,TRUE,FALSE,2.7299742856995555
India,IND,2002,3200,TRUE,FALSE,3.5052856741441323
India,IND,2003,450,TRUE,FALSE,2.6541765418779604
India,IND,2004,149,TRUE,FALSE,2.1760912590556813
India,IND,2005,73,TRUE,FALSE,1.8692317197309762
India,IND,2006,750,TRUE,FALSE,2.8756399370041685
India,IND,2007,970,TRUE,FALSE,2.9872192299080047
India,IND,2008,620,TRUE,FALSE,2.79309160017658
India,IND,2009,839,TRUE,FALSE,2.9242792860618816
India,IND,2010,49,TRUE,FALSE,1.6989700043360187
India,IND,2011,1,TRUE,FALSE,0.3010299956639812
India,IND,2012,0,FALSE,TRUE,0
India,IND,2013,0,FALSE,TRUE,0
India,IND,2014,0,FALSE,TRUE,0
India,IND,2015,0,FALSE,TRUE,0
India,IND,2016,0,FALSE,TRUE,0
India,IND,2017,0,FALSE,TRUE,0
India,IND,2018,0,FALSE,TRUE,0
India,IND,2019,0,FALSE,TRUE,0
India,IND,2020,0,FALSE,TRUE,0
Indonesia,IDN,1980,1274,TRUE,FALSE,3.1055101847699738
Indonesia,IDN,1981,6587,TRUE,FALSE,3.8187535904977166
Indonesia,IDN,1982,1526,TRUE,FALSE,3.1838390370564214
Indonesia,IDN,1983,399,TRUE,FALSE,2.6020599913279625
Indonesia,IDN,1984,889,TRUE,FALSE,2.949390006644913
Indonesia,IDN,1985,616,TRUE,FALSE,2.7902851640332416
Indonesia,IDN,1986,168,TRUE,FALSE,2.2278867046136734
Indonesia,IDN,1987,8099,TRUE,FALSE,3.90848501887865
Indonesia,IDN,1988,5411,TRUE,FALSE,3.7333577879255855
Indonesia,IDN,1989,4249,TRUE,FALSE,3.6283889300503116
Indonesia,IDN,1990,3255,TRUE,FALSE,3.5126843962171637
Indonesia,IDN,1991,1477,TRUE,FALSE,3.1696744340588068
Indonesia,IDN,1992,553,TRUE,FALSE,2.74350976472843
Indonesia,IDN,1993,70,TRUE,FALSE,1.8512583487190752
Indonesia,IDN,1994,70,TRUE,FALSE,1.8512583487190752
Indonesia,IDN,1995,84,TRUE,FALSE,1.9294189257142926
Indonesia,IDN,1996,85,TRUE,FALSE,1.9344984512435677
Indonesia,IDN,1997,325,TRUE,FALSE,2.513217600067939
Indonesia,IDN,1998,54,TRUE,FALSE,1.7403626894942439
Indonesia,IDN,1999,43,TRUE,FALSE,1.6434526764861874
Indonesia,IDN,2000,39,TRUE,FALSE,1.6020599913279623
Indonesia,IDN,2001,0,FALSE,TRUE,0
Indonesia,IDN,2002,0,FALSE,TRUE,0
Indonesia,IDN,2003,0,FALSE,TRUE,0
Indonesia,IDN,2004,0,FALSE,TRUE,0
Indonesia,IDN,2005,387,TRUE,FALSE,2.5888317255942073
Indonesia,IDN,2006,2,TRUE,FALSE,0.47712125471966244
Indonesia,IDN,2007,0,FALSE,TRUE,0
Indonesia,IDN,2008,0,FALSE,TRUE,0
Indonesia,IDN,2009,0,FALSE,TRUE,0
Indonesia,IDN,2010,0,FALSE,TRUE,0
Indonesia,IDN,2011,0,FALSE,TRUE,0
Indonesia,IDN,2012,0,FALSE,TRUE,0
Indonesia,IDN,2013,0,FALSE,TRUE,0
Indonesia,IDN,2014,0,FALSE,TRUE,0
Indonesia,IDN,2015,0,FALSE,TRUE,0
Indonesia,IDN,2016,0,FALSE,TRUE,0
Indonesia,IDN,2017,0,FALSE,TRUE,0
Indonesia,IDN,2018,1,TRUE,FALSE,0.3010299956639812
Indonesia,IDN,2019,0,FALSE,TRUE,0
Indonesia,IDN,2020,0,FALSE,TRUE,0
Iran,IRN,1980,560,TRUE,FALSE,2.7489628612561616
Iran,IRN,1981,1344,TRUE,FALSE,3.128722284338427
Iran,IRN,1982,1337,TRUE,FALSE,3.1264561134318045
Iran,IRN,1983,735,TRUE,FALSE,2.866877814337499
Iran,IRN,1984,700,TRUE,FALSE,2.8457180179666586
Iran,IRN,1985,371,TRUE,FALSE,2.5705429398818973
Iran,IRN,1986,490,TRUE,FALSE,2.6910814921229687
Iran,IRN,1987,217,TRUE,FALSE,2.3384564936046046
Iran,IRN,1988,252,TRUE,FALSE,2.403120521175818
Iran,IRN,1989,91,TRUE,FALSE,1.9637878273455553
Iran,IRN,1990,105,TRUE,FALSE,2.0253058652647704
Iran,IRN,1991,385,TRUE,FALSE,2.586587304671755
Iran,IRN,1992,308,TRUE,FALSE,2.4899584794248346
Iran,IRN,1993,749,TRUE,FALSE,2.8750612633917
Iran,IRN,1994,651,TRUE,FALSE,2.81424759573192
Iran,IRN,1995,707,TRUE,FALSE,2.850033257689769
Iran,IRN,1996,13,TRUE,FALSE,1.146128035678238
Iran,IRN,1997,14,TRUE,FALSE,1.1760912590556813
Iran,IRN,1998,4,TRUE,FALSE,0.6989700043360189
Iran,IRN,1999,3,TRUE,FALSE,0.6020599913279624
Iran,IRN,2000,3,TRUE,FALSE,0.6020599913279624
Iran,IRN,2001,0,FALSE,TRUE,0
Iran,IRN,2002,0,FALSE,TRUE,0
Iran,IRN,2003,0,FALSE,TRUE,0
Iran,IRN,2004,0,FALSE,TRUE,0
Iran,IRN,2005,0,FALSE,TRUE,0
Iran,IRN,2006,0,FALSE,TRUE,0
Iran,IRN,2007,0,FALSE,TRUE,0
Iran,IRN,2008,0,FALSE,TRUE,0
Iran,IRN,2009,0,FALSE,TRUE,0
Iran,IRN,2010,0,FALSE,TRUE,0
Iran,IRN,2011,0,FALSE,TRUE,0
Iran,IRN,2012,0,FALSE,TRUE,0
Iran,IRN,2013,0,FALSE,TRUE,0
Iran,IRN,2014,0,FALSE,TRUE,0
Iran,IRN,2015,0,FALSE,TRUE,0
Iran,IRN,2016,0,FALSE,TRUE,0
Iran,IRN,2017,0,FALSE,TRUE,0
Iran,IRN,2018,0,FALSE,TRUE,0
Iran,IRN,2019,0,FALSE,TRUE,0
Iran,IRN,2020,0,FALSE,TRUE,0
Iraq,IRQ,1980,6979,TRUE,FALSE,3.843855422623161
Iraq,IRQ,1981,2940,TRUE,FALSE,3.468495024507069
Iraq,IRQ,1982,2933,TRUE,FALSE,3.4674601095072637
Iraq,IRQ,1983,1064,TRUE,FALSE,3.0273496077747564
Iraq,IRQ,1984,1561,TRUE,FALSE,3.1936810295412816
Iraq,IRQ,1985,1386,TRUE,FALSE,3.1420764610732848
Iraq,IRQ,1986,560,TRUE,FALSE,2.7489628612561616
Iraq,IRQ,1987,315,TRUE,FALSE,2.499687082618404
Iraq,IRQ,1988,483,TRUE,FALSE,2.6848453616444123
Iraq,IRQ,1989,70,TRUE,FALSE,1.8512583487190752
Iraq,IRQ,1990,392,TRUE,FALSE,2.5943925503754266
Iraq,IRQ,1991,1302,TRUE,FALSE,3.1149444157125847
Iraq,IRQ,1992,840,TRUE,FALSE,2.924795995797912
Iraq,IRQ,1993,525,TRUE,FALSE,2.7209857441537393
Iraq,IRQ,1994,441,TRUE,FALSE,2.645422269349092
Iraq,IRQ,1995,238,TRUE,FALSE,2.3783979009481375
Iraq,IRQ,1996,23,TRUE,FALSE,1.380211241711606
Iraq,IRQ,1997,31,TRUE,FALSE,1.505149978319906
Iraq,IRQ,1998,41,TRUE,FALSE,1.6232492903979006
Iraq,IRQ,1999,98,TRUE,FALSE,1.99563519459755
Iraq,IRQ,2000,4,TRUE,FALSE,0.6989700043360189
Iraq,IRQ,2001,0,FALSE,TRUE,0
Iraq,IRQ,2002,0,FALSE,TRUE,0
Iraq,IRQ,2003,0,FALSE,TRUE,0
Iraq,IRQ,2004,0,FALSE,TRUE,0
Iraq,IRQ,2005,0,FALSE,TRUE,0
Iraq,IRQ,2006,0,FALSE,TRUE,0
Iraq,IRQ,2007,0,FALSE,TRUE,0
Iraq,IRQ,2008,0,FALSE,TRUE,0
Iraq,IRQ,2009,0,FALSE,TRUE,0
Iraq,IRQ,2010,0,FALSE,TRUE,0
Iraq,IRQ,2011,0,FALSE,TRUE,0
Iraq,IRQ,2012,0,FALSE,TRUE,0
Iraq,IRQ,2013,0,FALSE,TRUE,0
Iraq,IRQ,2014,2,TRUE,FALSE,0.47712125471966244
Iraq,IRQ,2015,0,FALSE,TRUE,0
Iraq,IRQ,2016,0,FALSE,TRUE,0
Iraq,IRQ,2017,0,FALSE,TRUE,0
Iraq,IRQ,2018,0,FALSE,TRUE,0
Iraq,IRQ,2019,0,FALSE,TRUE,0
Iraq,IRQ,2020,0,FALSE,TRUE,0
Ireland,IRL,1980,7,TRUE,FALSE,0.9030899869919435
Ireland,IRL,1981,0,FALSE,TRUE,0
Ireland,IRL,1982,7,TRUE,FALSE,0.9030899869919435
Ireland,IRL,1983,0,FALSE,TRUE,0
Ireland,IRL,1984,0,FALSE,TRUE,0
Ireland,IRL,1985,0,FALSE,TRUE,0
Ireland,IRL,1986,0,FALSE,TRUE,0
Ireland,IRL,1987,0,FALSE,TRUE,0
Ireland,IRL,1988,0,FALSE,TRUE,0
Ireland,IRL,1989,0,FALSE,TRUE,0
Ireland,IRL,1990,0,FALSE,TRUE,0
Ireland,IRL,1991,0,FALSE,TRUE,0
Ireland,IRL,1992,0,FALSE,TRUE,0
Ireland,IRL,1993,0,FALSE,TRUE,0
Ireland,IRL,1994,0,FALSE,TRUE,0
Ireland,IRL,1995,0,FALSE,TRUE,0
Ireland,IRL,1996,0,FALSE,TRUE,0
Ireland,IRL,1997,0,FALSE,TRUE,0
Ireland,IRL,1998,0,FALSE,TRUE,0
Ireland,IRL,1999,0,FALSE,TRUE,0
Ireland,IRL,2000,0,FALSE,TRUE,0
Ireland,IRL,2001,0,FALSE,TRUE,0
Ireland,IRL,2002,0,FALSE,TRUE,0
Ireland,IRL,2003,0,FALSE,TRUE,0
Ireland,IRL,2004,0,FALSE,TRUE,0
Ireland,IRL,2005,0,FALSE,TRUE,0
Ireland,IRL,2006,0,FALSE,TRUE,0
Ireland,IRL,2007,0,FALSE,TRUE,0
Ireland,IRL,2008,0,FALSE,TRUE,0
Ireland,IRL,2009,0,FALSE,TRUE,0
Ireland,IRL,2010,0,FALSE,TRUE,0
Ireland,IRL,2011,0,FALSE,TRUE,0
Ireland,IRL,2012,0,FALSE,TRUE,0
Ireland,IRL,2013,0,FALSE,TRUE,0
Ireland,IRL,2014,0,FALSE,TRUE,0
Ireland,IRL,2015,0,FALSE,TRUE,0
Ireland,IRL,2016,0,FALSE,TRUE,0
Ireland,IRL,2017,0,FALSE,TRUE,0
Ireland,IRL,2018,0,FALSE,TRUE,0
Ireland,IRL,2019,0,FALSE,TRUE,0
Ireland,IRL,2020,0,FALSE,TRUE,0
Israel,ISR,1980,77,TRUE,FALSE,1.8920946026904804
Israel,ISR,1981,56,TRUE,FALSE,1.7558748556724915
Israel,ISR,1982,35,TRUE,FALSE,1.5563025007672873
Israel,ISR,1983,28,TRUE,FALSE,1.462397997898956
Israel,ISR,1984,7,TRUE,FALSE,0.9030899869919435
Israel,ISR,1985,14,TRUE,FALSE,1.1760912590556813
Israel,ISR,1986,0,FALSE,TRUE,0
Israel,ISR,1987,14,TRUE,FALSE,1.1760912590556813
Israel,ISR,1988,112,TRUE,FALSE,2.0530784434834195
Israel,ISR,1989,0,FALSE,TRUE,0
Israel,ISR,1990,0,FALSE,TRUE,0
Israel,ISR,1991,0,FALSE,TRUE,0
Israel,ISR,1992,0,FALSE,TRUE,0
Israel,ISR,1993,0,FALSE,TRUE,0
Israel,ISR,1994,0,FALSE,TRUE,0
Israel,ISR,1995,0,FALSE,TRUE,0
Israel,ISR,1996,0,FALSE,TRUE,0
Israel,ISR,1997,0,FALSE,TRUE,0
Israel,ISR,1998,0,FALSE,TRUE,0
Israel,ISR,1999,0,FALSE,TRUE,0
Israel,ISR,2000,0,FALSE,TRUE,0
Israel,ISR,2001,0,FALSE,TRUE,0
Israel,ISR,2002,0,FALSE,TRUE,0
Israel,ISR,2003,0,FALSE,TRUE,0
Israel,ISR,2004,0,FALSE,TRUE,0
Israel,ISR,2005,0,FALSE,TRUE,0
Israel,ISR,2006,0,FALSE,TRUE,0
Israel,ISR,2007,0,FALSE,TRUE,0
Israel,ISR,2008,0,FALSE,TRUE,0
Israel,ISR,2009,0,FALSE,TRUE,0
Israel,ISR,2010,0,FALSE,TRUE,0
Israel,ISR,2011,0,FALSE,TRUE,0
Israel,ISR,2012,0,FALSE,TRUE,0
Israel,ISR,2013,0,FALSE,TRUE,0
Israel,ISR,2014,0,FALSE,TRUE,0
Israel,ISR,2015,0,FALSE,TRUE,0
Israel,ISR,2016,0,FALSE,TRUE,0
Israel,ISR,2017,0,FALSE,TRUE,0
Israel,ISR,2018,0,FALSE,TRUE,0
Israel,ISR,2019,0,FALSE,TRUE,0
Israel,ISR,2020,0,FALSE,TRUE,0
Italy,ITA,1980,7,TRUE,FALSE,0.9030899869919435
Italy,ITA,1981,7,TRUE,FALSE,0.9030899869919435
Italy,ITA,1982,21,TRUE,FALSE,1.3424226808222062
Italy,ITA,1983,7,TRUE,FALSE,0.9030899869919435
Italy,ITA,1984,7,TRUE,FALSE,0.9030899869919435
Italy,ITA,1985,0,FALSE,TRUE,0
Italy,ITA,1986,0,FALSE,TRUE,0
Italy,ITA,1987,0,FALSE,TRUE,0
Italy,ITA,1988,7,TRUE,FALSE,0.9030899869919435
Italy,ITA,1989,0,FALSE,TRUE,0
Italy,ITA,1990,0,FALSE,TRUE,0
Italy,ITA,1991,0,FALSE,TRUE,0
Italy,ITA,1992,0,FALSE,TRUE,0
Italy,ITA,1993,0,FALSE,TRUE,0
Italy,ITA,1994,0,FALSE,TRUE,0
Italy,ITA,1995,0,FALSE,TRUE,0
Italy,ITA,1996,0,FALSE,TRUE,0
Italy,ITA,1997,0,FALSE,TRUE,0
Italy,ITA,1998,0,FALSE,TRUE,0
Italy,ITA,1999,0,FALSE,TRUE,0
Italy,ITA,2000,0,FALSE,TRUE,0
Italy,ITA,2001,0,FALSE,TRUE,0
Italy,ITA,2002,0,FALSE,TRUE,0
Italy,ITA,2003,0,FALSE,TRUE,0
Italy,ITA,2004,0,FALSE,TRUE,0
Italy,ITA,2005,0,FALSE,TRUE,0
Italy,ITA,2006,0,FALSE,TRUE,0
Italy,ITA,2007,0,FALSE,TRUE,0
Italy,ITA,2008,0,FALSE,TRUE,0
Italy,ITA,2009,0,FALSE,TRUE,0
Italy,ITA,2010,0,FALSE,TRUE,0
Italy,ITA,2011,0,FALSE,TRUE,0
Italy,ITA,2012,0,FALSE,TRUE,0
Italy,ITA,2013,0,FALSE,TRUE,0
Italy,ITA,2014,0,FALSE,TRUE,0
Italy,ITA,2015,0,FALSE,TRUE,0
Italy,ITA,2016,0,FALSE,TRUE,0
Italy,ITA,2017,0,FALSE,TRUE,0
Italy,ITA,2018,0,FALSE,TRUE,0
Italy,ITA,2019,0,FALSE,TRUE,0
Italy,ITA,2020,0,FALSE,TRUE,0
Jamaica,JAM,1980,0,FALSE,TRUE,0
Jamaica,JAM,1981,0,FALSE,TRUE,0
Jamaica,JAM,1982,420,TRUE,FALSE,2.6242820958356683
Jamaica,JAM,1983,0,FALSE,TRUE,0
Jamaica,JAM,1984,0,FALSE,TRUE,0
Jamaica,JAM,1985,0,FALSE,TRUE,0
Jamaica,JAM,1986,0,FALSE,TRUE,0
Jamaica,JAM,1987,0,FALSE,TRUE,0
Jamaica,JAM,1988,0,FALSE,TRUE,0
Jamaica,JAM,1989,0,FALSE,TRUE,0
Jamaica,JAM,1990,0,FALSE,TRUE,0
Jamaica,JAM,1991,0,FALSE,TRUE,0
Jamaica,JAM,1992,0,FALSE,TRUE,0
Jamaica,JAM,1993,0,FALSE,TRUE,0
Jamaica,JAM,1994,0,FALSE,TRUE,0
Jamaica,JAM,1995,0,FALSE,TRUE,0
Jamaica,JAM,1996,0,FALSE,TRUE,0
Jamaica,JAM,1997,0,FALSE,TRUE,0
Jamaica,JAM,1998,0,FALSE,TRUE,0
Jamaica,JAM,1999,0,FALSE,TRUE,0
Jamaica,JAM,2000,0,FALSE,TRUE,0
Jamaica,JAM,2001,0,FALSE,TRUE,0
Jamaica,JAM,2002,0,FALSE,TRUE,0
Jamaica,JAM,2003,0,FALSE,TRUE,0
Jamaica,JAM,2004,0,FALSE,TRUE,0
Jamaica,JAM,2005,0,FALSE,TRUE,0
Jamaica,JAM,2006,0,FALSE,TRUE,0
Jamaica,JAM,2007,0,FALSE,TRUE,0
Jamaica,JAM,2008,0,FALSE,TRUE,0
Jamaica,JAM,2010,0,FALSE,TRUE,0
Japan,JPN,1980,28,TRUE,FALSE,1.462397997898956
Japan,JPN,1981,14,TRUE,FALSE,1.1760912590556813
Japan,JPN,1982,7,TRUE,FALSE,0.9030899869919435
Japan,JPN,1983,0,FALSE,TRUE,0
Japan,JPN,1984,0,FALSE,TRUE,0
Japan,JPN,1985,0,FALSE,TRUE,0
Japan,JPN,1986,0,FALSE,TRUE,0
Japan,JPN,1987,0,FALSE,TRUE,0
Japan,JPN,1988,0,FALSE,TRUE,0
Japan,JPN,1989,0,FALSE,TRUE,0
Japan,JPN,1990,0,FALSE,TRUE,0
Japan,JPN,1991,0,FALSE,TRUE,0
Japan,JPN,1992,0,FALSE,TRUE,0
Japan,JPN,1993,0,FALSE,TRUE,0
Japan,JPN,1994,0,FALSE,TRUE,0
Japan,JPN,1995,0,FALSE,TRUE,0
Japan,JPN,1996,0,FALSE,TRUE,0
Japan,JPN,1998,0,FALSE,TRUE,0
Japan,JPN,1999,0,FALSE,TRUE,0
Japan,JPN,2000,0,FALSE,TRUE,0
Japan,JPN,2001,0,FALSE,TRUE,0
Japan,JPN,2002,0,FALSE,TRUE,0
Japan,JPN,2003,0,FALSE,TRUE,0
Japan,JPN,2004,0,FALSE,TRUE,0
Japan,JPN,2005,0,FALSE,TRUE,0
Japan,JPN,2006,0,FALSE,TRUE,0
Japan,JPN,2007,0,FALSE,TRUE,0
Japan,JPN,2008,0,FALSE,TRUE,0
Japan,JPN,2009,0,FALSE,TRUE,0
Japan,JPN,2010,0,FALSE,TRUE,0
Japan,JPN,2011,0,FALSE,TRUE,0
Japan,JPN,2012,0,FALSE,TRUE,0
Japan,JPN,2013,0,FALSE,TRUE,0
Japan,JPN,2014,0,FALSE,TRUE,0
Japan,JPN,2015,0,FALSE,TRUE,0
Japan,JPN,2016,0,FALSE,TRUE,0
Japan,JPN,2017,0,FALSE,TRUE,0
Japan,JPN,2018,0,FALSE,TRUE,0
Japan,JPN,2019,0,FALSE,TRUE,0
Japan,JPN,2020,0,FALSE,TRUE,0
Jordan,JOR,1980,105,TRUE,FALSE,2.0253058652647704
Jordan,JOR,1981,7,TRUE,FALSE,0.9030899869919435
Jordan,JOR,1982,14,TRUE,FALSE,1.1760912590556813
Jordan,JOR,1983,14,TRUE,FALSE,1.1760912590556813
Jordan,JOR,1984,7,TRUE,FALSE,0.9030899869919435
Jordan,JOR,1985,7,TRUE,FALSE,0.9030899869919435
Jordan,JOR,1986,14,TRUE,FALSE,1.1760912590556813
Jordan,JOR,1987,0,FALSE,TRUE,0
Jordan,JOR,1988,14,TRUE,FALSE,1.1760912590556813
Jordan,JOR,1989,0,FALSE,TRUE,0
Jordan,JOR,1990,0,FALSE,TRUE,0
Jordan,JOR,1991,98,TRUE,FALSE,1.99563519459755
Jordan,JOR,1992,126,TRUE,FALSE,2.103803720955957
Jordan,JOR,1993,0,FALSE,TRUE,0
Jordan,JOR,1994,28,TRUE,FALSE,1.462397997898956
Jordan,JOR,1995,0,FALSE,TRUE,0
Jordan,JOR,1996,0,FALSE,TRUE,0
Jordan,JOR,1997,0,FALSE,TRUE,0
Jordan,JOR,1998,0,FALSE,TRUE,0
Jordan,JOR,1999,0,FALSE,TRUE,0
Jordan,JOR,2000,0,FALSE,TRUE,0
Jordan,JOR,2001,0,FALSE,TRUE,0
Jordan,JOR,2002,0,FALSE,TRUE,0
Jordan,JOR,2003,0,FALSE,TRUE,0
Jordan,JOR,2004,0,FALSE,TRUE,0
Jordan,JOR,2005,0,FALSE,TRUE,0
Jordan,JOR,2006,0,FALSE,TRUE,0
Jordan,JOR,2007,0,FALSE,TRUE,0
Jordan,JOR,2008,0,FALSE,TRUE,0
Jordan,JOR,2009,0,FALSE,TRUE,0
Jordan,JOR,2010,0,FALSE,TRUE,0
Jordan,JOR,2011,0,FALSE,TRUE,0
Jordan,JOR,2012,0,FALSE,TRUE,0
Jordan,JOR,2013,0,FALSE,TRUE,0
Jordan,JOR,2014,0,FALSE,TRUE,0
Jordan,JOR,2015,0,FALSE,TRUE,0
Jordan,JOR,2016,0,FALSE,TRUE,0
Jordan,JOR,2017,0,FALSE,TRUE,0
Jordan,JOR,2018,0,FALSE,TRUE,0
Jordan,JOR,2019,0,FALSE,TRUE,0
Jordan,JOR,2020,0,FALSE,TRUE,0
Kazakhstan,KAZ,1991,35,TRUE,FALSE,1.5563025007672873
Kazakhstan,KAZ,1992,42,TRUE,FALSE,1.6334684555795864
Kazakhstan,KAZ,1993,7,TRUE,FALSE,0.9030899869919435
Kazakhstan,KAZ,1994,21,TRUE,FALSE,1.3424226808222062
Kazakhstan,KAZ,1995,14,TRUE,FALSE,1.1760912590556813
Kazakhstan,KAZ,1996,0,FALSE,TRUE,0
Kazakhstan,KAZ,1997,0,FALSE,TRUE,0
Kazakhstan,KAZ,1998,0,FALSE,TRUE,0
Kazakhstan,KAZ,1999,0,FALSE,TRUE,0
Kazakhstan,KAZ,2000,0,FALSE,TRUE,0
Kazakhstan,KAZ,2001,0,FALSE,TRUE,0
Kazakhstan,KAZ,2002,0,FALSE,TRUE,0
Kazakhstan,KAZ,2003,0,FALSE,TRUE,0
Kazakhstan,KAZ,2004,0,FALSE,TRUE,0
Kazakhstan,KAZ,2005,0,FALSE,TRUE,0
Kazakhstan,KAZ,2006,0,FALSE,TRUE,0
Kazakhstan,KAZ,2007,0,FALSE,TRUE,0
Kazakhstan,KAZ,2008,0,FALSE,TRUE,0
Kazakhstan,KAZ,2009,0,FALSE,TRUE,0
Kazakhstan,KAZ,2010,1,TRUE,FALSE,0.3010299956639812
Kazakhstan,KAZ,2011,0,FALSE,TRUE,0
Kazakhstan,KAZ,2012,0,FALSE,TRUE,0
Kazakhstan,KAZ,2013,0,FALSE,TRUE,0
Kazakhstan,KAZ,2014,0,FALSE,TRUE,0
Kazakhstan,KAZ,2015,0,FALSE,TRUE,0
Kazakhstan,KAZ,2016,0,FALSE,TRUE,0
Kazakhstan,KAZ,2017,0,FALSE,TRUE,0
Kazakhstan,KAZ,2018,0,FALSE,TRUE,0
Kazakhstan,KAZ,2019,0,FALSE,TRUE,0
Kazakhstan,KAZ,2020,0,FALSE,TRUE,0
Kenya,KEN,1980,3185,TRUE,FALSE,3.503245771465113
Kenya,KEN,1981,1876,TRUE,FALSE,3.273464272621346
Kenya,KEN,1982,1778,TRUE,FALSE,3.250175948083925
Kenya,KEN,1983,1379,TRUE,FALSE,3.1398790864012365
Kenya,KEN,1984,805,TRUE,FALSE,2.906335041805091
Kenya,KEN,1985,2576,TRUE,FALSE,3.4111144185509046
Kenya,KEN,1986,931,TRUE,FALSE,2.9694159123539814
Kenya,KEN,1987,63,TRUE,FALSE,1.806179973983887
Kenya,KEN,1988,11816,TRUE,FALSE,4.072507235528804
Kenya,KEN,1989,10913,TRUE,FALSE,4.037983949447127
Kenya,KEN,1990,10696,TRUE,FALSE,4.029261995804175
Kenya,KEN,1991,70,TRUE,FALSE,1.8512583487190752
Kenya,KEN,1992,0,FALSE,TRUE,0
Kenya,KEN,1993,14,TRUE,FALSE,1.1760912590556813
Kenya,KEN,1994,756,TRUE,FALSE,2.8790958795000727
Kenya,KEN,1995,84,TRUE,FALSE,1.9294189257142926
Kenya,KEN,1996,0,FALSE,TRUE,0
Kenya,KEN,1997,16,TRUE,FALSE,1.2304489213782739
Kenya,KEN,1998,121,TRUE,FALSE,2.0863598306747484
Kenya,KEN,1999,175,TRUE,FALSE,2.24551266781415
Kenya,KEN,2000,0,FALSE,TRUE,0
Kenya,KEN,2001,0,FALSE,TRUE,0
Kenya,KEN,2002,0,FALSE,TRUE,0
Kenya,KEN,2003,0,FALSE,TRUE,0
Kenya,KEN,2004,0,FALSE,TRUE,0
Kenya,KEN,2005,0,FALSE,TRUE,0
Kenya,KEN,2006,4,TRUE,FALSE,0.6989700043360189
Kenya,KEN,2007,0,FALSE,TRUE,0
Kenya,KEN,2008,0,FALSE,TRUE,0
Kenya,KEN,2009,21,TRUE,FALSE,1.3424226808222062
Kenya,KEN,2010,0,FALSE,TRUE,0
Kenya,KEN,2011,1,TRUE,FALSE,0.3010299956639812
Kenya,KEN,2012,3,TRUE,FALSE,0.6020599913279624
Kenya,KEN,2013,16,TRUE,FALSE,1.2304489213782739
Kenya,KEN,2014,0,FALSE,TRUE,0
Kenya,KEN,2015,0,FALSE,TRUE,0
Kenya,KEN,2016,0,FALSE,TRUE,0
Kenya,KEN,2017,0,FALSE,TRUE,0
Kenya,KEN,2018,0,FALSE,TRUE,0
Kenya,KEN,2019,0,FALSE,TRUE,0
Kenya,KEN,2020,0,FALSE,TRUE,0
Kiribati,KIR,1980,0,FALSE,TRUE,0
Kiribati,KIR,1981,0,FALSE,TRUE,0
Kiribati,KIR,1982,0,FALSE,TRUE,0
Kiribati,KIR,1983,0,FALSE,TRUE,0
Kiribati,KIR,1984,0,FALSE,TRUE,0
Kiribati,KIR,1985,0,FALSE,TRUE,0
Kiribati,KIR,1986,0,FALSE,TRUE,0
Kiribati,KIR,1987,0,FALSE,TRUE,0
Kiribati,KIR,1988,0,FALSE,TRUE,0
Kiribati,KIR,1989,0,FALSE,TRUE,0
Kiribati,KIR,1990,0,FALSE,TRUE,0
Kiribati,KIR,1991,0,FALSE,TRUE,0
Kiribati,KIR,1992,0,FALSE,TRUE,0
Kiribati,KIR,1993,0,FALSE,TRUE,0
Kiribati,KIR,1994,0,FALSE,TRUE,0
Kiribati,KIR,1995,0,FALSE,TRUE,0
Kiribati,KIR,1996,0,FALSE,TRUE,0
Kiribati,KIR,1997,0,FALSE,TRUE,0
Kiribati,KIR,1998,0,FALSE,TRUE,0
Kiribati,KIR,1999,0,FALSE,TRUE,0
Kiribati,KIR,2000,0,FALSE,TRUE,0
Kiribati,KIR,2001,0,FALSE,TRUE,0
Kiribati,KIR,2002,0,FALSE,TRUE,0
Kiribati,KIR,2003,0,FALSE,TRUE,0
Kiribati,KIR,2004,0,FALSE,TRUE,0
Kiribati,KIR,2005,0,FALSE,TRUE,0
Kiribati,KIR,2006,0,FALSE,TRUE,0
Kiribati,KIR,2007,0,FALSE,TRUE,0
Kiribati,KIR,2008,0,FALSE,TRUE,0
Kiribati,KIR,2010,0,FALSE,TRUE,0
Kuwait,KWT,1980,224,TRUE,FALSE,2.3521825181113627
Kuwait,KWT,1981,63,TRUE,FALSE,1.806179973983887
Kuwait,KWT,1982,42,TRUE,FALSE,1.6334684555795864
Kuwait,KWT,1983,14,TRUE,FALSE,1.1760912590556813
Kuwait,KWT,1984,0,FALSE,TRUE,0
Kuwait,KWT,1985,14,TRUE,FALSE,1.1760912590556813
Kuwait,KWT,1986,0,FALSE,TRUE,0
Kuwait,KWT,1987,0,FALSE,TRUE,0
Kuwait,KWT,1988,0,FALSE,TRUE,0
Kuwait,KWT,1989,0,FALSE,TRUE,0
Kuwait,KWT,1990,0,FALSE,TRUE,0
Kuwait,KWT,1991,0,FALSE,TRUE,0
Kuwait,KWT,1992,0,FALSE,TRUE,0
Kuwait,KWT,1993,0,FALSE,TRUE,0
Kuwait,KWT,1994,0,FALSE,TRUE,0
Kuwait,KWT,1995,0,FALSE,TRUE,0
Kuwait,KWT,1996,0,FALSE,TRUE,0
Kuwait,KWT,1997,0,FALSE,TRUE,0
Kuwait,KWT,1998,0,FALSE,TRUE,0
Kuwait,KWT,1999,0,FALSE,TRUE,0
Kuwait,KWT,2000,0,FALSE,TRUE,0
Kuwait,KWT,2001,0,FALSE,TRUE,0
Kuwait,KWT,2002,0,FALSE,TRUE,0
Kuwait,KWT,2003,0,FALSE,TRUE,0
Kuwait,KWT,2004,0,FALSE,TRUE,0
Kuwait,KWT,2005,0,FALSE,TRUE,0
Kuwait,KWT,2006,0,FALSE,TRUE,0
Kuwait,KWT,2007,0,FALSE,TRUE,0
Kuwait,KWT,2008,0,FALSE,TRUE,0
Kuwait,KWT,2009,0,FALSE,TRUE,0
Kuwait,KWT,2010,0,FALSE,TRUE,0
Kuwait,KWT,2011,0,FALSE,TRUE,0
Kuwait,KWT,2012,0,FALSE,TRUE,0
Kuwait,KWT,2013,0,FALSE,TRUE,0
Kuwait,KWT,2014,0,FALSE,TRUE,0
Kuwait,KWT,2015,0,FALSE,TRUE,0
Kuwait,KWT,2016,0,FALSE,TRUE,0
Kuwait,KWT,2017,0,FALSE,TRUE,0
Kuwait,KWT,2018,0,FALSE,TRUE,0
Kuwait,KWT,2019,0,FALSE,TRUE,0
Kuwait,KWT,2020,0,FALSE,TRUE,0
Kyrgyzstan,KGZ,1991,28,TRUE,FALSE,1.462397997898956
Kyrgyzstan,KGZ,1992,35,TRUE,FALSE,1.5563025007672873
Kyrgyzstan,KGZ,1993,0,FALSE,TRUE,0
Kyrgyzstan,KGZ,1994,0,FALSE,TRUE,0
Kyrgyzstan,KGZ,1995,0,FALSE,TRUE,0
Kyrgyzstan,KGZ,1996,0,FALSE,TRUE,0
Kyrgyzstan,KGZ,1997,0,FALSE,TRUE,0
Kyrgyzstan,KGZ,1998,0,FALSE,TRUE,0
Kyrgyzstan,KGZ,1999,0,FALSE,TRUE,0
Kyrgyzstan,KGZ,2000,0,FALSE,TRUE,0
Kyrgyzstan,KGZ,2001,0,FALSE,TRUE,0
Kyrgyzstan,KGZ,2002,0,FALSE,TRUE,0
Kyrgyzstan,KGZ,2003,0,FALSE,TRUE,0
Kyrgyzstan,KGZ,2004,0,FALSE,TRUE,0
Kyrgyzstan,KGZ,2005,0,FALSE,TRUE,0
Kyrgyzstan,KGZ,2006,0,FALSE,TRUE,0
Kyrgyzstan,KGZ,2007,0,FALSE,TRUE,0
Kyrgyzstan,KGZ,2008,0,FALSE,TRUE,0
Kyrgyzstan,KGZ,2009,0,FALSE,TRUE,0
Kyrgyzstan,KGZ,2010,0,FALSE,TRUE,0
Kyrgyzstan,KGZ,2011,0,FALSE,TRUE,0
Kyrgyzstan,KGZ,2012,0,FALSE,TRUE,0
Kyrgyzstan,KGZ,2013,0,FALSE,TRUE,0
Kyrgyzstan,KGZ,2014,0,FALSE,TRUE,0
Kyrgyzstan,KGZ,2015,0,FALSE,TRUE,0
Kyrgyzstan,KGZ,2016,0,FALSE,TRUE,0
Kyrgyzstan,KGZ,2017,0,FALSE,TRUE,0
Kyrgyzstan,KGZ,2018,0,FALSE,TRUE,0
Kyrgyzstan,KGZ,2019,0,FALSE,TRUE,0
Kyrgyzstan,KGZ,2020,0,FALSE,TRUE,0
Laos,LAO,1980,8162,TRUE,FALSE,3.9118497964994203
Laos,LAO,1982,322,TRUE,FALSE,2.509202522331103
Laos,LAO,1983,168,TRUE,FALSE,2.2278867046136734
Laos,LAO,1984,91,TRUE,FALSE,1.9637878273455553
Laos,LAO,1985,3661,TRUE,FALSE,3.5637183399656776
Laos,LAO,1986,1274,TRUE,FALSE,3.1055101847699738
Laos,LAO,1987,3360,TRUE,FALSE,3.5264685124694775
Laos,LAO,1988,1078,TRUE,FALSE,3.0330214446829107
Laos,LAO,1989,637,TRUE,FALSE,2.8048206787211623
Laos,LAO,1990,126,TRUE,FALSE,2.103803720955957
Laos,LAO,1991,14,TRUE,FALSE,1.1760912590556813
Laos,LAO,1992,49,TRUE,FALSE,1.6989700043360187
Laos,LAO,1993,49,TRUE,FALSE,1.6989700043360187
Laos,LAO,1994,42,TRUE,FALSE,1.6334684555795864
Laos,LAO,1995,56,TRUE,FALSE,1.7558748556724915
Laos,LAO,1996,23,TRUE,FALSE,1.380211241711606
Laos,LAO,1997,0,FALSE,TRUE,0
Laos,LAO,1998,0,FALSE,TRUE,0
Laos,LAO,1999,0,FALSE,TRUE,0
Laos,LAO,2000,0,FALSE,TRUE,0
Laos,LAO,2001,0,FALSE,TRUE,0
Laos,LAO,2002,0,FALSE,TRUE,0
Laos,LAO,2003,0,FALSE,TRUE,0
Laos,LAO,2004,0,FALSE,TRUE,0
Laos,LAO,2005,0,FALSE,TRUE,0
Laos,LAO,2006,0,FALSE,TRUE,0
Laos,LAO,2007,0,FALSE,TRUE,0
Laos,LAO,2008,0,FALSE,TRUE,0
Laos,LAO,2009,0,FALSE,TRUE,0
Laos,LAO,2010,0,FALSE,TRUE,0
Laos,LAO,2011,0,FALSE,TRUE,0
Laos,LAO,2012,0,FALSE,TRUE,0
Laos,LAO,2013,0,FALSE,TRUE,0
Laos,LAO,2014,0,FALSE,TRUE,0
Laos,LAO,2015,16,TRUE,FALSE,1.2304489213782739
Laos,LAO,2016,6,TRUE,FALSE,0.8450980400142568
Laos,LAO,2017,0,FALSE,TRUE,0
Laos,LAO,2018,0,FALSE,TRUE,0
Laos,LAO,2019,0,FALSE,TRUE,0
Laos,LAO,2020,0,FALSE,TRUE,0
Latvia,LVA,1991,0,FALSE,TRUE,0
Latvia,LVA,1992,0,FALSE,TRUE,0
Latvia,LVA,1993,0,FALSE,TRUE,0
Latvia,LVA,1994,0,FALSE,TRUE,0
Latvia,LVA,1995,0,FALSE,TRUE,0
Latvia,LVA,1996,0,FALSE,TRUE,0
Latvia,LVA,1997,0,FALSE,TRUE,0
Latvia,LVA,1998,0,FALSE,TRUE,0
Latvia,LVA,1999,0,FALSE,TRUE,0
Latvia,LVA,2000,0,FALSE,TRUE,0
Latvia,LVA,2001,0,FALSE,TRUE,0
Latvia,LVA,2002,0,FALSE,TRUE,0
Latvia,LVA,2003,0,FALSE,TRUE,0
Latvia,LVA,2004,0,FALSE,TRUE,0
Latvia,LVA,2005,0,FALSE,TRUE,0
Latvia,LVA,2006,0,FALSE,TRUE,0
Latvia,LVA,2007,0,FALSE,TRUE,0
Latvia,LVA,2008,0,FALSE,TRUE,0
Latvia,LVA,2009,0,FALSE,TRUE,0
Latvia,LVA,2010,0,FALSE,TRUE,0
Latvia,LVA,2011,0,FALSE,TRUE,0
Latvia,LVA,2012,0,FALSE,TRUE,0
Latvia,LVA,2013,0,FALSE,TRUE,0
Latvia,LVA,2014,0,FALSE,TRUE,0
Latvia,LVA,2015,0,FALSE,TRUE,0
Latvia,LVA,2016,0,FALSE,TRUE,0
Latvia,LVA,2017,0,FALSE,TRUE,0
Latvia,LVA,2018,0,FALSE,TRUE,0
Latvia,LVA,2019,0,FALSE,TRUE,0
Latvia,LVA,2020,0,FALSE,TRUE,0
Lebanon,LBN,1981,7,TRUE,FALSE,0.9030899869919435
Lebanon,LBN,1983,280,TRUE,FALSE,2.44870631990508
Lebanon,LBN,1984,21,TRUE,FALSE,1.3424226808222062
Lebanon,LBN,1985,21,TRUE,FALSE,1.3424226808222062
Lebanon,LBN,1986,14,TRUE,FALSE,1.1760912590556813
Lebanon,LBN,1987,0,FALSE,TRUE,0
Lebanon,LBN,1988,0,FALSE,TRUE,0
Lebanon,LBN,1990,14,TRUE,FALSE,1.1760912590556813
Lebanon,LBN,1991,35,TRUE,FALSE,1.5563025007672873
Lebanon,LBN,1992,0,FALSE,TRUE,0
Lebanon,LBN,1993,0,FALSE,TRUE,0
Lebanon,LBN,1994,14,TRUE,FALSE,1.1760912590556813
Lebanon,LBN,1995,0,FALSE,TRUE,0
Lebanon,LBN,1996,0,FALSE,TRUE,0
Lebanon,LBN,1997,0,FALSE,TRUE,0
Lebanon,LBN,1998,0,FALSE,TRUE,0
Lebanon,LBN,1999,0,FALSE,TRUE,0
Lebanon,LBN,2000,0,FALSE,TRUE,0
Lebanon,LBN,2001,0,FALSE,TRUE,0
Lebanon,LBN,2002,0,FALSE,TRUE,0
Lebanon,LBN,2003,2,TRUE,FALSE,0.47712125471966244
Lebanon,LBN,2004,0,FALSE,TRUE,0
Lebanon,LBN,2005,0,FALSE,TRUE,0
Lebanon,LBN,2006,0,FALSE,TRUE,0
Lebanon,LBN,2007,0,FALSE,TRUE,0
Lebanon,LBN,2008,0,FALSE,TRUE,0
Lebanon,LBN,2009,0,FALSE,TRUE,0
Lebanon,LBN,2010,0,FALSE,TRUE,0
Lebanon,LBN,2011,0,FALSE,TRUE,0
Lebanon,LBN,2012,0,FALSE,TRUE,0
Lebanon,LBN,2013,0,FALSE,TRUE,0
Lebanon,LBN,2014,0,FALSE,TRUE,0
Lebanon,LBN,2015,0,FALSE,TRUE,0
Lebanon,LBN,2016,0,FALSE,TRUE,0
Lebanon,LBN,2017,0,FALSE,TRUE,0
Lebanon,LBN,2018,0,FALSE,TRUE,0
Lebanon,LBN,2019,0,FALSE,TRUE,0
Lebanon,LBN,2020,0,FALSE,TRUE,0
Lesotho,LSO,1980,252,TRUE,FALSE,2.403120521175818
Lesotho,LSO,1981,140,TRUE,FALSE,2.1492191126553797
Lesotho,LSO,1982,133,TRUE,FALSE,2.1271047983648077
Lesotho,LSO,1983,112,TRUE,FALSE,2.0530784434834195
Lesotho,LSO,1984,210,TRUE,FALSE,2.3242824552976926
Lesotho,LSO,1985,203,TRUE,FALSE,2.3096301674258988
Lesotho,LSO,1986,147,TRUE,FALSE,2.1702617153949575
Lesotho,LSO,1987,28,TRUE,FALSE,1.462397997898956
Lesotho,LSO,1988,0,FALSE,TRUE,0
Lesotho,LSO,1989,0,FALSE,TRUE,0
Lesotho,LSO,1990,0,FALSE,TRUE,0
Lesotho,LSO,1991,0,FALSE,TRUE,0
Lesotho,LSO,1992,0,FALSE,TRUE,0
Lesotho,LSO,1993,0,FALSE,TRUE,0
Lesotho,LSO,1994,0,FALSE,TRUE,0
Lesotho,LSO,1995,0,FALSE,TRUE,0
Lesotho,LSO,1996,0,FALSE,TRUE,0
Lesotho,LSO,1997,0,FALSE,TRUE,0
Lesotho,LSO,1998,3,TRUE,FALSE,0.6020599913279624
Lesotho,LSO,1999,0,FALSE,TRUE,0
Lesotho,LSO,2000,0,FALSE,TRUE,0
Lesotho,LSO,2001,0,FALSE,TRUE,0
Lesotho,LSO,2002,0,FALSE,TRUE,0
Lesotho,LSO,2003,0,FALSE,TRUE,0
Lesotho,LSO,2004,0,FALSE,TRUE,0
Lesotho,LSO,2005,0,FALSE,TRUE,0
Lesotho,LSO,2006,0,FALSE,TRUE,0
Lesotho,LSO,2007,0,FALSE,TRUE,0
Lesotho,LSO,2008,0,FALSE,TRUE,0
Lesotho,LSO,2009,0,FALSE,TRUE,0
Lesotho,LSO,2010,0,FALSE,TRUE,0
Lesotho,LSO,2011,0,FALSE,TRUE,0
Lesotho,LSO,2012,0,FALSE,TRUE,0
Lesotho,LSO,2013,0,FALSE,TRUE,0
Lesotho,LSO,2014,0,FALSE,TRUE,0
Lesotho,LSO,2015,0,FALSE,TRUE,0
Lesotho,LSO,2016,0,FALSE,TRUE,0
Lesotho,LSO,2017,0,FALSE,TRUE,0
Lesotho,LSO,2018,0,FALSE,TRUE,0
Lesotho,LSO,2019,0,FALSE,TRUE,0
Lesotho,LSO,2020,0,FALSE,TRUE,0
Liberia,LBR,1980,686,TRUE,FALSE,2.8369567370595505
Liberia,LBR,1981,14,TRUE,FALSE,1.1760912590556813
Liberia,LBR,1982,28,TRUE,FALSE,1.462397997898956
Liberia,LBR,1983,14,TRUE,FALSE,1.1760912590556813
Liberia,LBR,1984,28,TRUE,FALSE,1.462397997898956
Liberia,LBR,1985,14,TRUE,FALSE,1.1760912590556813
Liberia,LBR,1986,42,TRUE,FALSE,1.6334684555795864
Liberia,LBR,1987,28,TRUE,FALSE,1.462397997898956
Liberia,LBR,1988,42,TRUE,FALSE,1.6334684555795864
Liberia,LBR,1989,84,TRUE,FALSE,1.9294189257142926
Liberia,LBR,1992,0,FALSE,TRUE,0
Liberia,LBR,1993,21,TRUE,FALSE,1.3424226808222062
Liberia,LBR,1994,42,TRUE,FALSE,1.6334684555795864
Liberia,LBR,1995,0,FALSE,TRUE,0
Liberia,LBR,1996,2,TRUE,FALSE,0.47712125471966244
Liberia,LBR,1997,0,FALSE,TRUE,0
Liberia,LBR,1998,0,FALSE,TRUE,0
Liberia,LBR,1999,47,TRUE,FALSE,1.6812412373755872
Liberia,LBR,2000,0,FALSE,TRUE,0
Liberia,LBR,2001,0,FALSE,TRUE,0
Liberia,LBR,2002,0,FALSE,TRUE,0
Liberia,LBR,2003,0,FALSE,TRUE,0
Liberia,LBR,2004,0,FALSE,TRUE,0
Liberia,LBR,2005,0,FALSE,TRUE,0
Liberia,LBR,2006,0,FALSE,TRUE,0
Liberia,LBR,2007,0,FALSE,TRUE,0
Liberia,LBR,2008,0,FALSE,TRUE,0
Liberia,LBR,2009,12,TRUE,FALSE,1.1139433523068367
Liberia,LBR,2010,2,TRUE,FALSE,0.47712125471966244
Liberia,LBR,2011,0,FALSE,TRUE,0
Liberia,LBR,2012,0,FALSE,TRUE,0
Liberia,LBR,2013,0,FALSE,TRUE,0
Liberia,LBR,2014,0,FALSE,TRUE,0
Liberia,LBR,2015,0,FALSE,TRUE,0
Liberia,LBR,2016,0,FALSE,TRUE,0
Liberia,LBR,2017,0,FALSE,TRUE,0
Liberia,LBR,2018,0,FALSE,TRUE,0
Liberia,LBR,2019,0,FALSE,TRUE,0
Liberia,LBR,2020,0,FALSE,TRUE,0
Libya,LBY,1980,210,TRUE,FALSE,2.3242824552976926
Libya,LBY,1981,231,TRUE,FALSE,2.3654879848909
Libya,LBY,1982,1218,TRUE,FALSE,3.0860037056183818
Libya,LBY,1983,203,TRUE,FALSE,2.3096301674258988
Libya,LBY,1984,56,TRUE,FALSE,1.7558748556724915
Libya,LBY,1985,14,TRUE,FALSE,1.1760912590556813
Libya,LBY,1986,175,TRUE,FALSE,2.24551266781415
Libya,LBY,1987,196,TRUE,FALSE,2.294466226161593
Libya,LBY,1988,70,TRUE,FALSE,1.8512583487190752
Libya,LBY,1989,28,TRUE,FALSE,1.462397997898956
Libya,LBY,1990,35,TRUE,FALSE,1.5563025007672873
Libya,LBY,1991,42,TRUE,FALSE,1.6334684555795864
Libya,LBY,1992,0,FALSE,TRUE,0
Libya,LBY,1993,0,FALSE,TRUE,0
Libya,LBY,1994,0,FALSE,TRUE,0
Libya,LBY,1995,0,FALSE,TRUE,0
Libya,LBY,1996,0,FALSE,TRUE,0
Libya,LBY,1997,0,FALSE,TRUE,0
Libya,LBY,1998,0,FALSE,TRUE,0
Libya,LBY,1999,0,FALSE,TRUE,0
Libya,LBY,2000,0,FALSE,TRUE,0
Libya,LBY,2001,0,FALSE,TRUE,0
Libya,LBY,2002,0,FALSE,TRUE,0
Libya,LBY,2003,0,FALSE,TRUE,0
Libya,LBY,2004,0,FALSE,TRUE,0
Libya,LBY,2005,0,FALSE,TRUE,0
Libya,LBY,2006,0,FALSE,TRUE,0
Libya,LBY,2007,0,FALSE,TRUE,0
Libya,LBY,2008,0,FALSE,TRUE,0
Libya,LBY,2009,0,FALSE,TRUE,0
Libya,LBY,2010,0,FALSE,TRUE,0
Libya,LBY,2011,0,FALSE,TRUE,0
Libya,LBY,2012,0,FALSE,TRUE,0
Libya,LBY,2013,0,FALSE,TRUE,0
Libya,LBY,2014,0,FALSE,TRUE,0
Libya,LBY,2015,0,FALSE,TRUE,0
Libya,LBY,2016,0,FALSE,TRUE,0
Libya,LBY,2017,0,FALSE,TRUE,0
Libya,LBY,2018,0,FALSE,TRUE,0
Libya,LBY,2019,0,FALSE,TRUE,0
Libya,LBY,2020,0,FALSE,TRUE,0
Lithuania,LTU,1991,0,FALSE,TRUE,0
Lithuania,LTU,1992,0,FALSE,TRUE,0
Lithuania,LTU,1993,0,FALSE,TRUE,0
Lithuania,LTU,1994,0,FALSE,TRUE,0
Lithuania,LTU,1995,0,FALSE,TRUE,0
Lithuania,LTU,1996,0,FALSE,TRUE,0
Lithuania,LTU,1997,0,FALSE,TRUE,0
Lithuania,LTU,1998,0,FALSE,TRUE,0
Lithuania,LTU,1999,0,FALSE,TRUE,0
Lithuania,LTU,2000,0,FALSE,TRUE,0
Lithuania,LTU,2001,0,FALSE,TRUE,0
Lithuania,LTU,2002,0,FALSE,TRUE,0
Lithuania,LTU,2003,0,FALSE,TRUE,0
Lithuania,LTU,2004,0,FALSE,TRUE,0
Lithuania,LTU,2005,0,FALSE,TRUE,0
Lithuania,LTU,2006,0,FALSE,TRUE,0
Lithuania,LTU,2007,0,FALSE,TRUE,0
Lithuania,LTU,2008,0,FALSE,TRUE,0
Lithuania,LTU,2009,0,FALSE,TRUE,0
Lithuania,LTU,2010,0,FALSE,TRUE,0
Lithuania,LTU,2011,0,FALSE,TRUE,0
Lithuania,LTU,2012,0,FALSE,TRUE,0
Lithuania,LTU,2013,0,FALSE,TRUE,0
Lithuania,LTU,2014,0,FALSE,TRUE,0
Lithuania,LTU,2015,0,FALSE,TRUE,0
Lithuania,LTU,2016,0,FALSE,TRUE,0
Lithuania,LTU,2017,0,FALSE,TRUE,0
Lithuania,LTU,2018,0,FALSE,TRUE,0
Lithuania,LTU,2019,0,FALSE,TRUE,0
Lithuania,LTU,2020,0,FALSE,TRUE,0
Luxembourg,LUX,1980,0,FALSE,TRUE,0
Luxembourg,LUX,1981,0,FALSE,TRUE,0
Luxembourg,LUX,1982,0,FALSE,TRUE,0
Luxembourg,LUX,1983,0,FALSE,TRUE,0
Luxembourg,LUX,1984,0,FALSE,TRUE,0
Luxembourg,LUX,1985,0,FALSE,TRUE,0
Luxembourg,LUX,1986,0,FALSE,TRUE,0
Luxembourg,LUX,1987,0,FALSE,TRUE,0
Luxembourg,LUX,1988,0,FALSE,TRUE,0
Luxembourg,LUX,1989,0,FALSE,TRUE,0
Luxembourg,LUX,1990,0,FALSE,TRUE,0
Luxembourg,LUX,1991,0,FALSE,TRUE,0
Luxembourg,LUX,1992,0,FALSE,TRUE,0
Luxembourg,LUX,1993,0,FALSE,TRUE,0
Luxembourg,LUX,1994,0,FALSE,TRUE,0
Luxembourg,LUX,1995,0,FALSE,TRUE,0
Luxembourg,LUX,1996,0,FALSE,TRUE,0
Luxembourg,LUX,1997,0,FALSE,TRUE,0
Luxembourg,LUX,1998,0,FALSE,TRUE,0
Luxembourg,LUX,1999,0,FALSE,TRUE,0
Luxembourg,LUX,2000,0,FALSE,TRUE,0
Luxembourg,LUX,2001,0,FALSE,TRUE,0
Luxembourg,LUX,2002,0,FALSE,TRUE,0
Luxembourg,LUX,2003,0,FALSE,TRUE,0
Luxembourg,LUX,2004,0,FALSE,TRUE,0
Luxembourg,LUX,2006,0,FALSE,TRUE,0
Luxembourg,LUX,2007,0,FALSE,TRUE,0
Luxembourg,LUX,2008,0,FALSE,TRUE,0
Luxembourg,LUX,2009,0,FALSE,TRUE,0
Luxembourg,LUX,2010,0,FALSE,TRUE,0
Luxembourg,LUX,2011,0,FALSE,TRUE,0
Luxembourg,LUX,2012,0,FALSE,TRUE,0
Luxembourg,LUX,2013,0,FALSE,TRUE,0
Luxembourg,LUX,2014,0,FALSE,TRUE,0
Luxembourg,LUX,2015,0,FALSE,TRUE,0
Luxembourg,LUX,2016,0,FALSE,TRUE,0
Luxembourg,LUX,2017,0,FALSE,TRUE,0
Luxembourg,LUX,2018,0,FALSE,TRUE,0
Luxembourg,LUX,2019,0,FALSE,TRUE,0
Luxembourg,LUX,2020,0,FALSE,TRUE,0
Macao,MAC,2001,0,FALSE,TRUE,0
Macao,MAC,2002,0,FALSE,TRUE,0
Macao,MAC,2003,0,FALSE,TRUE,0
Macao,MAC,2004,0,FALSE,TRUE,0
Macao,MAC,2005,0,FALSE,TRUE,0
Macao,MAC,2006,0,FALSE,TRUE,0
Macao,MAC,2007,0,FALSE,TRUE,0
Macao,MAC,2008,0,FALSE,TRUE,0
Macao,MAC,2009,0,FALSE,TRUE,0
Macao,MAC,2010,0,FALSE,TRUE,0
Macao,MAC,2011,0,FALSE,TRUE,0
Macao,MAC,2012,0,FALSE,TRUE,0
Macao,MAC,2013,0,FALSE,TRUE,0
Macao,MAC,2014,0,FALSE,TRUE,0
Macao,MAC,2015,0,FALSE,TRUE,0
Macao,MAC,2016,0,FALSE,TRUE,0
Macao,MAC,2017,0,FALSE,TRUE,0
Macao,MAC,2018,0,FALSE,TRUE,0
Macao,MAC,2019,0,FALSE,TRUE,0
Macao,MAC,2020,0,FALSE,TRUE,0
Madagascar,MDG,1980,476,TRUE,FALSE,2.678518379040114
Madagascar,MDG,1981,385,TRUE,FALSE,2.586587304671755
Madagascar,MDG,1982,308,TRUE,FALSE,2.4899584794248346
Madagascar,MDG,1983,511,TRUE,FALSE,2.709269960975831
Madagascar,MDG,1984,161,TRUE,FALSE,2.2095150145426308
Madagascar,MDG,1985,147,TRUE,FALSE,2.1702617153949575
Madagascar,MDG,1986,266,TRUE,FALSE,2.4265112613645754
Madagascar,MDG,1987,189,TRUE,FALSE,2.278753600952829
Madagascar,MDG,1988,294,TRUE,FALSE,2.469822015978163
Madagascar,MDG,1989,224,TRUE,FALSE,2.3521825181113627
Madagascar,MDG,1990,273,TRUE,FALSE,2.437750562820388
Madagascar,MDG,1991,91,TRUE,FALSE,1.9637878273455553
Madagascar,MDG,1992,119,TRUE,FALSE,2.0791812460476247
Madagascar,MDG,1993,133,TRUE,FALSE,2.1271047983648077
Madagascar,MDG,1994,77,TRUE,FALSE,1.8920946026904804
Madagascar,MDG,1995,0,FALSE,TRUE,0
Madagascar,MDG,1996,1,TRUE,FALSE,0.3010299956639812
Madagascar,MDG,1997,11,TRUE,FALSE,1.0791812460476249
Madagascar,MDG,1998,7,TRUE,FALSE,0.9030899869919435
Madagascar,MDG,1999,0,FALSE,TRUE,0
Madagascar,MDG,2000,0,FALSE,TRUE,0
Madagascar,MDG,2001,2,TRUE,FALSE,0.47712125471966244
Madagascar,MDG,2002,8,TRUE,FALSE,0.9542425094393249
Madagascar,MDG,2003,0,FALSE,TRUE,0
Madagascar,MDG,2004,0,FALSE,TRUE,0
Madagascar,MDG,2005,3,TRUE,FALSE,0.6020599913279624
Madagascar,MDG,2006,0,FALSE,TRUE,0
Madagascar,MDG,2007,0,FALSE,TRUE,0
Madagascar,MDG,2008,0,FALSE,TRUE,0
Madagascar,MDG,2009,0,FALSE,TRUE,0
Madagascar,MDG,2010,0,FALSE,TRUE,0
Madagascar,MDG,2011,0,FALSE,TRUE,0
Madagascar,MDG,2012,0,FALSE,TRUE,0
Madagascar,MDG,2013,0,FALSE,TRUE,0
Madagascar,MDG,2014,1,TRUE,FALSE,0.3010299956639812
Madagascar,MDG,2015,20,TRUE,FALSE,1.3222192947339193
Madagascar,MDG,2016,0,FALSE,TRUE,0
Madagascar,MDG,2017,0,FALSE,TRUE,0
Madagascar,MDG,2018,0,FALSE,TRUE,0
Madagascar,MDG,2019,0,FALSE,TRUE,0
Madagascar,MDG,2020,4,TRUE,FALSE,0.6989700043360189
Malawi,MWI,1980,490,TRUE,FALSE,2.6910814921229687
Malawi,MWI,1981,490,TRUE,FALSE,2.6910814921229687
Malawi,MWI,1982,273,TRUE,FALSE,2.437750562820388
Malawi,MWI,1983,77,TRUE,FALSE,1.8920946026904804
Malawi,MWI,1984,175,TRUE,FALSE,2.24551266781415
Malawi,MWI,1985,602,TRUE,FALSE,2.780317312140151
Malawi,MWI,1986,511,TRUE,FALSE,2.709269960975831
Malawi,MWI,1987,217,TRUE,FALSE,2.3384564936046046
Malawi,MWI,1988,77,TRUE,FALSE,1.8920946026904804
Malawi,MWI,1989,28,TRUE,FALSE,1.462397997898956
Malawi,MWI,1990,21,TRUE,FALSE,1.3424226808222062
Malawi,MWI,1991,21,TRUE,FALSE,1.3424226808222062
Malawi,MWI,1992,0,FALSE,TRUE,0
Malawi,MWI,1993,0,FALSE,TRUE,0
Malawi,MWI,1994,0,FALSE,TRUE,0
Malawi,MWI,1995,0,FALSE,TRUE,0
Malawi,MWI,1996,0,FALSE,TRUE,0
Malawi,MWI,1997,2,TRUE,FALSE,0.47712125471966244
Malawi,MWI,1998,6,TRUE,FALSE,0.8450980400142568
Malawi,MWI,1999,0,FALSE,TRUE,0
Malawi,MWI,2000,0,FALSE,TRUE,0
Malawi,MWI,2001,0,FALSE,TRUE,0
Malawi,MWI,2002,0,FALSE,TRUE,0
Malawi,MWI,2003,0,FALSE,TRUE,0
Malawi,MWI,2004,0,FALSE,TRUE,0
Malawi,MWI,2005,0,FALSE,TRUE,0
Malawi,MWI,2006,0,FALSE,TRUE,0
Malawi,MWI,2007,0,FALSE,TRUE,0
Malawi,MWI,2008,0,FALSE,TRUE,0
Malawi,MWI,2009,0,FALSE,TRUE,0
Malawi,MWI,2010,0,FALSE,TRUE,0
Malawi,MWI,2011,0,FALSE,TRUE,0
Malawi,MWI,2012,0,FALSE,TRUE,0
Malawi,MWI,2013,0,FALSE,TRUE,0
Malawi,MWI,2014,0,FALSE,TRUE,0
Malawi,MWI,2015,0,FALSE,TRUE,0
Malawi,MWI,2016,0,FALSE,TRUE,0
Malawi,MWI,2017,0,FALSE,TRUE,0
Malawi,MWI,2018,0,FALSE,TRUE,0
Malawi,MWI,2019,0,FALSE,TRUE,0
Malawi,MWI,2020,0,FALSE,TRUE,0
Malaysia,MYS,1980,35,TRUE,FALSE,1.5563025007672873
Malaysia,MYS,1981,7,TRUE,FALSE,0.9030899869919435
Malaysia,MYS,1982,35,TRUE,FALSE,1.5563025007672873
Malaysia,MYS,1983,14,TRUE,FALSE,1.1760912590556813
Malaysia,MYS,1984,28,TRUE,FALSE,1.462397997898956
Malaysia,MYS,1985,28,TRUE,FALSE,1.462397997898956
Malaysia,MYS,1986,0,FALSE,TRUE,0
Malaysia,MYS,1987,0,FALSE,TRUE,0
Malaysia,MYS,1988,0,FALSE,TRUE,0
Malaysia,MYS,1989,0,FALSE,TRUE,0
Malaysia,MYS,1990,0,FALSE,TRUE,0
Malaysia,MYS,1991,0,FALSE,TRUE,0
Malaysia,MYS,1992,21,TRUE,FALSE,1.3424226808222062
Malaysia,MYS,1993,0,FALSE,TRUE,0
Malaysia,MYS,1994,0,FALSE,TRUE,0
Malaysia,MYS,1995,0,FALSE,TRUE,0
Malaysia,MYS,1996,3,TRUE,FALSE,0.6020599913279624
Malaysia,MYS,1997,0,FALSE,TRUE,0
Malaysia,MYS,1998,0,FALSE,TRUE,0
Malaysia,MYS,1999,0,FALSE,TRUE,0
Malaysia,MYS,2000,0,FALSE,TRUE,0
Malaysia,MYS,2001,0,FALSE,TRUE,0
Malaysia,MYS,2002,0,FALSE,TRUE,0
Malaysia,MYS,2003,0,FALSE,TRUE,0
Malaysia,MYS,2004,0,FALSE,TRUE,0
Malaysia,MYS,2005,0,FALSE,TRUE,0
Malaysia,MYS,2006,0,FALSE,TRUE,0
Malaysia,MYS,2007,0,FALSE,TRUE,0
Malaysia,MYS,2008,0,FALSE,TRUE,0
Malaysia,MYS,2009,0,FALSE,TRUE,0
Malaysia,MYS,2010,0,FALSE,TRUE,0
Malaysia,MYS,2011,0,FALSE,TRUE,0
Malaysia,MYS,2012,0,FALSE,TRUE,0
Malaysia,MYS,2013,0,FALSE,TRUE,0
Malaysia,MYS,2014,0,FALSE,TRUE,0
Malaysia,MYS,2015,0,FALSE,TRUE,0
Malaysia,MYS,2016,0,FALSE,TRUE,0
Malaysia,MYS,2017,0,FALSE,TRUE,0
Malaysia,MYS,2018,0,FALSE,TRUE,0
Malaysia,MYS,2019,6,TRUE,FALSE,0.8450980400142568
Malaysia,MYS,2020,1,TRUE,FALSE,0.3010299956639812
Maldives,MDV,1980,7,TRUE,FALSE,0.9030899869919435
Maldives,MDV,1981,0,FALSE,TRUE,0
Maldives,MDV,1982,0,FALSE,TRUE,0
Maldives,MDV,1983,0,FALSE,TRUE,0
Maldives,MDV,1984,0,FALSE,TRUE,0
Maldives,MDV,1985,0,FALSE,TRUE,0
Maldives,MDV,1986,0,FALSE,TRUE,0
Maldives,MDV,1987,0,FALSE,TRUE,0
Maldives,MDV,1988,0,FALSE,TRUE,0
Maldives,MDV,1989,0,FALSE,TRUE,0
Maldives,MDV,1990,0,FALSE,TRUE,0
Maldives,MDV,1991,0,FALSE,TRUE,0
Maldives,MDV,1992,0,FALSE,TRUE,0
Maldives,MDV,1993,0,FALSE,TRUE,0
Maldives,MDV,1994,0,FALSE,TRUE,0
Maldives,MDV,1995,0,FALSE,TRUE,0
Maldives,MDV,1996,0,FALSE,TRUE,0
Maldives,MDV,1997,0,FALSE,TRUE,0
Maldives,MDV,1998,0,FALSE,TRUE,0
Maldives,MDV,1999,0,FALSE,TRUE,0
Maldives,MDV,2000,0,FALSE,TRUE,0
Maldives,MDV,2001,0,FALSE,TRUE,0
Maldives,MDV,2002,0,FALSE,TRUE,0
Maldives,MDV,2003,0,FALSE,TRUE,0
Maldives,MDV,2004,0,FALSE,TRUE,0
Maldives,MDV,2005,0,FALSE,TRUE,0
Maldives,MDV,2006,0,FALSE,TRUE,0
Maldives,MDV,2007,0,FALSE,TRUE,0
Maldives,MDV,2008,0,FALSE,TRUE,0
Maldives,MDV,2009,0,FALSE,TRUE,0
Maldives,MDV,2010,0,FALSE,TRUE,0
Maldives,MDV,2011,0,FALSE,TRUE,0
Maldives,MDV,2012,0,FALSE,TRUE,0
Maldives,MDV,2013,0,FALSE,TRUE,0
Maldives,MDV,2014,0,FALSE,TRUE,0
Maldives,MDV,2015,0,FALSE,TRUE,0
Maldives,MDV,2016,0,FALSE,TRUE,0
Maldives,MDV,2017,0,FALSE,TRUE,0
Maldives,MDV,2018,0,FALSE,TRUE,0
Maldives,MDV,2019,0,FALSE,TRUE,0
Maldives,MDV,2020,0,FALSE,TRUE,0
Mali,MLI,1980,1638,TRUE,FALSE,3.214578953570499
Mali,MLI,1981,1932,TRUE,FALSE,3.286231854028553
Mali,MLI,1982,784,TRUE,FALSE,2.8948696567452528
Mali,MLI,1983,399,TRUE,FALSE,2.6020599913279625
Mali,MLI,1984,581,TRUE,FALSE,2.7649229846498886
Mali,MLI,1985,1897,TRUE,FALSE,3.2782962080912736
Mali,MLI,1986,2114,TRUE,FALSE,3.325310371711061
Mali,MLI,1987,1190,TRUE,FALSE,3.0759117614827773
Mali,MLI,1988,847,TRUE,FALSE,2.9283958522567137
Mali,MLI,1989,1246,TRUE,FALSE,3.0958664534785427
Mali,MLI,1990,441,TRUE,FALSE,2.645422269349092
Mali,MLI,1991,1015,TRUE,FALSE,3.0068937079479006
Mali,MLI,1992,441,TRUE,FALSE,2.645422269349092
Mali,MLI,1993,182,TRUE,FALSE,2.2624510897304293
Mali,MLI,1994,133,TRUE,FALSE,2.1271047983648077
Mali,MLI,1995,182,TRUE,FALSE,2.2624510897304293
Mali,MLI,1996,17,TRUE,FALSE,1.255272505103306
Mali,MLI,1997,2,TRUE,FALSE,0.47712125471966244
Mali,MLI,1998,16,TRUE,FALSE,1.2304489213782739
Mali,MLI,1999,24,TRUE,FALSE,1.3979400086720377
Mali,MLI,2000,0,FALSE,TRUE,0
Mali,MLI,2001,0,FALSE,TRUE,0
Mali,MLI,2002,0,FALSE,TRUE,0
Mali,MLI,2003,0,FALSE,TRUE,0
Mali,MLI,2004,21,TRUE,FALSE,1.3424226808222062
Mali,MLI,2005,3,TRUE,FALSE,0.6020599913279624
Mali,MLI,2006,0,FALSE,TRUE,0
Mali,MLI,2007,0,FALSE,TRUE,0
Mali,MLI,2008,1,TRUE,FALSE,0.3010299956639812
Mali,MLI,2009,2,TRUE,FALSE,0.47712125471966244
Mali,MLI,2010,4,TRUE,FALSE,0.6989700043360189
Mali,MLI,2011,8,TRUE,FALSE,0.9542425094393249
Mali,MLI,2012,0,FALSE,TRUE,0
Mali,MLI,2013,0,FALSE,TRUE,0
Mali,MLI,2014,0,FALSE,TRUE,0
Mali,MLI,2015,0,FALSE,TRUE,0
Mali,MLI,2016,0,FALSE,TRUE,0
Mali,MLI,2017,0,FALSE,TRUE,0
Mali,MLI,2018,0,FALSE,TRUE,0
Mali,MLI,2019,0,FALSE,TRUE,0
Mali,MLI,2020,104,TRUE,FALSE,2.0211892990699383
Malta,MLT,1980,0,FALSE,TRUE,0
Malta,MLT,1981,0,FALSE,TRUE,0
Malta,MLT,1982,0,FALSE,TRUE,0
Malta,MLT,1983,0,FALSE,TRUE,0
Malta,MLT,1984,0,FALSE,TRUE,0
Malta,MLT,1985,0,FALSE,TRUE,0
Malta,MLT,1986,0,FALSE,TRUE,0
Malta,MLT,1987,0,FALSE,TRUE,0
Malta,MLT,1988,0,FALSE,TRUE,0
Malta,MLT,1989,0,FALSE,TRUE,0
Malta,MLT,1990,0,FALSE,TRUE,0
Malta,MLT,1991,0,FALSE,TRUE,0
Malta,MLT,1992,0,FALSE,TRUE,0
Malta,MLT,1993,0,FALSE,TRUE,0
Malta,MLT,1994,0,FALSE,TRUE,0
Malta,MLT,1995,0,FALSE,TRUE,0
Malta,MLT,1996,0,FALSE,TRUE,0
Malta,MLT,1997,0,FALSE,TRUE,0
Malta,MLT,1998,0,FALSE,TRUE,0
Malta,MLT,1999,0,FALSE,TRUE,0
Malta,MLT,2000,0,FALSE,TRUE,0
Malta,MLT,2001,0,FALSE,TRUE,0
Malta,MLT,2002,0,FALSE,TRUE,0
Malta,MLT,2003,0,FALSE,TRUE,0
Malta,MLT,2004,0,FALSE,TRUE,0
Malta,MLT,2005,0,FALSE,TRUE,0
Malta,MLT,2006,0,FALSE,TRUE,0
Malta,MLT,2007,0,FALSE,TRUE,0
Malta,MLT,2008,0,FALSE,TRUE,0
Malta,MLT,2009,0,FALSE,TRUE,0
Malta,MLT,2010,0,FALSE,TRUE,0
Malta,MLT,2011,0,FALSE,TRUE,0
Malta,MLT,2012,0,FALSE,TRUE,0
Malta,MLT,2013,0,FALSE,TRUE,0
Malta,MLT,2014,0,FALSE,TRUE,0
Malta,MLT,2015,0,FALSE,TRUE,0
Malta,MLT,2016,0,FALSE,TRUE,0
Malta,MLT,2017,0,FALSE,TRUE,0
Malta,MLT,2018,0,FALSE,TRUE,0
Malta,MLT,2019,0,FALSE,TRUE,0
Malta,MLT,2020,0,FALSE,TRUE,0
Marshall Islands,MHL,1980,0,FALSE,TRUE,0
Marshall Islands,MHL,1981,0,FALSE,TRUE,0
Marshall Islands,MHL,1982,0,FALSE,TRUE,0
Marshall Islands,MHL,1983,0,FALSE,TRUE,0
Marshall Islands,MHL,1984,0,FALSE,TRUE,0
Marshall Islands,MHL,1985,0,FALSE,TRUE,0
Marshall Islands,MHL,1986,0,FALSE,TRUE,0
Marshall Islands,MHL,1987,7,TRUE,FALSE,0.9030899869919435
Marshall Islands,MHL,1988,0,FALSE,TRUE,0
Marshall Islands,MHL,1989,0,FALSE,TRUE,0
Marshall Islands,MHL,1990,0,FALSE,TRUE,0
Marshall Islands,MHL,1991,0,FALSE,TRUE,0
Marshall Islands,MHL,1992,0,FALSE,TRUE,0
Marshall Islands,MHL,1993,0,FALSE,TRUE,0
Marshall Islands,MHL,1994,0,FALSE,TRUE,0
Marshall Islands,MHL,1995,0,FALSE,TRUE,0
Marshall Islands,MHL,1996,0,FALSE,TRUE,0
Marshall Islands,MHL,1997,0,FALSE,TRUE,0
Marshall Islands,MHL,1998,0,FALSE,TRUE,0
Marshall Islands,MHL,1999,0,FALSE,TRUE,0
Marshall Islands,MHL,2000,0,FALSE,TRUE,0
Marshall Islands,MHL,2001,0,FALSE,TRUE,0
Marshall Islands,MHL,2002,0,FALSE,TRUE,0
Marshall Islands,MHL,2003,0,FALSE,TRUE,0
Marshall Islands,MHL,2004,0,FALSE,TRUE,0
Marshall Islands,MHL,2005,0,FALSE,TRUE,0
Marshall Islands,MHL,2006,0,FALSE,TRUE,0
Marshall Islands,MHL,2007,0,FALSE,TRUE,0
Marshall Islands,MHL,2008,0,FALSE,TRUE,0
Marshall Islands,MHL,2010,0,FALSE,TRUE,0
Mauritania,MRT,1980,1113,TRUE,FALSE,3.04688519083771
Mauritania,MRT,1981,63,TRUE,FALSE,1.806179973983887
Mauritania,MRT,1982,126,TRUE,FALSE,2.103803720955957
Mauritania,MRT,1983,385,TRUE,FALSE,2.586587304671755
Mauritania,MRT,1984,546,TRUE,FALSE,2.737987326333431
Mauritania,MRT,1985,987,TRUE,FALSE,2.9947569445876283
Mauritania,MRT,1986,707,TRUE,FALSE,2.850033257689769
Mauritania,MRT,1987,483,TRUE,FALSE,2.6848453616444123
Mauritania,MRT,1988,119,TRUE,FALSE,2.0791812460476247
Mauritania,MRT,1989,133,TRUE,FALSE,2.1271047983648077
Mauritania,MRT,1990,49,TRUE,FALSE,1.6989700043360187
Mauritania,MRT,1991,364,TRUE,FALSE,2.5622928644564746
Mauritania,MRT,1992,175,TRUE,FALSE,2.24551266781415
Mauritania,MRT,1993,112,TRUE,FALSE,2.0530784434834195
Mauritania,MRT,1994,98,TRUE,FALSE,1.99563519459755
Mauritania,MRT,1995,35,TRUE,FALSE,1.5563025007672873
Mauritania,MRT,1996,0,FALSE,TRUE,0
Mauritania,MRT,1997,6,TRUE,FALSE,0.8450980400142568
Mauritania,MRT,1998,0,FALSE,TRUE,0
Mauritania,MRT,1999,8,TRUE,FALSE,0.9542425094393249
Mauritania,MRT,2000,0,FALSE,TRUE,0
Mauritania,MRT,2001,1,TRUE,FALSE,0.3010299956639812
Mauritania,MRT,2002,0,FALSE,TRUE,0
Mauritania,MRT,2003,0,FALSE,TRUE,0
Mauritania,MRT,2004,0,FALSE,TRUE,0
Mauritania,MRT,2005,0,FALSE,TRUE,0
Mauritania,MRT,2006,0,FALSE,TRUE,0
Mauritania,MRT,2007,0,FALSE,TRUE,0
Mauritania,MRT,2008,0,FALSE,TRUE,0
Mauritania,MRT,2009,14,TRUE,FALSE,1.1760912590556813
Mauritania,MRT,2010,6,TRUE,FALSE,0.8450980400142568
Mauritania,MRT,2011,0,FALSE,TRUE,0
Mauritania,MRT,2012,0,FALSE,TRUE,0
Mauritania,MRT,2013,0,FALSE,TRUE,0
Mauritania,MRT,2014,0,FALSE,TRUE,0
Mauritania,MRT,2015,0,FALSE,TRUE,0
Mauritania,MRT,2016,0,FALSE,TRUE,0
Mauritania,MRT,2017,0,FALSE,TRUE,0
Mauritania,MRT,2018,0,FALSE,TRUE,0
Mauritania,MRT,2019,0,FALSE,TRUE,0
Mauritania,MRT,2020,0,FALSE,TRUE,0
Mauritius,MUS,1980,0,FALSE,TRUE,0
Mauritius,MUS,1981,0,FALSE,TRUE,0
Mauritius,MUS,1982,0,FALSE,TRUE,0
Mauritius,MUS,1983,0,FALSE,TRUE,0
Mauritius,MUS,1984,0,FALSE,TRUE,0
Mauritius,MUS,1985,0,FALSE,TRUE,0
Mauritius,MUS,1986,0,FALSE,TRUE,0
Mauritius,MUS,1987,0,FALSE,TRUE,0
Mauritius,MUS,1988,0,FALSE,TRUE,0
Mauritius,MUS,1989,0,FALSE,TRUE,0
Mauritius,MUS,1990,0,FALSE,TRUE,0
Mauritius,MUS,1991,0,FALSE,TRUE,0
Mauritius,MUS,1992,0,FALSE,TRUE,0
Mauritius,MUS,1993,0,FALSE,TRUE,0
Mauritius,MUS,1994,0,FALSE,TRUE,0
Mauritius,MUS,1995,0,FALSE,TRUE,0
Mauritius,MUS,1996,0,FALSE,TRUE,0
Mauritius,MUS,1997,0,FALSE,TRUE,0
Mauritius,MUS,1998,0,FALSE,TRUE,0
Mauritius,MUS,1999,0,FALSE,TRUE,0
Mauritius,MUS,2000,0,FALSE,TRUE,0
Mauritius,MUS,2001,0,FALSE,TRUE,0
Mauritius,MUS,2002,0,FALSE,TRUE,0
Mauritius,MUS,2003,0,FALSE,TRUE,0
Mauritius,MUS,2004,0,FALSE,TRUE,0
Mauritius,MUS,2005,0,FALSE,TRUE,0
Mauritius,MUS,2006,0,FALSE,TRUE,0
Mauritius,MUS,2007,0,FALSE,TRUE,0
Mauritius,MUS,2008,0,FALSE,TRUE,0
Mauritius,MUS,2009,0,FALSE,TRUE,0
Mauritius,MUS,2010,0,FALSE,TRUE,0
Mauritius,MUS,2011,0,FALSE,TRUE,0
Mauritius,MUS,2012,0,FALSE,TRUE,0
Mauritius,MUS,2013,0,FALSE,TRUE,0
Mauritius,MUS,2014,0,FALSE,TRUE,0
Mauritius,MUS,2015,0,FALSE,TRUE,0
Mauritius,MUS,2016,0,FALSE,TRUE,0
Mauritius,MUS,2017,0,FALSE,TRUE,0
Mauritius,MUS,2018,0,FALSE,TRUE,0
Mauritius,MUS,2019,0,FALSE,TRUE,0
Mauritius,MUS,2020,0,FALSE,TRUE,0
Mexico,MEX,1980,4774,TRUE,FALSE,3.678973375919765
Mexico,MEX,1981,1302,TRUE,FALSE,3.1149444157125847
Mexico,MEX,1982,686,TRUE,FALSE,2.8369567370595505
Mexico,MEX,1983,1624,TRUE,FALSE,3.210853365314893
Mexico,MEX,1984,959,TRUE,FALSE,2.9822712330395684
Mexico,MEX,1985,1036,TRUE,FALSE,3.015778756389041
Mexico,MEX,1986,462,TRUE,FALSE,2.6655809910179533
Mexico,MEX,1987,539,TRUE,FALSE,2.7323937598229686
Mexico,MEX,1988,161,TRUE,FALSE,2.2095150145426308
Mexico,MEX,1989,189,TRUE,FALSE,2.278753600952829
Mexico,MEX,1990,49,TRUE,FALSE,1.6989700043360187
Mexico,MEX,1991,0,FALSE,TRUE,0
Mexico,MEX,1992,0,FALSE,TRUE,0
Mexico,MEX,1993,0,FALSE,TRUE,0
Mexico,MEX,1994,0,FALSE,TRUE,0
Mexico,MEX,1995,0,FALSE,TRUE,0
Mexico,MEX,1996,0,FALSE,TRUE,0
Mexico,MEX,1997,0,FALSE,TRUE,0
Mexico,MEX,1998,0,FALSE,TRUE,0
Mexico,MEX,1999,0,FALSE,TRUE,0
Mexico,MEX,2000,0,FALSE,TRUE,0
Mexico,MEX,2001,0,FALSE,TRUE,0
Mexico,MEX,2002,0,FALSE,TRUE,0
Mexico,MEX,2003,0,FALSE,TRUE,0
Mexico,MEX,2004,0,FALSE,TRUE,0
Mexico,MEX,2005,0,FALSE,TRUE,0
Mexico,MEX,2006,0,FALSE,TRUE,0
Mexico,MEX,2007,0,FALSE,TRUE,0
Mexico,MEX,2008,0,FALSE,TRUE,0
Mexico,MEX,2009,0,FALSE,TRUE,0
Mexico,MEX,2010,0,FALSE,TRUE,0
Mexico,MEX,2011,0,FALSE,TRUE,0
Mexico,MEX,2012,0,FALSE,TRUE,0
Mexico,MEX,2013,0,FALSE,TRUE,0
Mexico,MEX,2014,0,FALSE,TRUE,0
Mexico,MEX,2015,0,FALSE,TRUE,0
Mexico,MEX,2016,0,FALSE,TRUE,0
Mexico,MEX,2017,0,FALSE,TRUE,0
Mexico,MEX,2018,0,FALSE,TRUE,0
Mexico,MEX,2019,0,FALSE,TRUE,0
Mexico,MEX,2020,0,FALSE,TRUE,0
Micronesia (country),FSM,1987,0,FALSE,TRUE,0
Micronesia (country),FSM,1989,0,FALSE,TRUE,0
Micronesia (country),FSM,1990,0,FALSE,TRUE,0
Micronesia (country),FSM,1991,0,FALSE,TRUE,0
Micronesia (country),FSM,1992,0,FALSE,TRUE,0
Micronesia (country),FSM,1993,0,FALSE,TRUE,0
Micronesia (country),FSM,1994,0,FALSE,TRUE,0
Micronesia (country),FSM,1995,0,FALSE,TRUE,0
Micronesia (country),FSM,1996,0,FALSE,TRUE,0
Micronesia (country),FSM,1997,0,FALSE,TRUE,0
Micronesia (country),FSM,1998,0,FALSE,TRUE,0
Micronesia (country),FSM,1999,0,FALSE,TRUE,0
Micronesia (country),FSM,2000,0,FALSE,TRUE,0
Micronesia (country),FSM,2001,0,FALSE,TRUE,0
Micronesia (country),FSM,2002,0,FALSE,TRUE,0
Micronesia (country),FSM,2003,0,FALSE,TRUE,0
Micronesia (country),FSM,2004,0,FALSE,TRUE,0
Micronesia (country),FSM,2005,0,FALSE,TRUE,0
Micronesia (country),FSM,2006,0,FALSE,TRUE,0
Micronesia (country),FSM,2007,0,FALSE,TRUE,0
Micronesia (country),FSM,2008,0,FALSE,TRUE,0
Micronesia (country),FSM,2010,0,FALSE,TRUE,0
Moldova,MDA,1991,21,TRUE,FALSE,1.3424226808222062
Moldova,MDA,1992,7,TRUE,FALSE,0.9030899869919435
Moldova,MDA,1993,7,TRUE,FALSE,0.9030899869919435
Moldova,MDA,1994,0,FALSE,TRUE,0
Moldova,MDA,1995,0,FALSE,TRUE,0
Moldova,MDA,1996,1,TRUE,FALSE,0.3010299956639812
Moldova,MDA,1997,0,FALSE,TRUE,0
Moldova,MDA,1998,0,FALSE,TRUE,0
Moldova,MDA,1999,0,FALSE,TRUE,0
Moldova,MDA,2000,0,FALSE,TRUE,0
Moldova,MDA,2001,0,FALSE,TRUE,0
Moldova,MDA,2002,0,FALSE,TRUE,0
Moldova,MDA,2003,0,FALSE,TRUE,0
Moldova,MDA,2004,0,FALSE,TRUE,0
Moldova,MDA,2005,0,FALSE,TRUE,0
Moldova,MDA,2006,0,FALSE,TRUE,0
Moldova,MDA,2007,0,FALSE,TRUE,0
Moldova,MDA,2008,0,FALSE,TRUE,0
Moldova,MDA,2009,0,FALSE,TRUE,0
Moldova,MDA,2010,0,FALSE,TRUE,0
Moldova,MDA,2011,0,FALSE,TRUE,0
Moldova,MDA,2012,0,FALSE,TRUE,0
Moldova,MDA,2013,0,FALSE,TRUE,0
Moldova,MDA,2014,0,FALSE,TRUE,0
Moldova,MDA,2015,0,FALSE,TRUE,0
Moldova,MDA,2016,0,FALSE,TRUE,0
Moldova,MDA,2017,0,FALSE,TRUE,0
Moldova,MDA,2018,0,FALSE,TRUE,0
Moldova,MDA,2019,0,FALSE,TRUE,0
Moldova,MDA,2020,0,FALSE,TRUE,0
Monaco,MCO,1980,0,FALSE,TRUE,0
Monaco,MCO,1981,0,FALSE,TRUE,0
Monaco,MCO,1982,0,FALSE,TRUE,0
Monaco,MCO,1983,0,FALSE,TRUE,0
Monaco,MCO,1984,0,FALSE,TRUE,0
Monaco,MCO,1985,0,FALSE,TRUE,0
Monaco,MCO,1986,0,FALSE,TRUE,0
Monaco,MCO,1987,0,FALSE,TRUE,0
Monaco,MCO,1988,0,FALSE,TRUE,0
Monaco,MCO,1989,0,FALSE,TRUE,0
Monaco,MCO,1991,0,FALSE,TRUE,0
Monaco,MCO,1992,0,FALSE,TRUE,0
Monaco,MCO,1993,0,FALSE,TRUE,0
Monaco,MCO,1994,0,FALSE,TRUE,0
Monaco,MCO,1995,0,FALSE,TRUE,0
Monaco,MCO,1996,0,FALSE,TRUE,0
Monaco,MCO,1997,0,FALSE,TRUE,0
Monaco,MCO,1999,0,FALSE,TRUE,0
Monaco,MCO,2000,0,FALSE,TRUE,0
Monaco,MCO,2001,0,FALSE,TRUE,0
Monaco,MCO,2002,0,FALSE,TRUE,0
Monaco,MCO,2003,0,FALSE,TRUE,0
Monaco,MCO,2004,0,FALSE,TRUE,0
Monaco,MCO,2005,0,FALSE,TRUE,0
Monaco,MCO,2006,0,FALSE,TRUE,0
Monaco,MCO,2007,0,FALSE,TRUE,0
Monaco,MCO,2008,0,FALSE,TRUE,0
Monaco,MCO,2009,0,FALSE,TRUE,0
Monaco,MCO,2010,0,FALSE,TRUE,0
Monaco,MCO,2011,0,FALSE,TRUE,0
Monaco,MCO,2012,0,FALSE,TRUE,0
Monaco,MCO,2013,0,FALSE,TRUE,0
Monaco,MCO,2014,0,FALSE,TRUE,0
Monaco,MCO,2015,0,FALSE,TRUE,0
Monaco,MCO,2016,0,FALSE,TRUE,0
Monaco,MCO,2017,0,FALSE,TRUE,0
Monaco,MCO,2018,0,FALSE,TRUE,0
Monaco,MCO,2019,0,FALSE,TRUE,0
Monaco,MCO,2020,0,FALSE,TRUE,0
Mongolia,MNG,1980,0,FALSE,TRUE,0
Mongolia,MNG,1981,0,FALSE,TRUE,0
Mongolia,MNG,1982,518,TRUE,FALSE,2.7151673578484576
Mongolia,MNG,1983,105,TRUE,FALSE,2.0253058652647704
Mongolia,MNG,1984,49,TRUE,FALSE,1.6989700043360187
Mongolia,MNG,1985,14,TRUE,FALSE,1.1760912590556813
Mongolia,MNG,1986,49,TRUE,FALSE,1.6989700043360187
Mongolia,MNG,1988,7,TRUE,FALSE,0.9030899869919435
Mongolia,MNG,1989,0,FALSE,TRUE,0
Mongolia,MNG,1990,0,FALSE,TRUE,0
Mongolia,MNG,1991,7,TRUE,FALSE,0.9030899869919435
Mongolia,MNG,1992,7,TRUE,FALSE,0.9030899869919435
Mongolia,MNG,1993,21,TRUE,FALSE,1.3424226808222062
Mongolia,MNG,1994,0,FALSE,TRUE,0
Mongolia,MNG,1995,0,FALSE,TRUE,0
Mongolia,MNG,1996,0,FALSE,TRUE,0
Mongolia,MNG,1997,0,FALSE,TRUE,0
Mongolia,MNG,1998,0,FALSE,TRUE,0
Mongolia,MNG,1999,0,FALSE,TRUE,0
Mongolia,MNG,2000,0,FALSE,TRUE,0
Mongolia,MNG,2001,0,FALSE,TRUE,0
Mongolia,MNG,2002,0,FALSE,TRUE,0
Mongolia,MNG,2003,0,FALSE,TRUE,0
Mongolia,MNG,2004,0,FALSE,TRUE,0
Mongolia,MNG,2005,0,FALSE,TRUE,0
Mongolia,MNG,2006,0,FALSE,TRUE,0
Mongolia,MNG,2007,0,FALSE,TRUE,0
Mongolia,MNG,2008,0,FALSE,TRUE,0
Mongolia,MNG,2009,0,FALSE,TRUE,0
Mongolia,MNG,2010,0,FALSE,TRUE,0
Mongolia,MNG,2011,0,FALSE,TRUE,0
Mongolia,MNG,2012,0,FALSE,TRUE,0
Mongolia,MNG,2013,0,FALSE,TRUE,0
Mongolia,MNG,2014,0,FALSE,TRUE,0
Mongolia,MNG,2015,0,FALSE,TRUE,0
Mongolia,MNG,2016,0,FALSE,TRUE,0
Mongolia,MNG,2017,0,FALSE,TRUE,0
Mongolia,MNG,2018,0,FALSE,TRUE,0
Mongolia,MNG,2019,0,FALSE,TRUE,0
Mongolia,MNG,2020,0,FALSE,TRUE,0
Montenegro,MNE,2006,0,FALSE,TRUE,0
Montenegro,MNE,2007,0,FALSE,TRUE,0
Montenegro,MNE,2008,0,FALSE,TRUE,0
Montenegro,MNE,2009,0,FALSE,TRUE,0
Montenegro,MNE,2010,0,FALSE,TRUE,0
Montenegro,MNE,2011,0,FALSE,TRUE,0
Montenegro,MNE,2012,0,FALSE,TRUE,0
Montenegro,MNE,2013,0,FALSE,TRUE,0
Montenegro,MNE,2014,0,FALSE,TRUE,0
Montenegro,MNE,2015,0,FALSE,TRUE,0
Montenegro,MNE,2016,0,FALSE,TRUE,0
Montenegro,MNE,2017,0,FALSE,TRUE,0
Montenegro,MNE,2018,0,FALSE,TRUE,0
Montenegro,MNE,2019,0,FALSE,TRUE,0
Montenegro,MNE,2020,0,FALSE,TRUE,0
Morocco,MAR,1980,364,TRUE,FALSE,2.5622928644564746
Morocco,MAR,1981,406,TRUE,FALSE,2.60959440922522
Morocco,MAR,1982,623,TRUE,FALSE,2.795184589682424
Morocco,MAR,1983,343,TRUE,FALSE,2.53655844257153
Morocco,MAR,1984,154,TRUE,FALSE,2.1903316981702914
Morocco,MAR,1985,105,TRUE,FALSE,2.0253058652647704
Morocco,MAR,1986,84,TRUE,FALSE,1.9294189257142926
Morocco,MAR,1987,63,TRUE,FALSE,1.806179973983887
Morocco,MAR,1988,0,FALSE,TRUE,0
Morocco,MAR,1989,14,TRUE,FALSE,1.1760912590556813
Morocco,MAR,1990,0,FALSE,TRUE,0
Morocco,MAR,1991,0,FALSE,TRUE,0
Morocco,MAR,1992,0,FALSE,TRUE,0
Morocco,MAR,1993,0,FALSE,TRUE,0
Morocco,MAR,1994,0,FALSE,TRUE,0
Morocco,MAR,1995,0,FALSE,TRUE,0
Morocco,MAR,1996,0,FALSE,TRUE,0
Morocco,MAR,1997,0,FALSE,TRUE,0
Morocco,MAR,1998,0,FALSE,TRUE,0
Morocco,MAR,1999,0,FALSE,TRUE,0
Morocco,MAR,2000,0,FALSE,TRUE,0
Morocco,MAR,2001,0,FALSE,TRUE,0
Morocco,MAR,2002,0,FALSE,TRUE,0
Morocco,MAR,2003,0,FALSE,TRUE,0
Morocco,MAR,2004,0,FALSE,TRUE,0
Morocco,MAR,2005,0,FALSE,TRUE,0
Morocco,MAR,2006,0,FALSE,TRUE,0
Morocco,MAR,2007,0,FALSE,TRUE,0
Morocco,MAR,2008,0,FALSE,TRUE,0
Morocco,MAR,2009,0,FALSE,TRUE,0
Morocco,MAR,2010,0,FALSE,TRUE,0
Morocco,MAR,2011,0,FALSE,TRUE,0
Morocco,MAR,2012,0,FALSE,TRUE,0
Morocco,MAR,2013,0,FALSE,TRUE,0
Morocco,MAR,2014,0,FALSE,TRUE,0
Morocco,MAR,2015,0,FALSE,TRUE,0
Morocco,MAR,2016,0,FALSE,TRUE,0
Morocco,MAR,2017,0,FALSE,TRUE,0
Morocco,MAR,2018,0,FALSE,TRUE,0
Morocco,MAR,2019,0,FALSE,TRUE,0
Morocco,MAR,2020,0,FALSE,TRUE,0
Mozambique,MOZ,1980,455,TRUE,FALSE,2.658964842664435
Mozambique,MOZ,1981,294,TRUE,FALSE,2.469822015978163
Mozambique,MOZ,1982,329,TRUE,FALSE,2.5185139398778875
Mozambique,MOZ,1983,196,TRUE,FALSE,2.294466226161593
Mozambique,MOZ,1984,217,TRUE,FALSE,2.3384564936046046
Mozambique,MOZ,1985,182,TRUE,FALSE,2.2624510897304293
Mozambique,MOZ,1986,49,TRUE,FALSE,1.6989700043360187
Mozambique,MOZ,1987,7,TRUE,FALSE,0.9030899869919435
Mozambique,MOZ,1988,49,TRUE,FALSE,1.6989700043360187
Mozambique,MOZ,1989,0,FALSE,TRUE,0
Mozambique,MOZ,1990,7,TRUE,FALSE,0.9030899869919435
Mozambique,MOZ,1991,21,TRUE,FALSE,1.3424226808222062
Mozambique,MOZ,1992,21,TRUE,FALSE,1.3424226808222062
Mozambique,MOZ,1993,7,TRUE,FALSE,0.9030899869919435
Mozambique,MOZ,1994,0,FALSE,TRUE,0
Mozambique,MOZ,1995,0,FALSE,TRUE,0
Mozambique,MOZ,1996,0,FALSE,TRUE,0
Mozambique,MOZ,1997,4,TRUE,FALSE,0.6989700043360189
Mozambique,MOZ,1998,8,TRUE,FALSE,0.9542425094393249
Mozambique,MOZ,1999,0,FALSE,TRUE,0
Mozambique,MOZ,2000,2,TRUE,FALSE,0.47712125471966244
Mozambique,MOZ,2001,0,FALSE,TRUE,0
Mozambique,MOZ,2002,0,FALSE,TRUE,0
Mozambique,MOZ,2003,0,FALSE,TRUE,0
Mozambique,MOZ,2004,0,FALSE,TRUE,0
Mozambique,MOZ,2005,0,FALSE,TRUE,0
Mozambique,MOZ,2006,0,FALSE,TRUE,0
Mozambique,MOZ,2007,0,FALSE,TRUE,0
Mozambique,MOZ,2008,0,FALSE,TRUE,0
Mozambique,MOZ,2009,0,FALSE,TRUE,0
Mozambique,MOZ,2010,0,FALSE,TRUE,0
Mozambique,MOZ,2011,2,TRUE,FALSE,0.47712125471966244
Mozambique,MOZ,2012,0,FALSE,TRUE,0
Mozambique,MOZ,2013,0,FALSE,TRUE,0
Mozambique,MOZ,2014,0,FALSE,TRUE,0
Mozambique,MOZ,2015,0,FALSE,TRUE,0
Mozambique,MOZ,2016,0,FALSE,TRUE,0
Mozambique,MOZ,2017,0,FALSE,TRUE,0
Mozambique,MOZ,2018,2,TRUE,FALSE,0.47712125471966244
Mozambique,MOZ,2019,0,FALSE,TRUE,0
Mozambique,MOZ,2020,0,FALSE,TRUE,0
Myanmar,MMR,1980,1708,TRUE,FALSE,3.232742062720737
Myanmar,MMR,1981,2009,TRUE,FALSE,3.303196057420489
Myanmar,MMR,1982,2128,TRUE,FALSE,3.3281756614383227
Myanmar,MMR,1983,1505,TRUE,FALSE,3.177824971864682
Myanmar,MMR,1984,1162,TRUE,FALSE,3.0655797147284485
Myanmar,MMR,1985,763,TRUE,FALSE,2.8830933585756897
Myanmar,MMR,1986,637,TRUE,FALSE,2.8048206787211623
Myanmar,MMR,1987,469,TRUE,FALSE,2.6720978579357175
Myanmar,MMR,1988,420,TRUE,FALSE,2.6242820958356683
Myanmar,MMR,1989,350,TRUE,FALSE,2.545307116465824
Myanmar,MMR,1990,329,TRUE,FALSE,2.5185139398778875
Myanmar,MMR,1991,406,TRUE,FALSE,2.60959440922522
Myanmar,MMR,1992,329,TRUE,FALSE,2.5185139398778875
Myanmar,MMR,1993,364,TRUE,FALSE,2.5622928644564746
Myanmar,MMR,1994,189,TRUE,FALSE,2.278753600952829
Myanmar,MMR,1995,126,TRUE,FALSE,2.103803720955957
Myanmar,MMR,1996,9,TRUE,FALSE,1
Myanmar,MMR,1997,61,TRUE,FALSE,1.792391689498254
Myanmar,MMR,1998,46,TRUE,FALSE,1.6720978579357175
Myanmar,MMR,1999,56,TRUE,FALSE,1.7558748556724915
Myanmar,MMR,2000,49,TRUE,FALSE,1.6989700043360187
Myanmar,MMR,2001,0,FALSE,TRUE,0
Myanmar,MMR,2002,0,FALSE,TRUE,0
Myanmar,MMR,2003,0,FALSE,TRUE,0
Myanmar,MMR,2004,0,FALSE,TRUE,0
Myanmar,MMR,2005,0,FALSE,TRUE,0
Myanmar,MMR,2006,1,TRUE,FALSE,0.3010299956639812
Myanmar,MMR,2007,17,TRUE,FALSE,1.255272505103306
Myanmar,MMR,2008,0,FALSE,TRUE,0
Myanmar,MMR,2009,0,FALSE,TRUE,0
Myanmar,MMR,2010,0,FALSE,TRUE,0
Myanmar,MMR,2011,0,FALSE,TRUE,0
Myanmar,MMR,2012,0,FALSE,TRUE,0
Myanmar,MMR,2013,0,FALSE,TRUE,0
Myanmar,MMR,2014,0,FALSE,TRUE,0
Myanmar,MMR,2015,2,TRUE,FALSE,0.47712125471966244
Myanmar,MMR,2016,0,FALSE,TRUE,0
Myanmar,MMR,2017,0,FALSE,TRUE,0
Myanmar,MMR,2018,0,FALSE,TRUE,0
Myanmar,MMR,2019,7,TRUE,FALSE,0.9030899869919435
Myanmar,MMR,2020,0,FALSE,TRUE,0
Namibia,NAM,1989,7,TRUE,FALSE,0.9030899869919435
Namibia,NAM,1990,0,FALSE,TRUE,0
Namibia,NAM,1991,0,FALSE,TRUE,0
Namibia,NAM,1992,0,FALSE,TRUE,0
Namibia,NAM,1993,371,TRUE,FALSE,2.5705429398818973
Namibia,NAM,1994,28,TRUE,FALSE,1.462397997898956
Namibia,NAM,1995,105,TRUE,FALSE,2.0253058652647704
Namibia,NAM,1996,9,TRUE,FALSE,1
Namibia,NAM,1997,2,TRUE,FALSE,0.47712125471966244
Namibia,NAM,1998,2,TRUE,FALSE,0.47712125471966244
Namibia,NAM,1999,3,TRUE,FALSE,0.6020599913279624
Namibia,NAM,2000,0,FALSE,TRUE,0
Namibia,NAM,2001,0,FALSE,TRUE,0
Namibia,NAM,2002,0,FALSE,TRUE,0
Namibia,NAM,2003,0,FALSE,TRUE,0
Namibia,NAM,2004,0,FALSE,TRUE,0
Namibia,NAM,2005,0,FALSE,TRUE,0
Namibia,NAM,2006,21,TRUE,FALSE,1.3424226808222062
Namibia,NAM,2007,0,FALSE,TRUE,0
Namibia,NAM,2008,0,FALSE,TRUE,0
Namibia,NAM,2009,0,FALSE,TRUE,0
Namibia,NAM,2010,0,FALSE,TRUE,0
Namibia,NAM,2011,0,FALSE,TRUE,0
Namibia,NAM,2012,0,FALSE,TRUE,0
Namibia,NAM,2013,0,FALSE,TRUE,0
Namibia,NAM,2014,0,FALSE,TRUE,0
Namibia,NAM,2015,0,FALSE,TRUE,0
Namibia,NAM,2016,0,FALSE,TRUE,0
Namibia,NAM,2017,0,FALSE,TRUE,0
Namibia,NAM,2018,0,FALSE,TRUE,0
Namibia,NAM,2019,0,FALSE,TRUE,0
Namibia,NAM,2020,0,FALSE,TRUE,0
Nauru,NRU,1980,0,FALSE,TRUE,0
Nauru,NRU,1981,0,FALSE,TRUE,0
Nauru,NRU,1982,0,FALSE,TRUE,0
Nauru,NRU,1983,0,FALSE,TRUE,0
Nauru,NRU,1984,0,FALSE,TRUE,0
Nauru,NRU,1986,7,TRUE,FALSE,0.9030899869919435
Nauru,NRU,1987,0,FALSE,TRUE,0
Nauru,NRU,1988,0,FALSE,TRUE,0
Nauru,NRU,1989,0,FALSE,TRUE,0
Nauru,NRU,1990,0,FALSE,TRUE,0
Nauru,NRU,1991,0,FALSE,TRUE,0
Nauru,NRU,1992,0,FALSE,TRUE,0
Nauru,NRU,1993,0,FALSE,TRUE,0
Nauru,NRU,1994,0,FALSE,TRUE,0
Nauru,NRU,1995,0,FALSE,TRUE,0
Nauru,NRU,1996,0,FALSE,TRUE,0
Nauru,NRU,1997,0,FALSE,TRUE,0
Nauru,NRU,1999,0,FALSE,TRUE,0
Nauru,NRU,2000,0,FALSE,TRUE,0
Nauru,NRU,2001,0,FALSE,TRUE,0
Nauru,NRU,2002,0,FALSE,TRUE,0
Nauru,NRU,2003,0,FALSE,TRUE,0
Nauru,NRU,2004,0,FALSE,TRUE,0
Nauru,NRU,2005,0,FALSE,TRUE,0
Nauru,NRU,2006,0,FALSE,TRUE,0
Nauru,NRU,2007,0,FALSE,TRUE,0
Nauru,NRU,2008,0,FALSE,TRUE,0
Nauru,NRU,2010,0,FALSE,TRUE,0
Nepal,NPL,1980,364,TRUE,FALSE,2.5622928644564746
Nepal,NPL,1981,63,TRUE,FALSE,1.806179973983887
Nepal,NPL,1982,462,TRUE,FALSE,2.6655809910179533
Nepal,NPL,1983,462,TRUE,FALSE,2.6655809910179533
Nepal,NPL,1984,532,TRUE,FALSE,2.7267272090265724
Nepal,NPL,1985,210,TRUE,FALSE,2.3242824552976926
Nepal,NPL,1986,70,TRUE,FALSE,1.8512583487190752
Nepal,NPL,1987,49,TRUE,FALSE,1.6989700043360187
Nepal,NPL,1988,63,TRUE,FALSE,1.806179973983887
Nepal,NPL,1989,238,TRUE,FALSE,2.3783979009481375
Nepal,NPL,1990,42,TRUE,FALSE,1.6334684555795864
Nepal,NPL,1991,84,TRUE,FALSE,1.9294189257142926
Nepal,NPL,1992,21,TRUE,FALSE,1.3424226808222062
Nepal,NPL,1993,14,TRUE,FALSE,1.1760912590556813
Nepal,NPL,1994,14,TRUE,FALSE,1.1760912590556813
Nepal,NPL,1995,63,TRUE,FALSE,1.806179973983887
Nepal,NPL,1996,10,TRUE,FALSE,1.0413926851582251
Nepal,NPL,1997,13,TRUE,FALSE,1.146128035678238
Nepal,NPL,1998,34,TRUE,FALSE,1.5440680443502757
Nepal,NPL,1999,47,TRUE,FALSE,1.6812412373755872
Nepal,NPL,2000,32,TRUE,FALSE,1.5185139398778875
Nepal,NPL,2001,0,FALSE,TRUE,0
Nepal,NPL,2002,0,FALSE,TRUE,0
Nepal,NPL,2003,0,FALSE,TRUE,0
Nepal,NPL,2004,0,FALSE,TRUE,0
Nepal,NPL,2005,4,TRUE,FALSE,0.6989700043360189
Nepal,NPL,2006,6,TRUE,FALSE,0.8450980400142568
Nepal,NPL,2007,6,TRUE,FALSE,0.8450980400142568
Nepal,NPL,2008,7,TRUE,FALSE,0.9030899869919435
Nepal,NPL,2009,0,FALSE,TRUE,0
Nepal,NPL,2010,7,TRUE,FALSE,0.9030899869919435
Nepal,NPL,2011,0,FALSE,TRUE,0
Nepal,NPL,2012,0,FALSE,TRUE,0
Nepal,NPL,2013,0,FALSE,TRUE,0
Nepal,NPL,2014,0,FALSE,TRUE,0
Nepal,NPL,2015,0,FALSE,TRUE,0
Nepal,NPL,2016,0,FALSE,TRUE,0
Nepal,NPL,2017,0,FALSE,TRUE,0
Nepal,NPL,2018,0,FALSE,TRUE,0
Nepal,NPL,2019,0,FALSE,TRUE,0
Nepal,NPL,2020,0,FALSE,TRUE,0
Netherlands,NLD,1980,0,FALSE,TRUE,0
Netherlands,NLD,1981,7,TRUE,FALSE,0.9030899869919435
Netherlands,NLD,1982,0,FALSE,TRUE,0
Netherlands,NLD,1983,7,TRUE,FALSE,0.9030899869919435
Netherlands,NLD,1984,7,TRUE,FALSE,0.9030899869919435
Netherlands,NLD,1985,0,FALSE,TRUE,0
Netherlands,NLD,1986,0,FALSE,TRUE,0
Netherlands,NLD,1987,0,FALSE,TRUE,0
Netherlands,NLD,1988,0,FALSE,TRUE,0
Netherlands,NLD,1989,0,FALSE,TRUE,0
Netherlands,NLD,1990,0,FALSE,TRUE,0
Netherlands,NLD,1991,0,FALSE,TRUE,0
Netherlands,NLD,1992,448,TRUE,FALSE,2.6522463410033232
Netherlands,NLD,1993,49,TRUE,FALSE,1.6989700043360187
Netherlands,NLD,1994,0,FALSE,TRUE,0
Netherlands,NLD,1995,0,FALSE,TRUE,0
Netherlands,NLD,1996,0,FALSE,TRUE,0
Netherlands,NLD,1997,0,FALSE,TRUE,0
Netherlands,NLD,1998,0,FALSE,TRUE,0
Netherlands,NLD,1999,0,FALSE,TRUE,0
Netherlands,NLD,2000,0,FALSE,TRUE,0
Netherlands,NLD,2001,0,FALSE,TRUE,0
Netherlands,NLD,2002,0,FALSE,TRUE,0
Netherlands,NLD,2003,0,FALSE,TRUE,0
Netherlands,NLD,2004,0,FALSE,TRUE,0
Netherlands,NLD,2005,0,FALSE,TRUE,0
Netherlands,NLD,2006,0,FALSE,TRUE,0
Netherlands,NLD,2007,0,FALSE,TRUE,0
Netherlands,NLD,2008,0,FALSE,TRUE,0
Netherlands,NLD,2009,0,FALSE,TRUE,0
Netherlands,NLD,2010,0,FALSE,TRUE,0
Netherlands,NLD,2011,0,FALSE,TRUE,0
Netherlands,NLD,2012,0,FALSE,TRUE,0
Netherlands,NLD,2013,0,FALSE,TRUE,0
Netherlands,NLD,2014,0,FALSE,TRUE,0
Netherlands,NLD,2015,0,FALSE,TRUE,0
Netherlands,NLD,2016,0,FALSE,TRUE,0
Netherlands,NLD,2017,0,FALSE,TRUE,0
Netherlands,NLD,2018,0,FALSE,TRUE,0
Netherlands,NLD,2019,0,FALSE,TRUE,0
Netherlands,NLD,2020,0,FALSE,TRUE,0
New Zealand,NZL,1980,0,FALSE,TRUE,0
New Zealand,NZL,1981,0,FALSE,TRUE,0
New Zealand,NZL,1982,0,FALSE,TRUE,0
New Zealand,NZL,1983,0,FALSE,TRUE,0
New Zealand,NZL,1984,0,FALSE,TRUE,0
New Zealand,NZL,1985,0,FALSE,TRUE,0
New Zealand,NZL,1986,0,FALSE,TRUE,0
New Zealand,NZL,1987,0,FALSE,TRUE,0
New Zealand,NZL,1988,0,FALSE,TRUE,0
New Zealand,NZL,1989,0,FALSE,TRUE,0
New Zealand,NZL,1990,0,FALSE,TRUE,0
New Zealand,NZL,1991,0,FALSE,TRUE,0
New Zealand,NZL,1992,0,FALSE,TRUE,0
New Zealand,NZL,1993,0,FALSE,TRUE,0
New Zealand,NZL,1994,0,FALSE,TRUE,0
New Zealand,NZL,1995,0,FALSE,TRUE,0
New Zealand,NZL,1996,0,FALSE,TRUE,0
New Zealand,NZL,1997,0,FALSE,TRUE,0
New Zealand,NZL,1998,0,FALSE,TRUE,0
New Zealand,NZL,1999,0,FALSE,TRUE,0
New Zealand,NZL,2000,0,FALSE,TRUE,0
New Zealand,NZL,2001,0,FALSE,TRUE,0
New Zealand,NZL,2002,0,FALSE,TRUE,0
New Zealand,NZL,2003,0,FALSE,TRUE,0
New Zealand,NZL,2004,0,FALSE,TRUE,0
New Zealand,NZL,2005,0,FALSE,TRUE,0
New Zealand,NZL,2006,0,FALSE,TRUE,0
New Zealand,NZL,2007,0,FALSE,TRUE,0
New Zealand,NZL,2008,0,FALSE,TRUE,0
New Zealand,NZL,2009,0,FALSE,TRUE,0
New Zealand,NZL,2010,0,FALSE,TRUE,0
New Zealand,NZL,2011,0,FALSE,TRUE,0
New Zealand,NZL,2012,0,FALSE,TRUE,0
New Zealand,NZL,2013,0,FALSE,TRUE,0
New Zealand,NZL,2014,0,FALSE,TRUE,0
New Zealand,NZL,2015,0,FALSE,TRUE,0
New Zealand,NZL,2016,0,FALSE,TRUE,0
New Zealand,NZL,2017,0,FALSE,TRUE,0
New Zealand,NZL,2018,0,FALSE,TRUE,0
New Zealand,NZL,2019,0,FALSE,TRUE,0
New Zealand,NZL,2020,0,FALSE,TRUE,0
Nicaragua,NIC,1980,147,TRUE,FALSE,2.1702617153949575
Nicaragua,NIC,1981,322,TRUE,FALSE,2.509202522331103
Nicaragua,NIC,1982,0,FALSE,TRUE,0
Nicaragua,NIC,1983,0,FALSE,TRUE,0
Nicaragua,NIC,1984,0,FALSE,TRUE,0
Nicaragua,NIC,1985,0,FALSE,TRUE,0
Nicaragua,NIC,1986,0,FALSE,TRUE,0
Nicaragua,NIC,1987,0,FALSE,TRUE,0
Nicaragua,NIC,1988,0,FALSE,TRUE,0
Nicaragua,NIC,1989,0,FALSE,TRUE,0
Nicaragua,NIC,1990,0,FALSE,TRUE,0
Nicaragua,NIC,1991,0,FALSE,TRUE,0
Nicaragua,NIC,1992,0,FALSE,TRUE,0
Nicaragua,NIC,1993,0,FALSE,TRUE,0
Nicaragua,NIC,1994,0,FALSE,TRUE,0
Nicaragua,NIC,1995,0,FALSE,TRUE,0
Nicaragua,NIC,1996,0,FALSE,TRUE,0
Nicaragua,NIC,1997,0,FALSE,TRUE,0
Nicaragua,NIC,1998,0,FALSE,TRUE,0
Nicaragua,NIC,1999,0,FALSE,TRUE,0
Nicaragua,NIC,2000,0,FALSE,TRUE,0
Nicaragua,NIC,2001,0,FALSE,TRUE,0
Nicaragua,NIC,2002,0,FALSE,TRUE,0
Nicaragua,NIC,2003,0,FALSE,TRUE,0
Nicaragua,NIC,2004,0,FALSE,TRUE,0
Nicaragua,NIC,2005,0,FALSE,TRUE,0
Nicaragua,NIC,2006,0,FALSE,TRUE,0
Nicaragua,NIC,2007,0,FALSE,TRUE,0
Nicaragua,NIC,2008,0,FALSE,TRUE,0
Nicaragua,NIC,2009,0,FALSE,TRUE,0
Nicaragua,NIC,2010,0,FALSE,TRUE,0
Nicaragua,NIC,2011,0,FALSE,TRUE,0
Nicaragua,NIC,2012,0,FALSE,TRUE,0
Nicaragua,NIC,2013,0,FALSE,TRUE,0
Nicaragua,NIC,2014,0,FALSE,TRUE,0
Nicaragua,NIC,2015,0,FALSE,TRUE,0
Nicaragua,NIC,2016,0,FALSE,TRUE,0
Nicaragua,NIC,2017,0,FALSE,TRUE,0
Nicaragua,NIC,2018,0,FALSE,TRUE,0
Nicaragua,NIC,2019,0,FALSE,TRUE,0
Nicaragua,NIC,2020,0,FALSE,TRUE,0
Niger,NER,1980,2177,TRUE,FALSE,3.3380578754197563
Niger,NER,1981,1953,TRUE,FALSE,3.2909245593827543
Niger,NER,1982,1225,TRUE,FALSE,3.0884904701823963
Niger,NER,1983,1407,TRUE,FALSE,3.1486026548060932
Niger,NER,1984,1288,TRUE,FALSE,3.110252917353403
Niger,NER,1985,1022,TRUE,FALSE,3.00987563371216
Niger,NER,1986,210,TRUE,FALSE,2.3242824552976926
Niger,NER,1987,168,TRUE,FALSE,2.2278867046136734
Niger,NER,1988,231,TRUE,FALSE,2.3654879848909
Niger,NER,1989,133,TRUE,FALSE,2.1271047983648077
Niger,NER,1990,224,TRUE,FALSE,2.3521825181113627
Niger,NER,1991,399,TRUE,FALSE,2.6020599913279625
Niger,NER,1992,280,TRUE,FALSE,2.44870631990508
Niger,NER,1993,287,TRUE,FALSE,2.459392487759231
Niger,NER,1994,434,TRUE,FALSE,2.6384892569546374
Niger,NER,1995,280,TRUE,FALSE,2.44870631990508
Niger,NER,1996,44,TRUE,FALSE,1.6532125137753437
Niger,NER,1997,62,TRUE,FALSE,1.7993405494535817
Niger,NER,1998,9,TRUE,FALSE,1
Niger,NER,1999,62,TRUE,FALSE,1.7993405494535817
Niger,NER,2000,37,TRUE,FALSE,1.5797835966168101
Niger,NER,2001,7,TRUE,FALSE,0.9030899869919435
Niger,NER,2002,3,TRUE,FALSE,0.6020599913279624
Niger,NER,2003,80,TRUE,FALSE,1.9084850188786497
Niger,NER,2004,28,TRUE,FALSE,1.462397997898956
Niger,NER,2005,11,TRUE,FALSE,1.0791812460476249
Niger,NER,2006,14,TRUE,FALSE,1.1760912590556813
Niger,NER,2007,12,TRUE,FALSE,1.1139433523068367
Niger,NER,2008,13,TRUE,FALSE,1.146128035678238
Niger,NER,2009,30,TRUE,FALSE,1.4913616938342726
Niger,NER,2010,3,TRUE,FALSE,0.6020599913279624
Niger,NER,2011,7,TRUE,FALSE,0.9030899869919435
Niger,NER,2012,2,TRUE,FALSE,0.47712125471966244
Niger,NER,2013,1,TRUE,FALSE,0.3010299956639812
Niger,NER,2014,0,FALSE,TRUE,0
Niger,NER,2015,0,FALSE,TRUE,0
Niger,NER,2016,0,FALSE,TRUE,0
Niger,NER,2017,0,FALSE,TRUE,0
Niger,NER,2018,20,TRUE,FALSE,1.3222192947339193
Niger,NER,2019,1,TRUE,FALSE,0.3010299956639812
Niger,NER,2020,20,TRUE,FALSE,1.3222192947339193
Nigeria,NGA,1980,5712,TRUE,FALSE,3.756864224060549
Nigeria,NGA,1981,2345,TRUE,FALSE,3.3703280077795106
Nigeria,NGA,1982,2765,TRUE,FALSE,3.441852175773292
Nigeria,NGA,1983,2744,TRUE,FALSE,3.4385423487861106
Nigeria,NGA,1984,4375,TRUE,FALSE,3.641077313325374
Nigeria,NGA,1985,6713,TRUE,FALSE,3.826981336911994
Nigeria,NGA,1986,3171,TRUE,FALSE,3.501333178645566
Nigeria,NGA,1987,4242,TRUE,FALSE,3.6276730317666157
Nigeria,NGA,1988,10220,TRUE,FALSE,4.00949338828754
Nigeria,NGA,1989,3185,TRUE,FALSE,3.503245771465113
Nigeria,NGA,1990,13111,TRUE,FALSE,4.117668940562442
Nigeria,NGA,1991,5894,TRUE,FALSE,3.770483809431108
Nigeria,NGA,1992,6699,TRUE,FALSE,3.8260748027008264
Nigeria,NGA,1993,7581,TRUE,FALSE,3.8797837800904156
Nigeria,NGA,1994,3514,TRUE,FALSE,3.5459253293558426
Nigeria,NGA,1995,3073,TRUE,FALSE,3.4877038631637265
Nigeria,NGA,1996,1046,TRUE,FALSE,3.0199466816788423
Nigeria,NGA,1997,425,TRUE,FALSE,2.629409599102719
Nigeria,NGA,1998,346,TRUE,FALSE,2.5403294747908736
Nigeria,NGA,1999,1089,TRUE,FALSE,3.037426497940624
Nigeria,NGA,2000,708,TRUE,FALSE,2.8506462351830666
Nigeria,NGA,2001,112,TRUE,FALSE,2.0530784434834195
Nigeria,NGA,2002,224,TRUE,FALSE,2.3521825181113627
Nigeria,NGA,2003,394,TRUE,FALSE,2.59659709562646
Nigeria,NGA,2004,868,TRUE,FALSE,2.9390197764486663
Nigeria,NGA,2005,922,TRUE,FALSE,2.965201701025912
Nigeria,NGA,2006,1269,TRUE,FALSE,3.103803720955957
Nigeria,NGA,2007,392,TRUE,FALSE,2.5943925503754266
Nigeria,NGA,2008,961,TRUE,FALSE,2.983175072037813
Nigeria,NGA,2009,602,TRUE,FALSE,2.780317312140151
Nigeria,NGA,2010,53,TRUE,FALSE,1.7323937598229686
Nigeria,NGA,2011,105,TRUE,FALSE,2.0253058652647704
Nigeria,NGA,2012,144,TRUE,FALSE,2.161368002234975
Nigeria,NGA,2013,63,TRUE,FALSE,1.806179973983887
Nigeria,NGA,2014,40,TRUE,FALSE,1.6127838567197355
Nigeria,NGA,2015,1,TRUE,FALSE,0.3010299956639812
Nigeria,NGA,2016,6,TRUE,FALSE,0.8450980400142568
Nigeria,NGA,2017,0,FALSE,TRUE,0
Nigeria,NGA,2018,38,TRUE,FALSE,1.591064607026499
Nigeria,NGA,2019,20,TRUE,FALSE,1.3222192947339193
Nigeria,NGA,2020,9,TRUE,FALSE,1
Niue,NIU,1980,0,FALSE,TRUE,0
Niue,NIU,1981,0,FALSE,TRUE,0
Niue,NIU,1982,0,FALSE,TRUE,0
Niue,NIU,1983,0,FALSE,TRUE,0
Niue,NIU,1984,0,FALSE,TRUE,0
Niue,NIU,1985,0,FALSE,TRUE,0
Niue,NIU,1986,0,FALSE,TRUE,0
Niue,NIU,1987,0,FALSE,TRUE,0
Niue,NIU,1988,0,FALSE,TRUE,0
Niue,NIU,1989,0,FALSE,TRUE,0
Niue,NIU,1990,0,FALSE,TRUE,0
Niue,NIU,1991,0,FALSE,TRUE,0
Niue,NIU,1992,0,FALSE,TRUE,0
Niue,NIU,1993,0,FALSE,TRUE,0
Niue,NIU,1994,0,FALSE,TRUE,0
Niue,NIU,1995,0,FALSE,TRUE,0
Niue,NIU,1996,0,FALSE,TRUE,0
Niue,NIU,1997,0,FALSE,TRUE,0
Niue,NIU,1998,0,FALSE,TRUE,0
Niue,NIU,1999,0,FALSE,TRUE,0
Niue,NIU,2000,0,FALSE,TRUE,0
Niue,NIU,2001,0,FALSE,TRUE,0
Niue,NIU,2002,0,FALSE,TRUE,0
Niue,NIU,2003,0,FALSE,TRUE,0
Niue,NIU,2004,0,FALSE,TRUE,0
Niue,NIU,2005,0,FALSE,TRUE,0
Niue,NIU,2006,0,FALSE,TRUE,0
Niue,NIU,2007,0,FALSE,TRUE,0
Niue,NIU,2008,0,FALSE,TRUE,0
Niue,NIU,2010,0,FALSE,TRUE,0
North Korea,PRK,1980,0,FALSE,TRUE,0
North Korea,PRK,1981,0,FALSE,TRUE,0
North Korea,PRK,1982,0,FALSE,TRUE,0
North Korea,PRK,1983,0,FALSE,TRUE,0
North Korea,PRK,1984,0,FALSE,TRUE,0
North Korea,PRK,1985,0,FALSE,TRUE,0
North Korea,PRK,1986,0,FALSE,TRUE,0
North Korea,PRK,1987,266,TRUE,FALSE,2.4265112613645754
North Korea,PRK,1988,56,TRUE,FALSE,1.7558748556724915
North Korea,PRK,1989,0,FALSE,TRUE,0
North Korea,PRK,1990,0,FALSE,TRUE,0
North Korea,PRK,1991,0,FALSE,TRUE,0
North Korea,PRK,1992,0,FALSE,TRUE,0
North Korea,PRK,1994,0,FALSE,TRUE,0
North Korea,PRK,1995,49,TRUE,FALSE,1.6989700043360187
North Korea,PRK,1996,7,TRUE,FALSE,0.9030899869919435
North Korea,PRK,1997,0,FALSE,TRUE,0
North Korea,PRK,1998,0,FALSE,TRUE,0
North Korea,PRK,1999,0,FALSE,TRUE,0
North Korea,PRK,2000,0,FALSE,TRUE,0
North Korea,PRK,2001,0,FALSE,TRUE,0
North Korea,PRK,2002,0,FALSE,TRUE,0
North Korea,PRK,2003,0,FALSE,TRUE,0
North Korea,PRK,2004,0,FALSE,TRUE,0
North Korea,PRK,2005,0,FALSE,TRUE,0
North Korea,PRK,2006,0,FALSE,TRUE,0
North Korea,PRK,2007,0,FALSE,TRUE,0
North Korea,PRK,2008,0,FALSE,TRUE,0
North Korea,PRK,2009,0,FALSE,TRUE,0
North Korea,PRK,2010,0,FALSE,TRUE,0
North Korea,PRK,2011,0,FALSE,TRUE,0
North Korea,PRK,2012,0,FALSE,TRUE,0
North Korea,PRK,2013,0,FALSE,TRUE,0
North Korea,PRK,2014,0,FALSE,TRUE,0
North Korea,PRK,2015,0,FALSE,TRUE,0
North Korea,PRK,2016,0,FALSE,TRUE,0
North Korea,PRK,2017,0,FALSE,TRUE,0
North Korea,PRK,2018,0,FALSE,TRUE,0
North Korea,PRK,2019,0,FALSE,TRUE,0
North Korea,PRK,2020,0,FALSE,TRUE,0
North Macedonia,MKD,1991,0,FALSE,TRUE,0
North Macedonia,MKD,1992,0,FALSE,TRUE,0
North Macedonia,MKD,1993,0,FALSE,TRUE,0
North Macedonia,MKD,1994,0,FALSE,TRUE,0
North Macedonia,MKD,1995,0,FALSE,TRUE,0
North Macedonia,MKD,1996,0,FALSE,TRUE,0
North Macedonia,MKD,1997,0,FALSE,TRUE,0
North Macedonia,MKD,1998,0,FALSE,TRUE,0
North Macedonia,MKD,1999,0,FALSE,TRUE,0
North Macedonia,MKD,2000,0,FALSE,TRUE,0
North Macedonia,MKD,2001,0,FALSE,TRUE,0
North Macedonia,MKD,2002,0,FALSE,TRUE,0
North Macedonia,MKD,2003,0,FALSE,TRUE,0
North Macedonia,MKD,2004,0,FALSE,TRUE,0
North Macedonia,MKD,2005,0,FALSE,TRUE,0
North Macedonia,MKD,2006,0,FALSE,TRUE,0
North Macedonia,MKD,2007,0,FALSE,TRUE,0
North Macedonia,MKD,2008,0,FALSE,TRUE,0
North Macedonia,MKD,2009,0,FALSE,TRUE,0
North Macedonia,MKD,2010,0,FALSE,TRUE,0
North Macedonia,MKD,2011,0,FALSE,TRUE,0
North Macedonia,MKD,2012,0,FALSE,TRUE,0
North Macedonia,MKD,2013,0,FALSE,TRUE,0
North Macedonia,MKD,2014,0,FALSE,TRUE,0
North Macedonia,MKD,2015,0,FALSE,TRUE,0
North Macedonia,MKD,2016,0,FALSE,TRUE,0
North Macedonia,MKD,2017,0,FALSE,TRUE,0
North Macedonia,MKD,2018,0,FALSE,TRUE,0
North Macedonia,MKD,2019,0,FALSE,TRUE,0
North Macedonia,MKD,2020,0,FALSE,TRUE,0
Norway,NOR,1980,0,FALSE,TRUE,0
Norway,NOR,1981,7,TRUE,FALSE,0.9030899869919435
Norway,NOR,1982,7,TRUE,FALSE,0.9030899869919435
Norway,NOR,1983,0,FALSE,TRUE,0
Norway,NOR,1984,0,FALSE,TRUE,0
Norway,NOR,1985,0,FALSE,TRUE,0
Norway,NOR,1986,0,FALSE,TRUE,0
Norway,NOR,1987,0,FALSE,TRUE,0
Norway,NOR,1988,0,FALSE,TRUE,0
Norway,NOR,1989,0,FALSE,TRUE,0
Norway,NOR,1990,0,FALSE,TRUE,0
Norway,NOR,1991,0,FALSE,TRUE,0
Norway,NOR,1992,7,TRUE,FALSE,0.9030899869919435
Norway,NOR,1993,0,FALSE,TRUE,0
Norway,NOR,1994,0,FALSE,TRUE,0
Norway,NOR,1995,0,FALSE,TRUE,0
Norway,NOR,1996,0,FALSE,TRUE,0
Norway,NOR,1997,0,FALSE,TRUE,0
Norway,NOR,1998,0,FALSE,TRUE,0
Norway,NOR,1999,0,FALSE,TRUE,0
Norway,NOR,2000,0,FALSE,TRUE,0
Norway,NOR,2001,0,FALSE,TRUE,0
Norway,NOR,2002,0,FALSE,TRUE,0
Norway,NOR,2003,0,FALSE,TRUE,0
Norway,NOR,2004,0,FALSE,TRUE,0
Norway,NOR,2005,0,FALSE,TRUE,0
Norway,NOR,2006,0,FALSE,TRUE,0
Norway,NOR,2007,0,FALSE,TRUE,0
Norway,NOR,2008,0,FALSE,TRUE,0
Norway,NOR,2009,0,FALSE,TRUE,0
Norway,NOR,2010,0,FALSE,TRUE,0
Norway,NOR,2011,0,FALSE,TRUE,0
Norway,NOR,2012,0,FALSE,TRUE,0
Norway,NOR,2013,0,FALSE,TRUE,0
Norway,NOR,2014,0,FALSE,TRUE,0
Norway,NOR,2015,0,FALSE,TRUE,0
Norway,NOR,2016,0,FALSE,TRUE,0
Norway,NOR,2017,0,FALSE,TRUE,0
Norway,NOR,2018,0,FALSE,TRUE,0
Norway,NOR,2019,0,FALSE,TRUE,0
Norway,NOR,2020,0,FALSE,TRUE,0
Oman,OMN,1980,259,TRUE,FALSE,2.4149733479708178
Oman,OMN,1981,301,TRUE,FALSE,2.4800069429571505
Oman,OMN,1982,567,TRUE,FALSE,2.754348335711019
Oman,OMN,1983,266,TRUE,FALSE,2.4265112613645754
Oman,OMN,1984,210,TRUE,FALSE,2.3242824552976926
Oman,OMN,1985,231,TRUE,FALSE,2.3654879848909
Oman,OMN,1986,63,TRUE,FALSE,1.806179973983887
Oman,OMN,1987,42,TRUE,FALSE,1.6334684555795864
Oman,OMN,1988,131,TRUE,FALSE,2.12057393120585
Oman,OMN,1989,35,TRUE,FALSE,1.5563025007672873
Oman,OMN,1990,0,FALSE,TRUE,0
Oman,OMN,1991,28,TRUE,FALSE,1.462397997898956
Oman,OMN,1992,0,FALSE,TRUE,0
Oman,OMN,1993,14,TRUE,FALSE,1.1760912590556813
Oman,OMN,1994,0,FALSE,TRUE,0
Oman,OMN,1995,0,FALSE,TRUE,0
Oman,OMN,1996,0,FALSE,TRUE,0
Oman,OMN,1997,0,FALSE,TRUE,0
Oman,OMN,1998,0,FALSE,TRUE,0
Oman,OMN,1999,0,FALSE,TRUE,0
Oman,OMN,2000,0,FALSE,TRUE,0
Oman,OMN,2001,0,FALSE,TRUE,0
Oman,OMN,2002,0,FALSE,TRUE,0
Oman,OMN,2003,0,FALSE,TRUE,0
Oman,OMN,2004,0,FALSE,TRUE,0
Oman,OMN,2005,0,FALSE,TRUE,0
Oman,OMN,2006,0,FALSE,TRUE,0
Oman,OMN,2007,0,FALSE,TRUE,0
Oman,OMN,2008,0,FALSE,TRUE,0
Oman,OMN,2009,0,FALSE,TRUE,0
Oman,OMN,2010,0,FALSE,TRUE,0
Oman,OMN,2011,0,FALSE,TRUE,0
Oman,OMN,2012,0,FALSE,TRUE,0
Oman,OMN,2013,0,FALSE,TRUE,0
Oman,OMN,2014,0,FALSE,TRUE,0
Oman,OMN,2015,0,FALSE,TRUE,0
Oman,OMN,2016,0,FALSE,TRUE,0
Oman,OMN,2017,0,FALSE,TRUE,0
Oman,OMN,2018,0,FALSE,TRUE,0
Oman,OMN,2019,0,FALSE,TRUE,0
Oman,OMN,2020,0,FALSE,TRUE,0
Pakistan,PAK,1980,20860,TRUE,FALSE,4.319335123077688
Pakistan,PAK,1981,30338,TRUE,FALSE,4.4820012619602965
Pakistan,PAK,1982,24542,TRUE,FALSE,4.389927647380955
Pakistan,PAK,1983,6307,TRUE,FALSE,3.799891684656865
Pakistan,PAK,1984,4165,TRUE,FALSE,3.619719265611727
Pakistan,PAK,1985,15113,TRUE,FALSE,4.179379417881757
Pakistan,PAK,1986,4501,TRUE,FALSE,3.6534054906645013
Pakistan,PAK,1987,8498,TRUE,FALSE,3.9293678292400998
Pakistan,PAK,1988,6545,TRUE,FALSE,3.8159760009719856
Pakistan,PAK,1989,5677,TRUE,FALSE,3.7541953881898382
Pakistan,PAK,1990,5439,TRUE,FALSE,3.73559889969818
Pakistan,PAK,1991,8029,TRUE,FALSE,3.904715545278681
Pakistan,PAK,1992,7322,TRUE,FALSE,3.864689034136851
Pakistan,PAK,1993,12621,TRUE,FALSE,4.101128175838757
Pakistan,PAK,1994,3689,TRUE,FALSE,3.56702636615906
Pakistan,PAK,1995,3556,TRUE,FALSE,3.55108386518578
Pakistan,PAK,1996,379,TRUE,FALSE,2.57978359661681
Pakistan,PAK,1997,1273,TRUE,FALSE,3.1051694279993316
Pakistan,PAK,1998,379,TRUE,FALSE,2.57978359661681
Pakistan,PAK,1999,619,TRUE,FALSE,2.792391689498254
Pakistan,PAK,2000,221,TRUE,FALSE,2.346352974450639
Pakistan,PAK,2001,132,TRUE,FALSE,2.123851640967086
Pakistan,PAK,2002,100,TRUE,FALSE,2.0043213737826426
Pakistan,PAK,2003,114,TRUE,FALSE,2.060697840353612
Pakistan,PAK,2004,59,TRUE,FALSE,1.7781512503836436
Pakistan,PAK,2005,31,TRUE,FALSE,1.505149978319906
Pakistan,PAK,2006,44,TRUE,FALSE,1.6532125137753437
Pakistan,PAK,2007,36,TRUE,FALSE,1.568201724066995
Pakistan,PAK,2008,130,TRUE,FALSE,2.1172712956557644
Pakistan,PAK,2009,99,TRUE,FALSE,2
Pakistan,PAK,2010,160,TRUE,FALSE,2.2068258760318495
Pakistan,PAK,2011,220,TRUE,FALSE,2.3443922736851106
Pakistan,PAK,2012,82,TRUE,FALSE,1.919078092376074
Pakistan,PAK,2013,157,TRUE,FALSE,2.1986570869544226
Pakistan,PAK,2014,364,TRUE,FALSE,2.5622928644564746
Pakistan,PAK,2015,62,TRUE,FALSE,1.7993405494535817
Pakistan,PAK,2016,23,TRUE,FALSE,1.380211241711606
Pakistan,PAK,2017,9,TRUE,FALSE,1
Pakistan,PAK,2018,13,TRUE,FALSE,1.146128035678238
Pakistan,PAK,2019,188,TRUE,FALSE,2.2764618041732443
Pakistan,PAK,2020,243,TRUE,FALSE,2.387389826338729
Palau,PLW,1980,0,FALSE,TRUE,0
Palau,PLW,1981,0,FALSE,TRUE,0
Palau,PLW,1982,0,FALSE,TRUE,0
Palau,PLW,1983,0,FALSE,TRUE,0
Palau,PLW,1984,0,FALSE,TRUE,0
Palau,PLW,1985,0,FALSE,TRUE,0
Palau,PLW,1986,0,FALSE,TRUE,0
Palau,PLW,1987,0,FALSE,TRUE,0
Palau,PLW,1988,0,FALSE,TRUE,0
Palau,PLW,1989,0,FALSE,TRUE,0
Palau,PLW,1990,0,FALSE,TRUE,0
Palau,PLW,1991,0,FALSE,TRUE,0
Palau,PLW,1992,0,FALSE,TRUE,0
Palau,PLW,1993,0,FALSE,TRUE,0
Palau,PLW,1994,0,FALSE,TRUE,0
Palau,PLW,1995,0,FALSE,TRUE,0
Palau,PLW,1996,0,FALSE,TRUE,0
Palau,PLW,1997,0,FALSE,TRUE,0
Palau,PLW,1998,0,FALSE,TRUE,0
Palau,PLW,1999,0,FALSE,TRUE,0
Palau,PLW,2000,0,FALSE,TRUE,0
Palau,PLW,2001,0,FALSE,TRUE,0
Palau,PLW,2002,0,FALSE,TRUE,0
Palau,PLW,2003,0,FALSE,TRUE,0
Palau,PLW,2004,0,FALSE,TRUE,0
Palau,PLW,2005,0,FALSE,TRUE,0
Palau,PLW,2006,0,FALSE,TRUE,0
Palau,PLW,2007,0,FALSE,TRUE,0
Palau,PLW,2008,0,FALSE,TRUE,0
Palau,PLW,2010,0,FALSE,TRUE,0
Palestine,PSE,2001,0,FALSE,TRUE,0
Palestine,PSE,2002,0,FALSE,TRUE,0
Palestine,PSE,2003,0,FALSE,TRUE,0
Palestine,PSE,2004,0,FALSE,TRUE,0
Palestine,PSE,2005,0,FALSE,TRUE,0
Palestine,PSE,2006,0,FALSE,TRUE,0
Palestine,PSE,2007,0,FALSE,TRUE,0
Palestine,PSE,2008,0,FALSE,TRUE,0
Palestine,PSE,2009,0,FALSE,TRUE,0
Palestine,PSE,2010,0,FALSE,TRUE,0
Palestine,PSE,2011,0,FALSE,TRUE,0
Palestine,PSE,2012,0,FALSE,TRUE,0
Palestine,PSE,2013,0,FALSE,TRUE,0
Palestine,PSE,2014,0,FALSE,TRUE,0
Palestine,PSE,2015,0,FALSE,TRUE,0
Palestine,PSE,2016,0,FALSE,TRUE,0
Palestine,PSE,2017,0,FALSE,TRUE,0
Palestine,PSE,2018,0,FALSE,TRUE,0
Palestine,PSE,2019,0,FALSE,TRUE,0
Palestine,PSE,2020,0,FALSE,TRUE,0
Panama,PAN,1980,0,FALSE,TRUE,0
Panama,PAN,1981,0,FALSE,TRUE,0
Panama,PAN,1982,0,FALSE,TRUE,0
Panama,PAN,1983,0,FALSE,TRUE,0
Panama,PAN,1984,0,FALSE,TRUE,0
Panama,PAN,1985,0,FALSE,TRUE,0
Panama,PAN,1986,0,FALSE,TRUE,0
Panama,PAN,1987,0,FALSE,TRUE,0
Panama,PAN,1988,0,FALSE,TRUE,0
Panama,PAN,1989,0,FALSE,TRUE,0
Panama,PAN,1990,0,FALSE,TRUE,0
Panama,PAN,1991,0,FALSE,TRUE,0
Panama,PAN,1992,0,FALSE,TRUE,0
Panama,PAN,1993,0,FALSE,TRUE,0
Panama,PAN,1994,0,FALSE,TRUE,0
Panama,PAN,1995,0,FALSE,TRUE,0
Panama,PAN,1996,0,FALSE,TRUE,0
Panama,PAN,1997,0,FALSE,TRUE,0
Panama,PAN,1998,0,FALSE,TRUE,0
Panama,PAN,1999,0,FALSE,TRUE,0
Panama,PAN,2000,0,FALSE,TRUE,0
Panama,PAN,2001,0,FALSE,TRUE,0
Panama,PAN,2002,0,FALSE,TRUE,0
Panama,PAN,2003,0,FALSE,TRUE,0
Panama,PAN,2004,0,FALSE,TRUE,0
Panama,PAN,2005,0,FALSE,TRUE,0
Panama,PAN,2006,0,FALSE,TRUE,0
Panama,PAN,2007,0,FALSE,TRUE,0
Panama,PAN,2008,0,FALSE,TRUE,0
Panama,PAN,2009,0,FALSE,TRUE,0
Panama,PAN,2010,0,FALSE,TRUE,0
Panama,PAN,2011,0,FALSE,TRUE,0
Panama,PAN,2012,0,FALSE,TRUE,0
Panama,PAN,2013,0,FALSE,TRUE,0
Panama,PAN,2014,0,FALSE,TRUE,0
Panama,PAN,2015,0,FALSE,TRUE,0
Panama,PAN,2016,0,FALSE,TRUE,0
Panama,PAN,2017,0,FALSE,TRUE,0
Panama,PAN,2018,0,FALSE,TRUE,0
Panama,PAN,2019,0,FALSE,TRUE,0
Panama,PAN,2020,0,FALSE,TRUE,0
Papua New Guinea,PNG,1980,154,TRUE,FALSE,2.1903316981702914
Papua New Guinea,PNG,1981,63,TRUE,FALSE,1.806179973983887
Papua New Guinea,PNG,1982,126,TRUE,FALSE,2.103803720955957
Papua New Guinea,PNG,1983,56,TRUE,FALSE,1.7558748556724915
Papua New Guinea,PNG,1984,126,TRUE,FALSE,2.103803720955957
Papua New Guinea,PNG,1985,63,TRUE,FALSE,1.806179973983887
Papua New Guinea,PNG,1986,168,TRUE,FALSE,2.2278867046136734
Papua New Guinea,PNG,1987,28,TRUE,FALSE,1.462397997898956
Papua New Guinea,PNG,1988,126,TRUE,FALSE,2.103803720955957
Papua New Guinea,PNG,1989,182,TRUE,FALSE,2.2624510897304293
Papua New Guinea,PNG,1990,63,TRUE,FALSE,1.806179973983887
Papua New Guinea,PNG,1991,0,FALSE,TRUE,0
Papua New Guinea,PNG,1992,0,FALSE,TRUE,0
Papua New Guinea,PNG,1993,0,FALSE,TRUE,0
Papua New Guinea,PNG,1994,14,TRUE,FALSE,1.1760912590556813
Papua New Guinea,PNG,1995,0,FALSE,TRUE,0
Papua New Guinea,PNG,1996,0,FALSE,TRUE,0
Papua New Guinea,PNG,1997,0,FALSE,TRUE,0
Papua New Guinea,PNG,1998,0,FALSE,TRUE,0
Papua New Guinea,PNG,1999,0,FALSE,TRUE,0
Papua New Guinea,PNG,2000,0,FALSE,TRUE,0
Papua New Guinea,PNG,2001,0,FALSE,TRUE,0
Papua New Guinea,PNG,2002,0,FALSE,TRUE,0
Papua New Guinea,PNG,2003,0,FALSE,TRUE,0
Papua New Guinea,PNG,2004,0,FALSE,TRUE,0
Papua New Guinea,PNG,2005,0,FALSE,TRUE,0
Papua New Guinea,PNG,2006,0,FALSE,TRUE,0
Papua New Guinea,PNG,2007,0,FALSE,TRUE,0
Papua New Guinea,PNG,2008,0,FALSE,TRUE,0
Papua New Guinea,PNG,2009,0,FALSE,TRUE,0
Papua New Guinea,PNG,2010,0,FALSE,TRUE,0
Papua New Guinea,PNG,2011,0,FALSE,TRUE,0
Papua New Guinea,PNG,2012,0,FALSE,TRUE,0
Papua New Guinea,PNG,2013,0,FALSE,TRUE,0
Papua New Guinea,PNG,2014,0,FALSE,TRUE,0
Papua New Guinea,PNG,2015,0,FALSE,TRUE,0
Papua New Guinea,PNG,2016,0,FALSE,TRUE,0
Papua New Guinea,PNG,2017,0,FALSE,TRUE,0
Papua New Guinea,PNG,2018,52,TRUE,FALSE,1.724275869600789
Papua New Guinea,PNG,2019,0,FALSE,TRUE,0
Papua New Guinea,PNG,2020,0,FALSE,TRUE,0
Paraguay,PRY,1980,49,TRUE,FALSE,1.6989700043360187
Paraguay,PRY,1981,371,TRUE,FALSE,2.5705429398818973
Paraguay,PRY,1982,518,TRUE,FALSE,2.7151673578484576
Paraguay,PRY,1983,84,TRUE,FALSE,1.9294189257142926
Paraguay,PRY,1984,14,TRUE,FALSE,1.1760912590556813
Paraguay,PRY,1985,21,TRUE,FALSE,1.3424226808222062
Paraguay,PRY,1986,0,FALSE,TRUE,0
Paraguay,PRY,1987,0,FALSE,TRUE,0
Paraguay,PRY,1988,14,TRUE,FALSE,1.1760912590556813
Paraguay,PRY,1989,0,FALSE,TRUE,0
Paraguay,PRY,1990,0,FALSE,TRUE,0
Paraguay,PRY,1991,0,FALSE,TRUE,0
Paraguay,PRY,1992,0,FALSE,TRUE,0
Paraguay,PRY,1993,0,FALSE,TRUE,0
Paraguay,PRY,1994,0,FALSE,TRUE,0
Paraguay,PRY,1995,0,FALSE,TRUE,0
Paraguay,PRY,1996,0,FALSE,TRUE,0
Paraguay,PRY,1997,0,FALSE,TRUE,0
Paraguay,PRY,1998,0,FALSE,TRUE,0
Paraguay,PRY,1999,0,FALSE,TRUE,0
Paraguay,PRY,2000,0,FALSE,TRUE,0
Paraguay,PRY,2001,0,FALSE,TRUE,0
Paraguay,PRY,2002,0,FALSE,TRUE,0
Paraguay,PRY,2003,0,FALSE,TRUE,0
Paraguay,PRY,2004,0,FALSE,TRUE,0
Paraguay,PRY,2005,0,FALSE,TRUE,0
Paraguay,PRY,2006,0,FALSE,TRUE,0
Paraguay,PRY,2007,0,FALSE,TRUE,0
Paraguay,PRY,2008,0,FALSE,TRUE,0
Paraguay,PRY,2009,0,FALSE,TRUE,0
Paraguay,PRY,2010,0,FALSE,TRUE,0
Paraguay,PRY,2011,0,FALSE,TRUE,0
Paraguay,PRY,2012,0,FALSE,TRUE,0
Paraguay,PRY,2013,0,FALSE,TRUE,0
Paraguay,PRY,2014,0,FALSE,TRUE,0
Paraguay,PRY,2015,0,FALSE,TRUE,0
Paraguay,PRY,2016,0,FALSE,TRUE,0
Paraguay,PRY,2017,0,FALSE,TRUE,0
Paraguay,PRY,2018,0,FALSE,TRUE,0
Paraguay,PRY,2019,0,FALSE,TRUE,0
Paraguay,PRY,2020,0,FALSE,TRUE,0
Peru,PER,1980,1274,TRUE,FALSE,3.1055101847699738
Peru,PER,1981,1715,TRUE,FALSE,3.2345172835126865
Peru,PER,1982,1505,TRUE,FALSE,3.177824971864682
Peru,PER,1983,1547,TRUE,FALSE,3.189770956346874
Peru,PER,1984,903,TRUE,FALSE,2.9561684304753633
Peru,PER,1985,469,TRUE,FALSE,2.6720978579357175
Peru,PER,1986,273,TRUE,FALSE,2.437750562820388
Peru,PER,1987,308,TRUE,FALSE,2.4899584794248346
Peru,PER,1988,385,TRUE,FALSE,2.586587304671755
Peru,PER,1989,112,TRUE,FALSE,2.0530784434834195
Peru,PER,1990,21,TRUE,FALSE,1.3424226808222062
Peru,PER,1991,7,TRUE,FALSE,0.9030899869919435
Peru,PER,1992,0,FALSE,TRUE,0
Peru,PER,1993,0,FALSE,TRUE,0
Peru,PER,1994,0,FALSE,TRUE,0
Peru,PER,1995,0,FALSE,TRUE,0
Peru,PER,1996,0,FALSE,TRUE,0
Peru,PER,1997,0,FALSE,TRUE,0
Peru,PER,1998,0,FALSE,TRUE,0
Peru,PER,1999,0,FALSE,TRUE,0
Peru,PER,2000,0,FALSE,TRUE,0
Peru,PER,2001,0,FALSE,TRUE,0
Peru,PER,2002,0,FALSE,TRUE,0
Peru,PER,2003,0,FALSE,TRUE,0
Peru,PER,2004,0,FALSE,TRUE,0
Peru,PER,2005,0,FALSE,TRUE,0
Peru,PER,2006,0,FALSE,TRUE,0
Peru,PER,2007,0,FALSE,TRUE,0
Peru,PER,2008,0,FALSE,TRUE,0
Peru,PER,2009,0,FALSE,TRUE,0
Peru,PER,2010,0,FALSE,TRUE,0
Peru,PER,2011,0,FALSE,TRUE,0
Peru,PER,2012,0,FALSE,TRUE,0
Peru,PER,2013,0,FALSE,TRUE,0
Peru,PER,2014,0,FALSE,TRUE,0
Peru,PER,2015,0,FALSE,TRUE,0
Peru,PER,2016,0,FALSE,TRUE,0
Peru,PER,2017,0,FALSE,TRUE,0
Peru,PER,2018,0,FALSE,TRUE,0
Peru,PER,2019,0,FALSE,TRUE,0
Peru,PER,2020,0,FALSE,TRUE,0
Philippines,PHL,1980,3024,TRUE,FALSE,3.4807253789884878
Philippines,PHL,1981,2044,TRUE,FALSE,3.3106933123433606
Philippines,PHL,1982,3080,TRUE,FALSE,3.4886916983169405
Philippines,PHL,1983,2485,TRUE,FALSE,3.395501124305626
Philippines,PHL,1984,2996,TRUE,FALSE,3.476686742945645
Philippines,PHL,1985,3899,TRUE,FALSE,3.591064607026499
Philippines,PHL,1986,2625,TRUE,FALSE,3.4192947217534604
Philippines,PHL,1987,2289,TRUE,FALSE,3.359835482339888
Philippines,PHL,1988,2408,TRUE,FALSE,3.3818367999983434
Philippines,PHL,1989,973,TRUE,FALSE,2.9885589568786157
Philippines,PHL,1990,595,TRUE,FALSE,2.7752462597402365
Philippines,PHL,1991,77,TRUE,FALSE,1.8920946026904804
Philippines,PHL,1992,98,TRUE,FALSE,1.99563519459755
Philippines,PHL,1993,105,TRUE,FALSE,2.0253058652647704
Philippines,PHL,1994,77,TRUE,FALSE,1.8920946026904804
Philippines,PHL,1995,280,TRUE,FALSE,2.44870631990508
Philippines,PHL,1996,89,TRUE,FALSE,1.954242509439325
Philippines,PHL,1997,0,FALSE,TRUE,0
Philippines,PHL,1998,0,FALSE,TRUE,0
Philippines,PHL,1999,0,FALSE,TRUE,0
Philippines,PHL,2000,0,FALSE,TRUE,0
Philippines,PHL,2001,6,TRUE,FALSE,0.8450980400142568
Philippines,PHL,2002,0,FALSE,TRUE,0
Philippines,PHL,2003,0,FALSE,TRUE,0
Philippines,PHL,2004,0,FALSE,TRUE,0
Philippines,PHL,2005,0,FALSE,TRUE,0
Philippines,PHL,2006,0,FALSE,TRUE,0
Philippines,PHL,2007,0,FALSE,TRUE,0
Philippines,PHL,2008,0,FALSE,TRUE,0
Philippines,PHL,2009,0,FALSE,TRUE,0
Philippines,PHL,2010,0,FALSE,TRUE,0
Philippines,PHL,2011,0,FALSE,TRUE,0
Philippines,PHL,2012,0,FALSE,TRUE,0
Philippines,PHL,2013,0,FALSE,TRUE,0
Philippines,PHL,2014,0,FALSE,TRUE,0
Philippines,PHL,2015,0,FALSE,TRUE,0
Philippines,PHL,2016,0,FALSE,TRUE,0
Philippines,PHL,2017,0,FALSE,TRUE,0
Philippines,PHL,2018,0,FALSE,TRUE,0
Philippines,PHL,2019,28,TRUE,FALSE,1.462397997898956
Philippines,PHL,2020,2,TRUE,FALSE,0.47712125471966244
Poland,POL,1980,21,TRUE,FALSE,1.3424226808222062
Poland,POL,1981,7,TRUE,FALSE,0.9030899869919435
Poland,POL,1982,42,TRUE,FALSE,1.6334684555795864
Poland,POL,1983,14,TRUE,FALSE,1.1760912590556813
Poland,POL,1984,28,TRUE,FALSE,1.462397997898956
Poland,POL,1985,0,FALSE,TRUE,0
Poland,POL,1986,0,FALSE,TRUE,0
Poland,POL,1987,0,FALSE,TRUE,0
Poland,POL,1988,0,FALSE,TRUE,0
Poland,POL,1989,0,FALSE,TRUE,0
Poland,POL,1990,0,FALSE,TRUE,0
Poland,POL,1991,0,FALSE,TRUE,0
Poland,POL,1992,0,FALSE,TRUE,0
Poland,POL,1993,0,FALSE,TRUE,0
Poland,POL,1994,0,FALSE,TRUE,0
Poland,POL,1995,0,FALSE,TRUE,0
Poland,POL,1996,0,FALSE,TRUE,0
Poland,POL,1997,0,FALSE,TRUE,0
Poland,POL,1998,0,FALSE,TRUE,0
Poland,POL,1999,0,FALSE,TRUE,0
Poland,POL,2000,0,FALSE,TRUE,0
Poland,POL,2001,0,FALSE,TRUE,0
Poland,POL,2002,0,FALSE,TRUE,0
Poland,POL,2003,0,FALSE,TRUE,0
Poland,POL,2004,0,FALSE,TRUE,0
Poland,POL,2005,0,FALSE,TRUE,0
Poland,POL,2006,0,FALSE,TRUE,0
Poland,POL,2007,0,FALSE,TRUE,0
Poland,POL,2008,0,FALSE,TRUE,0
Poland,POL,2009,0,FALSE,TRUE,0
Poland,POL,2010,0,FALSE,TRUE,0
Poland,POL,2011,0,FALSE,TRUE,0
Poland,POL,2012,0,FALSE,TRUE,0
Poland,POL,2013,0,FALSE,TRUE,0
Poland,POL,2014,0,FALSE,TRUE,0
Poland,POL,2015,0,FALSE,TRUE,0
Poland,POL,2016,0,FALSE,TRUE,0
Poland,POL,2017,0,FALSE,TRUE,0
Poland,POL,2018,0,FALSE,TRUE,0
Poland,POL,2019,0,FALSE,TRUE,0
Poland,POL,2020,0,FALSE,TRUE,0
Portugal,PRT,1980,0,FALSE,TRUE,0
Portugal,PRT,1981,0,FALSE,TRUE,0
Portugal,PRT,1982,7,TRUE,FALSE,0.9030899869919435
Portugal,PRT,1983,0,FALSE,TRUE,0
Portugal,PRT,1984,0,FALSE,TRUE,0
Portugal,PRT,1985,0,FALSE,TRUE,0
Portugal,PRT,1986,0,FALSE,TRUE,0
Portugal,PRT,1987,7,TRUE,FALSE,0.9030899869919435
Portugal,PRT,1988,0,FALSE,TRUE,0
Portugal,PRT,1989,0,FALSE,TRUE,0
Portugal,PRT,1990,0,FALSE,TRUE,0
Portugal,PRT,1991,0,FALSE,TRUE,0
Portugal,PRT,1992,0,FALSE,TRUE,0
Portugal,PRT,1993,0,FALSE,TRUE,0
Portugal,PRT,1994,0,FALSE,TRUE,0
Portugal,PRT,1995,0,FALSE,TRUE,0
Portugal,PRT,1996,0,FALSE,TRUE,0
Portugal,PRT,1997,0,FALSE,TRUE,0
Portugal,PRT,1998,0,FALSE,TRUE,0
Portugal,PRT,1999,0,FALSE,TRUE,0
Portugal,PRT,2000,0,FALSE,TRUE,0
Portugal,PRT,2001,0,FALSE,TRUE,0
Portugal,PRT,2002,0,FALSE,TRUE,0
Portugal,PRT,2003,0,FALSE,TRUE,0
Portugal,PRT,2004,0,FALSE,TRUE,0
Portugal,PRT,2005,0,FALSE,TRUE,0
Portugal,PRT,2006,0,FALSE,TRUE,0
Portugal,PRT,2007,0,FALSE,TRUE,0
Portugal,PRT,2008,0,FALSE,TRUE,0
Portugal,PRT,2009,0,FALSE,TRUE,0
Portugal,PRT,2010,0,FALSE,TRUE,0
Portugal,PRT,2011,0,FALSE,TRUE,0
Portugal,PRT,2012,0,FALSE,TRUE,0
Portugal,PRT,2013,0,FALSE,TRUE,0
Portugal,PRT,2014,0,FALSE,TRUE,0
Portugal,PRT,2015,0,FALSE,TRUE,0
Portugal,PRT,2016,0,FALSE,TRUE,0
Portugal,PRT,2017,0,FALSE,TRUE,0
Portugal,PRT,2018,0,FALSE,TRUE,0
Portugal,PRT,2019,0,FALSE,TRUE,0
Portugal,PRT,2020,0,FALSE,TRUE,0
Qatar,QAT,1980,14,TRUE,FALSE,1.1760912590556813
Qatar,QAT,1981,28,TRUE,FALSE,1.462397997898956
Qatar,QAT,1982,21,TRUE,FALSE,1.3424226808222062
Qatar,QAT,1983,0,FALSE,TRUE,0
Qatar,QAT,1984,0,FALSE,TRUE,0
Qatar,QAT,1985,7,TRUE,FALSE,0.9030899869919435
Qatar,QAT,1986,0,FALSE,TRUE,0
Qatar,QAT,1987,0,FALSE,TRUE,0
Qatar,QAT,1988,0,FALSE,TRUE,0
Qatar,QAT,1989,0,FALSE,TRUE,0
Qatar,QAT,1990,7,TRUE,FALSE,0.9030899869919435
Qatar,QAT,1991,0,FALSE,TRUE,0
Qatar,QAT,1992,0,FALSE,TRUE,0
Qatar,QAT,1993,0,FALSE,TRUE,0
Qatar,QAT,1994,0,FALSE,TRUE,0
Qatar,QAT,1995,0,FALSE,TRUE,0
Qatar,QAT,1996,0,FALSE,TRUE,0
Qatar,QAT,1997,0,FALSE,TRUE,0
Qatar,QAT,1998,0,FALSE,TRUE,0
Qatar,QAT,1999,0,FALSE,TRUE,0
Qatar,QAT,2000,0,FALSE,TRUE,0
Qatar,QAT,2001,0,FALSE,TRUE,0
Qatar,QAT,2002,0,FALSE,TRUE,0
Qatar,QAT,2003,0,FALSE,TRUE,0
Qatar,QAT,2004,0,FALSE,TRUE,0
Qatar,QAT,2005,0,FALSE,TRUE,0
Qatar,QAT,2006,0,FALSE,TRUE,0
Qatar,QAT,2007,0,FALSE,TRUE,0
Qatar,QAT,2008,0,FALSE,TRUE,0
Qatar,QAT,2009,0,FALSE,TRUE,0
Qatar,QAT,2010,0,FALSE,TRUE,0
Qatar,QAT,2011,0,FALSE,TRUE,0
Qatar,QAT,2012,0,FALSE,TRUE,0
Qatar,QAT,2013,0,FALSE,TRUE,0
Qatar,QAT,2014,0,FALSE,TRUE,0
Qatar,QAT,2015,0,FALSE,TRUE,0
Qatar,QAT,2016,0,FALSE,TRUE,0
Qatar,QAT,2017,0,FALSE,TRUE,0
Qatar,QAT,2018,0,FALSE,TRUE,0
Qatar,QAT,2019,0,FALSE,TRUE,0
Qatar,QAT,2020,0,FALSE,TRUE,0
Reunion,REU,2007,0,FALSE,TRUE,0
Reunion,REU,2008,0,FALSE,TRUE,0
Reunion,REU,2009,0,FALSE,TRUE,0
Reunion,REU,2010,0,FALSE,TRUE,0
Reunion,REU,2011,0,FALSE,TRUE,0
Reunion,REU,2012,0,FALSE,TRUE,0
Reunion,REU,2013,0,FALSE,TRUE,0
Reunion,REU,2014,0,FALSE,TRUE,0
Reunion,REU,2015,0,FALSE,TRUE,0
Reunion,REU,2016,0,FALSE,TRUE,0
Reunion,REU,2017,0,FALSE,TRUE,0
Reunion,REU,2018,0,FALSE,TRUE,0
Reunion,REU,2019,0,FALSE,TRUE,0
Reunion,REU,2020,0,FALSE,TRUE,0
Romania,ROU,1980,875,TRUE,FALSE,2.9425041061680806
Romania,ROU,1981,875,TRUE,FALSE,2.9425041061680806
Romania,ROU,1982,273,TRUE,FALSE,2.437750562820388
Romania,ROU,1983,126,TRUE,FALSE,2.103803720955957
Romania,ROU,1984,105,TRUE,FALSE,2.0253058652647704
Romania,ROU,1985,0,FALSE,TRUE,0
Romania,ROU,1986,0,FALSE,TRUE,0
Romania,ROU,1987,0,FALSE,TRUE,0
Romania,ROU,1988,0,FALSE,TRUE,0
Romania,ROU,1989,35,TRUE,FALSE,1.5563025007672873
Romania,ROU,1990,14,TRUE,FALSE,1.1760912590556813
Romania,ROU,1991,210,TRUE,FALSE,2.3242824552976926
Romania,ROU,1992,126,TRUE,FALSE,2.103803720955957
Romania,ROU,1993,70,TRUE,FALSE,1.8512583487190752
Romania,ROU,1994,56,TRUE,FALSE,1.7558748556724915
Romania,ROU,1995,35,TRUE,FALSE,1.5563025007672873
Romania,ROU,1996,0,FALSE,TRUE,0
Romania,ROU,1997,0,FALSE,TRUE,0
Romania,ROU,1998,0,FALSE,TRUE,0
Romania,ROU,1999,0,FALSE,TRUE,0
Romania,ROU,2000,0,FALSE,TRUE,0
Romania,ROU,2001,0,FALSE,TRUE,0
Romania,ROU,2002,0,FALSE,TRUE,0
Romania,ROU,2003,0,FALSE,TRUE,0
Romania,ROU,2004,0,FALSE,TRUE,0
Romania,ROU,2005,0,FALSE,TRUE,0
Romania,ROU,2006,0,FALSE,TRUE,0
Romania,ROU,2007,0,FALSE,TRUE,0
Romania,ROU,2008,0,FALSE,TRUE,0
Romania,ROU,2009,0,FALSE,TRUE,0
Romania,ROU,2010,0,FALSE,TRUE,0
Romania,ROU,2011,0,FALSE,TRUE,0
Romania,ROU,2012,0,FALSE,TRUE,0
Romania,ROU,2013,0,FALSE,TRUE,0
Romania,ROU,2014,0,FALSE,TRUE,0
Romania,ROU,2015,0,FALSE,TRUE,0
Romania,ROU,2016,0,FALSE,TRUE,0
Romania,ROU,2017,0,FALSE,TRUE,0
Romania,ROU,2018,0,FALSE,TRUE,0
Romania,ROU,2019,0,FALSE,TRUE,0
Romania,ROU,2020,0,FALSE,TRUE,0
Russia,RUS,1991,119,TRUE,FALSE,2.0791812460476247
Russia,RUS,1992,70,TRUE,FALSE,1.8512583487190752
Russia,RUS,1993,21,TRUE,FALSE,1.3424226808222062
Russia,RUS,1994,56,TRUE,FALSE,1.7558748556724915
Russia,RUS,1995,1078,TRUE,FALSE,3.0330214446829107
Russia,RUS,1996,3,TRUE,FALSE,0.6020599913279624
Russia,RUS,1997,0,FALSE,TRUE,0
Russia,RUS,1998,0,FALSE,TRUE,0
Russia,RUS,1999,0,FALSE,TRUE,0
Russia,RUS,2000,0,FALSE,TRUE,0
Russia,RUS,2001,0,FALSE,TRUE,0
Russia,RUS,2002,0,FALSE,TRUE,0
Russia,RUS,2003,0,FALSE,TRUE,0
Russia,RUS,2004,0,FALSE,TRUE,0
Russia,RUS,2005,0,FALSE,TRUE,0
Russia,RUS,2006,0,FALSE,TRUE,0
Russia,RUS,2007,0,FALSE,TRUE,0
Russia,RUS,2008,0,FALSE,TRUE,0
Russia,RUS,2009,0,FALSE,TRUE,0
Russia,RUS,2010,28,TRUE,FALSE,1.462397997898956
Russia,RUS,2011,0,FALSE,TRUE,0
Russia,RUS,2012,0,FALSE,TRUE,0
Russia,RUS,2013,0,FALSE,TRUE,0
Russia,RUS,2014,0,FALSE,TRUE,0
Russia,RUS,2015,0,FALSE,TRUE,0
Russia,RUS,2016,0,FALSE,TRUE,0
Russia,RUS,2017,0,FALSE,TRUE,0
Russia,RUS,2018,0,FALSE,TRUE,0
Russia,RUS,2019,0,FALSE,TRUE,0
Russia,RUS,2020,0,FALSE,TRUE,0
Rwanda,RWA,1980,168,TRUE,FALSE,2.2278867046136734
Rwanda,RWA,1981,266,TRUE,FALSE,2.4265112613645754
Rwanda,RWA,1982,147,TRUE,FALSE,2.1702617153949575
Rwanda,RWA,1983,161,TRUE,FALSE,2.2095150145426308
Rwanda,RWA,1984,91,TRUE,FALSE,1.9637878273455553
Rwanda,RWA,1985,49,TRUE,FALSE,1.6989700043360187
Rwanda,RWA,1986,196,TRUE,FALSE,2.294466226161593
Rwanda,RWA,1987,119,TRUE,FALSE,2.0791812460476247
Rwanda,RWA,1988,63,TRUE,FALSE,1.806179973983887
Rwanda,RWA,1989,49,TRUE,FALSE,1.6989700043360187
Rwanda,RWA,1990,0,FALSE,TRUE,0
Rwanda,RWA,1991,0,FALSE,TRUE,0
Rwanda,RWA,1992,14,TRUE,FALSE,1.1760912590556813
Rwanda,RWA,1993,28,TRUE,FALSE,1.462397997898956
Rwanda,RWA,1994,0,FALSE,TRUE,0
Rwanda,RWA,1995,7,TRUE,FALSE,0.9030899869919435
Rwanda,RWA,1996,0,FALSE,TRUE,0
Rwanda,RWA,1997,0,FALSE,TRUE,0
Rwanda,RWA,1998,2,TRUE,FALSE,0.47712125471966244
Rwanda,RWA,1999,32,TRUE,FALSE,1.5185139398778875
Rwanda,RWA,2000,0,FALSE,TRUE,0
Rwanda,RWA,2001,0,FALSE,TRUE,0
Rwanda,RWA,2002,0,FALSE,TRUE,0
Rwanda,RWA,2003,0,FALSE,TRUE,0
Rwanda,RWA,2004,0,FALSE,TRUE,0
Rwanda,RWA,2005,0,FALSE,TRUE,0
Rwanda,RWA,2006,0,FALSE,TRUE,0
Rwanda,RWA,2007,0,FALSE,TRUE,0
Rwanda,RWA,2008,0,FALSE,TRUE,0
Rwanda,RWA,2009,0,FALSE,TRUE,0
Rwanda,RWA,2010,0,FALSE,TRUE,0
Rwanda,RWA,2011,0,FALSE,TRUE,0
Rwanda,RWA,2012,0,FALSE,TRUE,0
Rwanda,RWA,2013,0,FALSE,TRUE,0
Rwanda,RWA,2014,0,FALSE,TRUE,0
Rwanda,RWA,2015,0,FALSE,TRUE,0
Rwanda,RWA,2016,0,FALSE,TRUE,0
Rwanda,RWA,2017,0,FALSE,TRUE,0
Rwanda,RWA,2018,0,FALSE,TRUE,0
Rwanda,RWA,2019,0,FALSE,TRUE,0
Rwanda,RWA,2020,0,FALSE,TRUE,0
Saint Helena,SHN,2007,0,FALSE,TRUE,0
Saint Helena,SHN,2008,0,FALSE,TRUE,0
Saint Helena,SHN,2009,0,FALSE,TRUE,0
Saint Helena,SHN,2010,0,FALSE,TRUE,0
Saint Helena,SHN,2011,0,FALSE,TRUE,0
Saint Helena,SHN,2012,0,FALSE,TRUE,0
Saint Helena,SHN,2013,0,FALSE,TRUE,0
Saint Helena,SHN,2014,0,FALSE,TRUE,0
Saint Helena,SHN,2015,0,FALSE,TRUE,0
Saint Helena,SHN,2016,0,FALSE,TRUE,0
Saint Helena,SHN,2017,0,FALSE,TRUE,0
Saint Helena,SHN,2018,0,FALSE,TRUE,0
Saint Helena,SHN,2019,0,FALSE,TRUE,0
Saint Helena,SHN,2020,0,FALSE,TRUE,0
Saint Kitts and Nevis,KNA,1980,0,FALSE,TRUE,0
Saint Kitts and Nevis,KNA,1981,0,FALSE,TRUE,0
Saint Kitts and Nevis,KNA,1982,0,FALSE,TRUE,0
Saint Kitts and Nevis,KNA,1983,0,FALSE,TRUE,0
Saint Kitts and Nevis,KNA,1984,0,FALSE,TRUE,0
Saint Kitts and Nevis,KNA,1985,0,FALSE,TRUE,0
Saint Kitts and Nevis,KNA,1986,0,FALSE,TRUE,0
Saint Kitts and Nevis,KNA,1987,0,FALSE,TRUE,0
Saint Kitts and Nevis,KNA,1988,0,FALSE,TRUE,0
Saint Kitts and Nevis,KNA,1989,0,FALSE,TRUE,0
Saint Kitts and Nevis,KNA,1990,0,FALSE,TRUE,0
Saint Kitts and Nevis,KNA,1991,0,FALSE,TRUE,0
Saint Kitts and Nevis,KNA,1992,0,FALSE,TRUE,0
Saint Kitts and Nevis,KNA,1993,0,FALSE,TRUE,0
Saint Kitts and Nevis,KNA,1994,0,FALSE,TRUE,0
Saint Kitts and Nevis,KNA,1995,0,FALSE,TRUE,0
Saint Kitts and Nevis,KNA,1996,0,FALSE,TRUE,0
Saint Kitts and Nevis,KNA,1997,0,FALSE,TRUE,0
Saint Kitts and Nevis,KNA,1998,0,FALSE,TRUE,0
Saint Kitts and Nevis,KNA,1999,0,FALSE,TRUE,0
Saint Kitts and Nevis,KNA,2000,0,FALSE,TRUE,0
Saint Kitts and Nevis,KNA,2001,0,FALSE,TRUE,0
Saint Kitts and Nevis,KNA,2002,0,FALSE,TRUE,0
Saint Kitts and Nevis,KNA,2003,0,FALSE,TRUE,0
Saint Kitts and Nevis,KNA,2004,0,FALSE,TRUE,0
Saint Kitts and Nevis,KNA,2005,0,FALSE,TRUE,0
Saint Kitts and Nevis,KNA,2006,0,FALSE,TRUE,0
Saint Kitts and Nevis,KNA,2007,0,FALSE,TRUE,0
Saint Kitts and Nevis,KNA,2008,0,FALSE,TRUE,0
Saint Kitts and Nevis,KNA,2010,0,FALSE,TRUE,0
Saint Lucia,LCA,1980,0,FALSE,TRUE,0
Saint Lucia,LCA,1981,0,FALSE,TRUE,0
Saint Lucia,LCA,1982,0,FALSE,TRUE,0
Saint Lucia,LCA,1983,0,FALSE,TRUE,0
Saint Lucia,LCA,1984,0,FALSE,TRUE,0
Saint Lucia,LCA,1985,0,FALSE,TRUE,0
Saint Lucia,LCA,1986,0,FALSE,TRUE,0
Saint Lucia,LCA,1987,0,FALSE,TRUE,0
Saint Lucia,LCA,1988,0,FALSE,TRUE,0
Saint Lucia,LCA,1989,0,FALSE,TRUE,0
Saint Lucia,LCA,1990,0,FALSE,TRUE,0
Saint Lucia,LCA,1991,0,FALSE,TRUE,0
Saint Lucia,LCA,1992,0,FALSE,TRUE,0
Saint Lucia,LCA,1993,0,FALSE,TRUE,0
Saint Lucia,LCA,1994,0,FALSE,TRUE,0
Saint Lucia,LCA,1995,0,FALSE,TRUE,0
Saint Lucia,LCA,1996,0,FALSE,TRUE,0
Saint Lucia,LCA,1997,0,FALSE,TRUE,0
Saint Lucia,LCA,1998,0,FALSE,TRUE,0
Saint Lucia,LCA,1999,0,FALSE,TRUE,0
Saint Lucia,LCA,2000,0,FALSE,TRUE,0
Saint Lucia,LCA,2001,0,FALSE,TRUE,0
Saint Lucia,LCA,2002,0,FALSE,TRUE,0
Saint Lucia,LCA,2003,0,FALSE,TRUE,0
Saint Lucia,LCA,2004,0,FALSE,TRUE,0
Saint Lucia,LCA,2005,0,FALSE,TRUE,0
Saint Lucia,LCA,2006,0,FALSE,TRUE,0
Saint Lucia,LCA,2007,0,FALSE,TRUE,0
Saint Lucia,LCA,2008,0,FALSE,TRUE,0
Saint Lucia,LCA,2010,0,FALSE,TRUE,0
Saint Vincent and the Grenadines,VCT,1980,0,FALSE,TRUE,0
Saint Vincent and the Grenadines,VCT,1981,0,FALSE,TRUE,0
Saint Vincent and the Grenadines,VCT,1982,0,FALSE,TRUE,0
Saint Vincent and the Grenadines,VCT,1983,0,FALSE,TRUE,0
Saint Vincent and the Grenadines,VCT,1984,0,FALSE,TRUE,0
Saint Vincent and the Grenadines,VCT,1985,0,FALSE,TRUE,0
Saint Vincent and the Grenadines,VCT,1986,0,FALSE,TRUE,0
Saint Vincent and the Grenadines,VCT,1987,0,FALSE,TRUE,0
Saint Vincent and the Grenadines,VCT,1988,0,FALSE,TRUE,0
Saint Vincent and the Grenadines,VCT,1989,0,FALSE,TRUE,0
Saint Vincent and the Grenadines,VCT,1990,0,FALSE,TRUE,0
Saint Vincent and the Grenadines,VCT,1991,0,FALSE,TRUE,0
Saint Vincent and the Grenadines,VCT,1992,0,FALSE,TRUE,0
Saint Vincent and the Grenadines,VCT,1993,0,FALSE,TRUE,0
Saint Vincent and the Grenadines,VCT,1994,0,FALSE,TRUE,0
Saint Vincent and the Grenadines,VCT,1995,0,FALSE,TRUE,0
Saint Vincent and the Grenadines,VCT,1996,0,FALSE,TRUE,0
Saint Vincent and the Grenadines,VCT,1997,0,FALSE,TRUE,0
Saint Vincent and the Grenadines,VCT,1998,0,FALSE,TRUE,0
Saint Vincent and the Grenadines,VCT,1999,0,FALSE,TRUE,0
Saint Vincent and the Grenadines,VCT,2000,0,FALSE,TRUE,0
Saint Vincent and the Grenadines,VCT,2001,0,FALSE,TRUE,0
Saint Vincent and the Grenadines,VCT,2002,0,FALSE,TRUE,0
Saint Vincent and the Grenadines,VCT,2003,0,FALSE,TRUE,0
Saint Vincent and the Grenadines,VCT,2004,0,FALSE,TRUE,0
Saint Vincent and the Grenadines,VCT,2005,0,FALSE,TRUE,0
Saint Vincent and the Grenadines,VCT,2006,0,FALSE,TRUE,0
Saint Vincent and the Grenadines,VCT,2007,0,FALSE,TRUE,0
Saint Vincent and the Grenadines,VCT,2008,0,FALSE,TRUE,0
Saint Vincent and the Grenadines,VCT,2010,0,FALSE,TRUE,0
Samoa,WSM,1980,0,FALSE,TRUE,0
Samoa,WSM,1981,0,FALSE,TRUE,0
Samoa,WSM,1982,0,FALSE,TRUE,0
Samoa,WSM,1983,0,FALSE,TRUE,0
Samoa,WSM,1984,0,FALSE,TRUE,0
Samoa,WSM,1985,0,FALSE,TRUE,0
Samoa,WSM,1986,0,FALSE,TRUE,0
Samoa,WSM,1987,0,FALSE,TRUE,0
Samoa,WSM,1988,0,FALSE,TRUE,0
Samoa,WSM,1989,0,FALSE,TRUE,0
Samoa,WSM,1990,0,FALSE,TRUE,0
Samoa,WSM,1991,0,FALSE,TRUE,0
Samoa,WSM,1992,0,FALSE,TRUE,0
Samoa,WSM,1993,0,FALSE,TRUE,0
Samoa,WSM,1994,0,FALSE,TRUE,0
Samoa,WSM,1995,0,FALSE,TRUE,0
Samoa,WSM,1996,0,FALSE,TRUE,0
Samoa,WSM,1997,0,FALSE,TRUE,0
Samoa,WSM,1998,0,FALSE,TRUE,0
Samoa,WSM,1999,0,FALSE,TRUE,0
Samoa,WSM,2000,0,FALSE,TRUE,0
Samoa,WSM,2001,0,FALSE,TRUE,0
Samoa,WSM,2002,0,FALSE,TRUE,0
Samoa,WSM,2003,0,FALSE,TRUE,0
Samoa,WSM,2004,0,FALSE,TRUE,0
Samoa,WSM,2005,0,FALSE,TRUE,0
Samoa,WSM,2006,0,FALSE,TRUE,0
Samoa,WSM,2007,0,FALSE,TRUE,0
Samoa,WSM,2008,0,FALSE,TRUE,0
Samoa,WSM,2010,0,FALSE,TRUE,0
San Marino,SMR,1980,0,FALSE,TRUE,0
San Marino,SMR,1981,0,FALSE,TRUE,0
San Marino,SMR,1982,0,FALSE,TRUE,0
San Marino,SMR,1983,0,FALSE,TRUE,0
San Marino,SMR,1984,0,FALSE,TRUE,0
San Marino,SMR,1985,0,FALSE,TRUE,0
San Marino,SMR,1986,0,FALSE,TRUE,0
San Marino,SMR,1987,0,FALSE,TRUE,0
San Marino,SMR,1988,0,FALSE,TRUE,0
San Marino,SMR,1989,0,FALSE,TRUE,0
San Marino,SMR,1990,0,FALSE,TRUE,0
San Marino,SMR,1991,0,FALSE,TRUE,0
San Marino,SMR,1992,0,FALSE,TRUE,0
San Marino,SMR,1993,0,FALSE,TRUE,0
San Marino,SMR,1994,0,FALSE,TRUE,0
San Marino,SMR,1998,0,FALSE,TRUE,0
San Marino,SMR,1999,0,FALSE,TRUE,0
San Marino,SMR,2000,0,FALSE,TRUE,0
San Marino,SMR,2001,0,FALSE,TRUE,0
San Marino,SMR,2002,0,FALSE,TRUE,0
San Marino,SMR,2003,0,FALSE,TRUE,0
San Marino,SMR,2004,0,FALSE,TRUE,0
San Marino,SMR,2005,0,FALSE,TRUE,0
San Marino,SMR,2006,0,FALSE,TRUE,0
San Marino,SMR,2007,0,FALSE,TRUE,0
San Marino,SMR,2008,0,FALSE,TRUE,0
San Marino,SMR,2009,0,FALSE,TRUE,0
San Marino,SMR,2010,0,FALSE,TRUE,0
San Marino,SMR,2011,0,FALSE,TRUE,0
San Marino,SMR,2012,0,FALSE,TRUE,0
San Marino,SMR,2013,0,FALSE,TRUE,0
San Marino,SMR,2014,0,FALSE,TRUE,0
San Marino,SMR,2015,0,FALSE,TRUE,0
San Marino,SMR,2016,0,FALSE,TRUE,0
San Marino,SMR,2017,0,FALSE,TRUE,0
San Marino,SMR,2018,0,FALSE,TRUE,0
San Marino,SMR,2019,0,FALSE,TRUE,0
San Marino,SMR,2020,0,FALSE,TRUE,0
Sao Tome and Principe,STP,1980,28,TRUE,FALSE,1.462397997898956
Sao Tome and Principe,STP,1981,49,TRUE,FALSE,1.6989700043360187
Sao Tome and Principe,STP,1982,63,TRUE,FALSE,1.806179973983887
Sao Tome and Principe,STP,1983,70,TRUE,FALSE,1.8512583487190752
Sao Tome and Principe,STP,1984,0,FALSE,TRUE,0
Sao Tome and Principe,STP,1985,0,FALSE,TRUE,0
Sao Tome and Principe,STP,1986,0,FALSE,TRUE,0
Sao Tome and Principe,STP,1987,0,FALSE,TRUE,0
Sao Tome and Principe,STP,1988,0,FALSE,TRUE,0
Sao Tome and Principe,STP,1989,0,FALSE,TRUE,0
Sao Tome and Principe,STP,1990,0,FALSE,TRUE,0
Sao Tome and Principe,STP,1991,0,FALSE,TRUE,0
Sao Tome and Principe,STP,1992,0,FALSE,TRUE,0
Sao Tome and Principe,STP,1993,0,FALSE,TRUE,0
Sao Tome and Principe,STP,1994,0,FALSE,TRUE,0
Sao Tome and Principe,STP,1995,0,FALSE,TRUE,0
Sao Tome and Principe,STP,1996,0,FALSE,TRUE,0
Sao Tome and Principe,STP,1997,0,FALSE,TRUE,0
Sao Tome and Principe,STP,1998,0,FALSE,TRUE,0
Sao Tome and Principe,STP,1999,0,FALSE,TRUE,0
Sao Tome and Principe,STP,2000,0,FALSE,TRUE,0
Sao Tome and Principe,STP,2001,0,FALSE,TRUE,0
Sao Tome and Principe,STP,2002,0,FALSE,TRUE,0
Sao Tome and Principe,STP,2003,0,FALSE,TRUE,0
Sao Tome and Principe,STP,2004,0,FALSE,TRUE,0
Sao Tome and Principe,STP,2005,0,FALSE,TRUE,0
Sao Tome and Principe,STP,2006,0,FALSE,TRUE,0
Sao Tome and Principe,STP,2007,0,FALSE,TRUE,0
Sao Tome and Principe,STP,2008,0,FALSE,TRUE,0
Sao Tome and Principe,STP,2009,0,FALSE,TRUE,0
Sao Tome and Principe,STP,2010,0,FALSE,TRUE,0
Sao Tome and Principe,STP,2011,0,FALSE,TRUE,0
Sao Tome and Principe,STP,2012,0,FALSE,TRUE,0
Sao Tome and Principe,STP,2013,0,FALSE,TRUE,0
Sao Tome and Principe,STP,2014,0,FALSE,TRUE,0
Sao Tome and Principe,STP,2015,0,FALSE,TRUE,0
Sao Tome and Principe,STP,2016,0,FALSE,TRUE,0
Sao Tome and Principe,STP,2017,0,FALSE,TRUE,0
Sao Tome and Principe,STP,2018,0,FALSE,TRUE,0
Sao Tome and Principe,STP,2019,0,FALSE,TRUE,0
Sao Tome and Principe,STP,2020,0,FALSE,TRUE,0
Saudi Arabia,SAU,1980,1799,TRUE,FALSE,3.255272505103306
Saudi Arabia,SAU,1981,1183,TRUE,FALSE,3.073351702386901
Saudi Arabia,SAU,1982,693,TRUE,FALSE,2.841359470454855
Saudi Arabia,SAU,1983,749,TRUE,FALSE,2.8750612633917
Saudi Arabia,SAU,1984,714,TRUE,FALSE,2.8543060418010806
Saudi Arabia,SAU,1985,196,TRUE,FALSE,2.294466226161593
Saudi Arabia,SAU,1986,84,TRUE,FALSE,1.9294189257142926
Saudi Arabia,SAU,1987,28,TRUE,FALSE,1.462397997898956
Saudi Arabia,SAU,1988,21,TRUE,FALSE,1.3424226808222062
Saudi Arabia,SAU,1989,21,TRUE,FALSE,1.3424226808222062
Saudi Arabia,SAU,1990,35,TRUE,FALSE,1.5563025007672873
Saudi Arabia,SAU,1991,7,TRUE,FALSE,0.9030899869919435
Saudi Arabia,SAU,1992,14,TRUE,FALSE,1.1760912590556813
Saudi Arabia,SAU,1993,14,TRUE,FALSE,1.1760912590556813
Saudi Arabia,SAU,1994,42,TRUE,FALSE,1.6334684555795864
Saudi Arabia,SAU,1995,28,TRUE,FALSE,1.462397997898956
Saudi Arabia,SAU,1996,0,FALSE,TRUE,0
Saudi Arabia,SAU,1997,0,FALSE,TRUE,0
Saudi Arabia,SAU,1998,1,TRUE,FALSE,0.3010299956639812
Saudi Arabia,SAU,1999,0,FALSE,TRUE,0
Saudi Arabia,SAU,2000,0,FALSE,TRUE,0
Saudi Arabia,SAU,2001,0,FALSE,TRUE,0
Saudi Arabia,SAU,2002,0,FALSE,TRUE,0
Saudi Arabia,SAU,2003,0,FALSE,TRUE,0
Saudi Arabia,SAU,2004,4,TRUE,FALSE,0.6989700043360189
Saudi Arabia,SAU,2005,0,FALSE,TRUE,0
Saudi Arabia,SAU,2006,0,FALSE,TRUE,0
Saudi Arabia,SAU,2007,0,FALSE,TRUE,0
Saudi Arabia,SAU,2008,0,FALSE,TRUE,0
Saudi Arabia,SAU,2009,0,FALSE,TRUE,0
Saudi Arabia,SAU,2010,0,FALSE,TRUE,0
Saudi Arabia,SAU,2011,0,FALSE,TRUE,0
Saudi Arabia,SAU,2012,0,FALSE,TRUE,0
Saudi Arabia,SAU,2013,0,FALSE,TRUE,0
Saudi Arabia,SAU,2014,0,FALSE,TRUE,0
Saudi Arabia,SAU,2015,0,FALSE,TRUE,0
Saudi Arabia,SAU,2016,0,FALSE,TRUE,0
Saudi Arabia,SAU,2017,0,FALSE,TRUE,0
Saudi Arabia,SAU,2018,0,FALSE,TRUE,0
Saudi Arabia,SAU,2019,0,FALSE,TRUE,0
Saudi Arabia,SAU,2020,0,FALSE,TRUE,0
Senegal,SEN,1980,966,TRUE,FALSE,2.9854264740830017
Senegal,SEN,1981,1309,TRUE,FALSE,3.1172712956557644
Senegal,SEN,1982,1092,TRUE,FALSE,3.038620161949703
Senegal,SEN,1983,1295,TRUE,FALSE,3.1126050015345745
Senegal,SEN,1984,686,TRUE,FALSE,2.8369567370595505
Senegal,SEN,1985,609,TRUE,FALSE,2.785329835010767
Senegal,SEN,1986,1904,TRUE,FALSE,3.279894980011638
Senegal,SEN,1987,560,TRUE,FALSE,2.7489628612561616
Senegal,SEN,1988,126,TRUE,FALSE,2.103803720955957
Senegal,SEN,1989,70,TRUE,FALSE,1.8512583487190752
Senegal,SEN,1990,21,TRUE,FALSE,1.3424226808222062
Senegal,SEN,1991,56,TRUE,FALSE,1.7558748556724915
Senegal,SEN,1992,63,TRUE,FALSE,1.806179973983887
Senegal,SEN,1993,14,TRUE,FALSE,1.1760912590556813
Senegal,SEN,1994,14,TRUE,FALSE,1.1760912590556813
Senegal,SEN,1995,7,TRUE,FALSE,0.9030899869919435
Senegal,SEN,1996,1,TRUE,FALSE,0.3010299956639812
Senegal,SEN,1997,6,TRUE,FALSE,0.8450980400142568
Senegal,SEN,1998,11,TRUE,FALSE,1.0791812460476249
Senegal,SEN,1999,0,FALSE,TRUE,0
Senegal,SEN,2000,0,FALSE,TRUE,0
Senegal,SEN,2001,0,FALSE,TRUE,0
Senegal,SEN,2002,0,FALSE,TRUE,0
Senegal,SEN,2003,0,FALSE,TRUE,0
Senegal,SEN,2004,0,FALSE,TRUE,0
Senegal,SEN,2005,0,FALSE,TRUE,0
Senegal,SEN,2006,0,FALSE,TRUE,0
Senegal,SEN,2007,0,FALSE,TRUE,0
Senegal,SEN,2008,0,FALSE,TRUE,0
Senegal,SEN,2009,0,FALSE,TRUE,0
Senegal,SEN,2010,36,TRUE,FALSE,1.568201724066995
Senegal,SEN,2011,0,FALSE,TRUE,0
Senegal,SEN,2012,0,FALSE,TRUE,0
Senegal,SEN,2013,0,FALSE,TRUE,0
Senegal,SEN,2014,0,FALSE,TRUE,0
Senegal,SEN,2015,0,FALSE,TRUE,0
Senegal,SEN,2016,0,FALSE,TRUE,0
Senegal,SEN,2017,0,FALSE,TRUE,0
Senegal,SEN,2018,0,FALSE,TRUE,0
Senegal,SEN,2019,0,FALSE,TRUE,0
Senegal,SEN,2020,0,FALSE,TRUE,0
Serbia,SRB,1980,28,TRUE,FALSE,1.462397997898956
Serbia,SRB,1981,0,FALSE,TRUE,0
Serbia,SRB,1982,42,TRUE,FALSE,1.6334684555795864
Serbia,SRB,1983,84,TRUE,FALSE,1.9294189257142926
Serbia,SRB,1984,14,TRUE,FALSE,1.1760912590556813
Serbia,SRB,1985,7,TRUE,FALSE,0.9030899869919435
Serbia,SRB,1986,21,TRUE,FALSE,1.3424226808222062
Serbia,SRB,1987,0,FALSE,TRUE,0
Serbia,SRB,1988,0,FALSE,TRUE,0
Serbia,SRB,1989,14,TRUE,FALSE,1.1760912590556813
Serbia,SRB,1990,21,TRUE,FALSE,1.3424226808222062
Serbia,SRB,1991,42,TRUE,FALSE,1.6334684555795864
Serbia,SRB,1992,63,TRUE,FALSE,1.806179973983887
Serbia,SRB,1993,42,TRUE,FALSE,1.6334684555795864
Serbia,SRB,1994,7,TRUE,FALSE,0.9030899869919435
Serbia,SRB,1995,21,TRUE,FALSE,1.3424226808222062
Serbia,SRB,1996,27,TRUE,FALSE,1.4471580313422192
Serbia,SRB,1997,0,FALSE,TRUE,0
Serbia,SRB,1998,0,FALSE,TRUE,0
Serbia,SRB,1999,0,FALSE,TRUE,0
Serbia,SRB,2000,0,FALSE,TRUE,0
Serbia,SRB,2001,0,FALSE,TRUE,0
Serbia,SRB,2002,0,FALSE,TRUE,0
Serbia,SRB,2003,0,FALSE,TRUE,0
Serbia,SRB,2004,0,FALSE,TRUE,0
Serbia,SRB,2005,0,FALSE,TRUE,0
Serbia,SRB,2006,0,FALSE,TRUE,0
Serbia,SRB,2007,0,FALSE,TRUE,0
Serbia,SRB,2008,0,FALSE,TRUE,0
Serbia,SRB,2009,0,FALSE,TRUE,0
Serbia,SRB,2010,0,FALSE,TRUE,0
Serbia,SRB,2011,0,FALSE,TRUE,0
Serbia,SRB,2012,0,FALSE,TRUE,0
Serbia,SRB,2013,0,FALSE,TRUE,0
Serbia,SRB,2014,0,FALSE,TRUE,0
Serbia,SRB,2015,0,FALSE,TRUE,0
Serbia,SRB,2016,0,FALSE,TRUE,0
Serbia,SRB,2017,0,FALSE,TRUE,0
Serbia,SRB,2018,0,FALSE,TRUE,0
Serbia,SRB,2019,0,FALSE,TRUE,0
Serbia,SRB,2020,0,FALSE,TRUE,0
Seychelles,SYC,1980,0,FALSE,TRUE,0
Seychelles,SYC,1981,0,FALSE,TRUE,0
Seychelles,SYC,1982,0,FALSE,TRUE,0
Seychelles,SYC,1983,0,FALSE,TRUE,0
Seychelles,SYC,1984,0,FALSE,TRUE,0
Seychelles,SYC,1985,0,FALSE,TRUE,0
Seychelles,SYC,1986,0,FALSE,TRUE,0
Seychelles,SYC,1987,0,FALSE,TRUE,0
Seychelles,SYC,1988,0,FALSE,TRUE,0
Seychelles,SYC,1989,0,FALSE,TRUE,0
Seychelles,SYC,1990,0,FALSE,TRUE,0
Seychelles,SYC,1991,0,FALSE,TRUE,0
Seychelles,SYC,1992,0,FALSE,TRUE,0
Seychelles,SYC,1993,0,FALSE,TRUE,0
Seychelles,SYC,1994,0,FALSE,TRUE,0
Seychelles,SYC,1995,0,FALSE,TRUE,0
Seychelles,SYC,1996,0,FALSE,TRUE,0
Seychelles,SYC,1997,0,FALSE,TRUE,0
Seychelles,SYC,1998,0,FALSE,TRUE,0
Seychelles,SYC,1999,0,FALSE,TRUE,0
Seychelles,SYC,2000,0,FALSE,TRUE,0
Seychelles,SYC,2001,0,FALSE,TRUE,0
Seychelles,SYC,2002,0,FALSE,TRUE,0
Seychelles,SYC,2003,0,FALSE,TRUE,0
Seychelles,SYC,2004,0,FALSE,TRUE,0
Seychelles,SYC,2005,0,FALSE,TRUE,0
Seychelles,SYC,2006,0,FALSE,TRUE,0
Seychelles,SYC,2007,0,FALSE,TRUE,0
Seychelles,SYC,2008,0,FALSE,TRUE,0
Seychelles,SYC,2009,0,FALSE,TRUE,0
Seychelles,SYC,2010,0,FALSE,TRUE,0
Seychelles,SYC,2011,0,FALSE,TRUE,0
Seychelles,SYC,2012,0,FALSE,TRUE,0
Seychelles,SYC,2013,0,FALSE,TRUE,0
Seychelles,SYC,2014,0,FALSE,TRUE,0
Seychelles,SYC,2015,0,FALSE,TRUE,0
Seychelles,SYC,2016,0,FALSE,TRUE,0
Seychelles,SYC,2017,0,FALSE,TRUE,0
Seychelles,SYC,2018,0,FALSE,TRUE,0
Seychelles,SYC,2019,0,FALSE,TRUE,0
Seychelles,SYC,2020,0,FALSE,TRUE,0
Sierra Leone,SLE,1980,77,TRUE,FALSE,1.8920946026904804
Sierra Leone,SLE,1981,336,TRUE,FALSE,2.5276299008713385
Sierra Leone,SLE,1982,231,TRUE,FALSE,2.3654879848909
Sierra Leone,SLE,1983,357,TRUE,FALSE,2.5538830266438746
Sierra Leone,SLE,1984,294,TRUE,FALSE,2.469822015978163
Sierra Leone,SLE,1985,315,TRUE,FALSE,2.499687082618404
Sierra Leone,SLE,1986,98,TRUE,FALSE,1.99563519459755
Sierra Leone,SLE,1987,84,TRUE,FALSE,1.9294189257142926
Sierra Leone,SLE,1988,28,TRUE,FALSE,1.462397997898956
Sierra Leone,SLE,1989,931,TRUE,FALSE,2.9694159123539814
Sierra Leone,SLE,1990,266,TRUE,FALSE,2.4265112613645754
Sierra Leone,SLE,1991,399,TRUE,FALSE,2.6020599913279625
Sierra Leone,SLE,1992,35,TRUE,FALSE,1.5563025007672873
Sierra Leone,SLE,1993,35,TRUE,FALSE,1.5563025007672873
Sierra Leone,SLE,1994,49,TRUE,FALSE,1.6989700043360187
Sierra Leone,SLE,1995,0,FALSE,TRUE,0
Sierra Leone,SLE,1997,0,FALSE,TRUE,0
Sierra Leone,SLE,1998,3,TRUE,FALSE,0.6020599913279624
Sierra Leone,SLE,1999,16,TRUE,FALSE,1.2304489213782739
Sierra Leone,SLE,2000,38,TRUE,FALSE,1.591064607026499
Sierra Leone,SLE,2001,0,FALSE,TRUE,0
Sierra Leone,SLE,2002,0,FALSE,TRUE,0
Sierra Leone,SLE,2003,0,FALSE,TRUE,0
Sierra Leone,SLE,2004,0,FALSE,TRUE,0
Sierra Leone,SLE,2005,0,FALSE,TRUE,0
Sierra Leone,SLE,2006,0,FALSE,TRUE,0
Sierra Leone,SLE,2007,0,FALSE,TRUE,0
Sierra Leone,SLE,2008,0,FALSE,TRUE,0
Sierra Leone,SLE,2009,12,TRUE,FALSE,1.1139433523068367
Sierra Leone,SLE,2010,1,TRUE,FALSE,0.3010299956639812
Sierra Leone,SLE,2011,0,FALSE,TRUE,0
Sierra Leone,SLE,2012,0,FALSE,TRUE,0
Sierra Leone,SLE,2013,0,FALSE,TRUE,0
Sierra Leone,SLE,2014,0,FALSE,TRUE,0
Sierra Leone,SLE,2015,0,FALSE,TRUE,0
Sierra Leone,SLE,2016,0,FALSE,TRUE,0
Sierra Leone,SLE,2017,0,FALSE,TRUE,0
Sierra Leone,SLE,2018,0,FALSE,TRUE,0
Sierra Leone,SLE,2019,0,FALSE,TRUE,0
Sierra Leone,SLE,2020,20,TRUE,FALSE,1.3222192947339193
Singapore,SGP,1980,7,TRUE,FALSE,0.9030899869919435
Singapore,SGP,1981,0,FALSE,TRUE,0
Singapore,SGP,1982,7,TRUE,FALSE,0.9030899869919435
Singapore,SGP,1983,14,TRUE,FALSE,1.1760912590556813
Singapore,SGP,1984,14,TRUE,FALSE,1.1760912590556813
Singapore,SGP,1985,0,FALSE,TRUE,0
Singapore,SGP,1987,0,FALSE,TRUE,0
Singapore,SGP,1988,0,FALSE,TRUE,0
Singapore,SGP,1989,0,FALSE,TRUE,0
Singapore,SGP,1990,0,FALSE,TRUE,0
Singapore,SGP,1991,0,FALSE,TRUE,0
Singapore,SGP,1992,0,FALSE,TRUE,0
Singapore,SGP,1993,0,FALSE,TRUE,0
Singapore,SGP,1994,0,FALSE,TRUE,0
Singapore,SGP,1995,0,FALSE,TRUE,0
Singapore,SGP,1996,0,FALSE,TRUE,0
Singapore,SGP,1997,0,FALSE,TRUE,0
Singapore,SGP,1998,0,FALSE,TRUE,0
Singapore,SGP,1999,0,FALSE,TRUE,0
Singapore,SGP,2000,0,FALSE,TRUE,0
Singapore,SGP,2001,0,FALSE,TRUE,0
Singapore,SGP,2002,0,FALSE,TRUE,0
Singapore,SGP,2003,0,FALSE,TRUE,0
Singapore,SGP,2004,0,FALSE,TRUE,0
Singapore,SGP,2005,0,FALSE,TRUE,0
Singapore,SGP,2006,0,FALSE,TRUE,0
Singapore,SGP,2007,0,FALSE,TRUE,0
Singapore,SGP,2008,0,FALSE,TRUE,0
Singapore,SGP,2009,0,FALSE,TRUE,0
Singapore,SGP,2010,0,FALSE,TRUE,0
Singapore,SGP,2011,0,FALSE,TRUE,0
Singapore,SGP,2012,0,FALSE,TRUE,0
Singapore,SGP,2013,0,FALSE,TRUE,0
Singapore,SGP,2014,0,FALSE,TRUE,0
Singapore,SGP,2015,0,FALSE,TRUE,0
Singapore,SGP,2016,0,FALSE,TRUE,0
Singapore,SGP,2017,0,FALSE,TRUE,0
Singapore,SGP,2018,0,FALSE,TRUE,0
Singapore,SGP,2019,0,FALSE,TRUE,0
Singapore,SGP,2020,0,FALSE,TRUE,0
Slovakia,SVK,1991,0,FALSE,TRUE,0
Slovakia,SVK,1992,0,FALSE,TRUE,0
Slovakia,SVK,1993,0,FALSE,TRUE,0
Slovakia,SVK,1994,0,FALSE,TRUE,0
Slovakia,SVK,1995,0,FALSE,TRUE,0
Slovakia,SVK,1996,0,FALSE,TRUE,0
Slovakia,SVK,1997,0,FALSE,TRUE,0
Slovakia,SVK,1998,0,FALSE,TRUE,0
Slovakia,SVK,1999,0,FALSE,TRUE,0
Slovakia,SVK,2000,0,FALSE,TRUE,0
Slovakia,SVK,2001,0,FALSE,TRUE,0
Slovakia,SVK,2002,0,FALSE,TRUE,0
Slovakia,SVK,2003,0,FALSE,TRUE,0
Slovakia,SVK,2004,0,FALSE,TRUE,0
Slovakia,SVK,2005,0,FALSE,TRUE,0
Slovakia,SVK,2006,0,FALSE,TRUE,0
Slovakia,SVK,2007,0,FALSE,TRUE,0
Slovakia,SVK,2008,0,FALSE,TRUE,0
Slovakia,SVK,2009,0,FALSE,TRUE,0
Slovakia,SVK,2010,0,FALSE,TRUE,0
Slovakia,SVK,2011,0,FALSE,TRUE,0
Slovakia,SVK,2012,0,FALSE,TRUE,0
Slovakia,SVK,2013,0,FALSE,TRUE,0
Slovakia,SVK,2014,0,FALSE,TRUE,0
Slovakia,SVK,2015,0,FALSE,TRUE,0
Slovakia,SVK,2016,0,FALSE,TRUE,0
Slovakia,SVK,2017,0,FALSE,TRUE,0
Slovakia,SVK,2018,0,FALSE,TRUE,0
Slovakia,SVK,2019,0,FALSE,TRUE,0
Slovakia,SVK,2020,0,FALSE,TRUE,0
Slovenia,SVN,1991,0,FALSE,TRUE,0
Slovenia,SVN,1992,0,FALSE,TRUE,0
Slovenia,SVN,1993,0,FALSE,TRUE,0
Slovenia,SVN,1994,0,FALSE,TRUE,0
Slovenia,SVN,1995,0,FALSE,TRUE,0
Slovenia,SVN,1996,0,FALSE,TRUE,0
Slovenia,SVN,1997,0,FALSE,TRUE,0
Slovenia,SVN,1998,0,FALSE,TRUE,0
Slovenia,SVN,1999,0,FALSE,TRUE,0
Slovenia,SVN,2000,0,FALSE,TRUE,0
Slovenia,SVN,2001,0,FALSE,TRUE,0
Slovenia,SVN,2002,0,FALSE,TRUE,0
Slovenia,SVN,2003,0,FALSE,TRUE,0
Slovenia,SVN,2004,0,FALSE,TRUE,0
Slovenia,SVN,2005,0,FALSE,TRUE,0
Slovenia,SVN,2006,0,FALSE,TRUE,0
Slovenia,SVN,2007,0,FALSE,TRUE,0
Slovenia,SVN,2008,0,FALSE,TRUE,0
Slovenia,SVN,2009,0,FALSE,TRUE,0
Slovenia,SVN,2010,0,FALSE,TRUE,0
Slovenia,SVN,2011,0,FALSE,TRUE,0
Slovenia,SVN,2012,0,FALSE,TRUE,0
Slovenia,SVN,2013,0,FALSE,TRUE,0
Slovenia,SVN,2014,0,FALSE,TRUE,0
Slovenia,SVN,2015,0,FALSE,TRUE,0
Slovenia,SVN,2016,0,FALSE,TRUE,0
Slovenia,SVN,2017,0,FALSE,TRUE,0
Slovenia,SVN,2018,0,FALSE,TRUE,0
Slovenia,SVN,2019,0,FALSE,TRUE,0
Slovenia,SVN,2020,0,FALSE,TRUE,0
Solomon Islands,SLB,1980,0,FALSE,TRUE,0
Solomon Islands,SLB,1981,0,FALSE,TRUE,0
Solomon Islands,SLB,1982,0,FALSE,TRUE,0
Solomon Islands,SLB,1983,0,FALSE,TRUE,0
Solomon Islands,SLB,1984,0,FALSE,TRUE,0
Solomon Islands,SLB,1985,0,FALSE,TRUE,0
Solomon Islands,SLB,1986,0,FALSE,TRUE,0
Solomon Islands,SLB,1987,0,FALSE,TRUE,0
Solomon Islands,SLB,1988,0,FALSE,TRUE,0
Solomon Islands,SLB,1989,0,FALSE,TRUE,0
Solomon Islands,SLB,1990,0,FALSE,TRUE,0
Solomon Islands,SLB,1991,0,FALSE,TRUE,0
Solomon Islands,SLB,1992,0,FALSE,TRUE,0
Solomon Islands,SLB,1993,0,FALSE,TRUE,0
Solomon Islands,SLB,1994,0,FALSE,TRUE,0
Solomon Islands,SLB,1995,0,FALSE,TRUE,0
Solomon Islands,SLB,1996,0,FALSE,TRUE,0
Solomon Islands,SLB,1997,0,FALSE,TRUE,0
Solomon Islands,SLB,1998,0,FALSE,TRUE,0
Solomon Islands,SLB,1999,0,FALSE,TRUE,0
Solomon Islands,SLB,2000,0,FALSE,TRUE,0
Solomon Islands,SLB,2001,0,FALSE,TRUE,0
Solomon Islands,SLB,2002,0,FALSE,TRUE,0
Solomon Islands,SLB,2003,0,FALSE,TRUE,0
Solomon Islands,SLB,2004,0,FALSE,TRUE,0
Solomon Islands,SLB,2005,0,FALSE,TRUE,0
Solomon Islands,SLB,2006,0,FALSE,TRUE,0
Solomon Islands,SLB,2007,0,FALSE,TRUE,0
Solomon Islands,SLB,2008,0,FALSE,TRUE,0
Solomon Islands,SLB,2010,0,FALSE,TRUE,0
Somalia,SOM,1983,490,TRUE,FALSE,2.6910814921229687
Somalia,SOM,1984,133,TRUE,FALSE,2.1271047983648077
Somalia,SOM,1985,42,TRUE,FALSE,1.6334684555795864
Somalia,SOM,1986,7,TRUE,FALSE,0.9030899869919435
Somalia,SOM,1987,371,TRUE,FALSE,2.5705429398818973
Somalia,SOM,1988,378,TRUE,FALSE,2.578639209968072
Somalia,SOM,1989,1085,TRUE,FALSE,3.035829825252828
Somalia,SOM,1997,1,TRUE,FALSE,0.3010299956639812
Somalia,SOM,1998,13,TRUE,FALSE,1.146128035678238
Somalia,SOM,1999,21,TRUE,FALSE,1.3424226808222062
Somalia,SOM,2000,107,TRUE,FALSE,2.03342375548695
Somalia,SOM,2001,14,TRUE,FALSE,1.1760912590556813
Somalia,SOM,2002,6,TRUE,FALSE,0.8450980400142568
Somalia,SOM,2003,0,FALSE,TRUE,0
Somalia,SOM,2004,0,FALSE,TRUE,0
Somalia,SOM,2005,205,TRUE,FALSE,2.3138672203691533
Somalia,SOM,2006,39,TRUE,FALSE,1.6020599913279623
Somalia,SOM,2007,9,TRUE,FALSE,1
Somalia,SOM,2008,1,TRUE,FALSE,0.3010299956639812
Somalia,SOM,2009,7,TRUE,FALSE,0.9030899869919435
Somalia,SOM,2010,1,TRUE,FALSE,0.3010299956639812
Somalia,SOM,2011,10,TRUE,FALSE,1.0413926851582251
Somalia,SOM,2012,1,TRUE,FALSE,0.3010299956639812
Somalia,SOM,2013,216,TRUE,FALSE,2.3364597338485296
Somalia,SOM,2014,6,TRUE,FALSE,0.8450980400142568
Somalia,SOM,2015,0,FALSE,TRUE,0
Somalia,SOM,2016,0,FALSE,TRUE,0
Somalia,SOM,2017,0,FALSE,TRUE,0
Somalia,SOM,2018,14,TRUE,FALSE,1.1760912590556813
Somalia,SOM,2019,3,TRUE,FALSE,0.6020599913279624
Somalia,SOM,2020,16,TRUE,FALSE,1.2304489213782739
South Africa,ZAF,1980,784,TRUE,FALSE,2.8948696567452528
South Africa,ZAF,1981,889,TRUE,FALSE,2.949390006644913
South Africa,ZAF,1982,3367,TRUE,FALSE,3.527372082827612
South Africa,ZAF,1983,644,TRUE,FALSE,2.8095597146352675
South Africa,ZAF,1984,497,TRUE,FALSE,2.6972293427597176
South Africa,ZAF,1985,504,TRUE,FALSE,2.7032913781186614
South Africa,ZAF,1986,287,TRUE,FALSE,2.459392487759231
South Africa,ZAF,1987,175,TRUE,FALSE,2.24551266781415
South Africa,ZAF,1988,1218,TRUE,FALSE,3.0860037056183818
South Africa,ZAF,1989,98,TRUE,FALSE,1.99563519459755
South Africa,ZAF,1990,35,TRUE,FALSE,1.5563025007672873
South Africa,ZAF,1991,0,FALSE,TRUE,0
South Africa,ZAF,1992,0,FALSE,TRUE,0
South Africa,ZAF,1993,0,FALSE,TRUE,0
South Africa,ZAF,1994,0,FALSE,TRUE,0
South Africa,ZAF,1995,0,FALSE,TRUE,0
South Africa,ZAF,1996,0,FALSE,TRUE,0
South Africa,ZAF,1997,0,FALSE,TRUE,0
South Africa,ZAF,1998,115,TRUE,FALSE,2.0644579892269186
South Africa,ZAF,1999,4,TRUE,FALSE,0.6989700043360189
South Africa,ZAF,2000,0,FALSE,TRUE,0
South Africa,ZAF,2001,0,FALSE,TRUE,0
South Africa,ZAF,2002,0,FALSE,TRUE,0
South Africa,ZAF,2003,0,FALSE,TRUE,0
South Africa,ZAF,2004,0,FALSE,TRUE,0
South Africa,ZAF,2005,0,FALSE,TRUE,0
South Africa,ZAF,2006,0,FALSE,TRUE,0
South Africa,ZAF,2007,0,FALSE,TRUE,0
South Africa,ZAF,2008,0,FALSE,TRUE,0
South Africa,ZAF,2009,0,FALSE,TRUE,0
South Africa,ZAF,2010,0,FALSE,TRUE,0
South Africa,ZAF,2011,0,FALSE,TRUE,0
South Africa,ZAF,2012,0,FALSE,TRUE,0
South Africa,ZAF,2013,0,FALSE,TRUE,0
South Africa,ZAF,2014,0,FALSE,TRUE,0
South Africa,ZAF,2015,0,FALSE,TRUE,0
South Africa,ZAF,2016,0,FALSE,TRUE,0
South Africa,ZAF,2017,0,FALSE,TRUE,0
South Africa,ZAF,2018,0,FALSE,TRUE,0
South Africa,ZAF,2019,0,FALSE,TRUE,0
South Africa,ZAF,2020,0,FALSE,TRUE,0
South Korea,KOR,1980,98,TRUE,FALSE,1.99563519459755
South Korea,KOR,1981,14,TRUE,FALSE,1.1760912590556813
South Korea,KOR,1982,14,TRUE,FALSE,1.1760912590556813
South Korea,KOR,1983,35,TRUE,FALSE,1.5563025007672873
South Korea,KOR,1984,0,FALSE,TRUE,0
South Korea,KOR,1985,0,FALSE,TRUE,0
South Korea,KOR,1986,0,FALSE,TRUE,0
South Korea,KOR,1987,0,FALSE,TRUE,0
South Korea,KOR,1988,0,FALSE,TRUE,0
South Korea,KOR,1989,0,FALSE,TRUE,0
South Korea,KOR,1990,0,FALSE,TRUE,0
South Korea,KOR,1993,0,FALSE,TRUE,0
South Korea,KOR,1994,0,FALSE,TRUE,0
South Korea,KOR,1995,0,FALSE,TRUE,0
South Korea,KOR,1996,0,FALSE,TRUE,0
South Korea,KOR,1997,0,FALSE,TRUE,0
South Korea,KOR,1998,0,FALSE,TRUE,0
South Korea,KOR,1999,0,FALSE,TRUE,0
South Korea,KOR,2000,0,FALSE,TRUE,0
South Korea,KOR,2001,0,FALSE,TRUE,0
South Korea,KOR,2002,0,FALSE,TRUE,0
South Korea,KOR,2003,0,FALSE,TRUE,0
South Korea,KOR,2004,0,FALSE,TRUE,0
South Korea,KOR,2005,0,FALSE,TRUE,0
South Korea,KOR,2006,0,FALSE,TRUE,0
South Korea,KOR,2007,0,FALSE,TRUE,0
South Korea,KOR,2008,0,FALSE,TRUE,0
South Korea,KOR,2009,0,FALSE,TRUE,0
South Korea,KOR,2010,0,FALSE,TRUE,0
South Korea,KOR,2011,0,FALSE,TRUE,0
South Korea,KOR,2012,0,FALSE,TRUE,0
South Korea,KOR,2013,0,FALSE,TRUE,0
South Korea,KOR,2014,0,FALSE,TRUE,0
South Korea,KOR,2015,0,FALSE,TRUE,0
South Korea,KOR,2016,0,FALSE,TRUE,0
South Korea,KOR,2017,0,FALSE,TRUE,0
South Korea,KOR,2018,0,FALSE,TRUE,0
South Korea,KOR,2019,0,FALSE,TRUE,0
South Korea,KOR,2020,0,FALSE,TRUE,0
South Sudan,SSD,2000,0,FALSE,TRUE,0
South Sudan,SSD,2001,0,FALSE,TRUE,0
South Sudan,SSD,2011,0,FALSE,TRUE,0
South Sudan,SSD,2012,0,FALSE,TRUE,0
South Sudan,SSD,2013,0,FALSE,TRUE,0
South Sudan,SSD,2014,2,TRUE,FALSE,0.47712125471966244
South Sudan,SSD,2015,0,FALSE,TRUE,0
South Sudan,SSD,2016,0,FALSE,TRUE,0
South Sudan,SSD,2017,0,FALSE,TRUE,0
South Sudan,SSD,2018,0,FALSE,TRUE,0
South Sudan,SSD,2019,0,FALSE,TRUE,0
South Sudan,SSD,2020,100,TRUE,FALSE,2.0043213737826426
Spain,ESP,1980,119,TRUE,FALSE,2.0791812460476247
Spain,ESP,1981,91,TRUE,FALSE,1.9637878273455553
Spain,ESP,1982,147,TRUE,FALSE,2.1702617153949575
Spain,ESP,1983,189,TRUE,FALSE,2.278753600952829
Spain,ESP,1984,14,TRUE,FALSE,1.1760912590556813
Spain,ESP,1985,42,TRUE,FALSE,1.6334684555795864
Spain,ESP,1986,0,FALSE,TRUE,0
Spain,ESP,1987,77,TRUE,FALSE,1.8920946026904804
Spain,ESP,1988,28,TRUE,FALSE,1.462397997898956
Spain,ESP,1989,7,TRUE,FALSE,0.9030899869919435
Spain,ESP,1990,0,FALSE,TRUE,0
Spain,ESP,1991,0,FALSE,TRUE,0
Spain,ESP,1992,0,FALSE,TRUE,0
Spain,ESP,1993,0,FALSE,TRUE,0
Spain,ESP,1994,0,FALSE,TRUE,0
Spain,ESP,1995,0,FALSE,TRUE,0
Spain,ESP,1996,0,FALSE,TRUE,0
Spain,ESP,1997,0,FALSE,TRUE,0
Spain,ESP,1998,0,FALSE,TRUE,0
Spain,ESP,1999,0,FALSE,TRUE,0
Spain,ESP,2000,0,FALSE,TRUE,0
Spain,ESP,2001,0,FALSE,TRUE,0
Spain,ESP,2002,0,FALSE,TRUE,0
Spain,ESP,2003,0,FALSE,TRUE,0
Spain,ESP,2004,0,FALSE,TRUE,0
Spain,ESP,2005,0,FALSE,TRUE,0
Spain,ESP,2006,0,FALSE,TRUE,0
Spain,ESP,2007,0,FALSE,TRUE,0
Spain,ESP,2008,0,FALSE,TRUE,0
Spain,ESP,2009,0,FALSE,TRUE,0
Spain,ESP,2010,0,FALSE,TRUE,0
Spain,ESP,2011,0,FALSE,TRUE,0
Spain,ESP,2012,0,FALSE,TRUE,0
Spain,ESP,2013,0,FALSE,TRUE,0
Spain,ESP,2014,0,FALSE,TRUE,0
Spain,ESP,2015,0,FALSE,TRUE,0
Spain,ESP,2016,0,FALSE,TRUE,0
Spain,ESP,2017,0,FALSE,TRUE,0
Spain,ESP,2018,0,FALSE,TRUE,0
Spain,ESP,2019,0,FALSE,TRUE,0
Spain,ESP,2020,0,FALSE,TRUE,0
Sri Lanka,LKA,1980,1848,TRUE,FALSE,3.266936911159173
Sri Lanka,LKA,1981,1778,TRUE,FALSE,3.250175948083925
Sri Lanka,LKA,1982,588,TRUE,FALSE,2.7701152947871015
Sri Lanka,LKA,1983,399,TRUE,FALSE,2.6020599913279625
Sri Lanka,LKA,1984,112,TRUE,FALSE,2.0530784434834195
Sri Lanka,LKA,1985,77,TRUE,FALSE,1.8920946026904804
Sri Lanka,LKA,1986,63,TRUE,FALSE,1.806179973983887
Sri Lanka,LKA,1987,672,TRUE,FALSE,2.828015064223977
Sri Lanka,LKA,1988,112,TRUE,FALSE,2.0530784434834195
Sri Lanka,LKA,1989,28,TRUE,FALSE,1.462397997898956
Sri Lanka,LKA,1990,63,TRUE,FALSE,1.806179973983887
Sri Lanka,LKA,1991,7,TRUE,FALSE,0.9030899869919435
Sri Lanka,LKA,1992,84,TRUE,FALSE,1.9294189257142926
Sri Lanka,LKA,1993,105,TRUE,FALSE,2.0253058652647704
Sri Lanka,LKA,1994,0,FALSE,TRUE,0
Sri Lanka,LKA,1995,0,FALSE,TRUE,0
Sri Lanka,LKA,1996,0,FALSE,TRUE,0
Sri Lanka,LKA,1997,0,FALSE,TRUE,0
Sri Lanka,LKA,1998,0,FALSE,TRUE,0
Sri Lanka,LKA,1999,0,FALSE,TRUE,0
Sri Lanka,LKA,2000,0,FALSE,TRUE,0
Sri Lanka,LKA,2001,0,FALSE,TRUE,0
Sri Lanka,LKA,2002,0,FALSE,TRUE,0
Sri Lanka,LKA,2003,0,FALSE,TRUE,0
Sri Lanka,LKA,2004,0,FALSE,TRUE,0
Sri Lanka,LKA,2005,0,FALSE,TRUE,0
Sri Lanka,LKA,2006,0,FALSE,TRUE,0
Sri Lanka,LKA,2007,0,FALSE,TRUE,0
Sri Lanka,LKA,2008,0,FALSE,TRUE,0
Sri Lanka,LKA,2009,0,FALSE,TRUE,0
Sri Lanka,LKA,2010,0,FALSE,TRUE,0
Sri Lanka,LKA,2011,0,FALSE,TRUE,0
Sri Lanka,LKA,2012,0,FALSE,TRUE,0
Sri Lanka,LKA,2013,0,FALSE,TRUE,0
Sri Lanka,LKA,2014,0,FALSE,TRUE,0
Sri Lanka,LKA,2015,0,FALSE,TRUE,0
Sri Lanka,LKA,2016,0,FALSE,TRUE,0
Sri Lanka,LKA,2017,0,FALSE,TRUE,0
Sri Lanka,LKA,2018,0,FALSE,TRUE,0
Sri Lanka,LKA,2019,0,FALSE,TRUE,0
Sri Lanka,LKA,2020,0,FALSE,TRUE,0
Sudan,SDN,1980,29057,TRUE,FALSE,4.463265719430183
Sudan,SDN,1981,441,TRUE,FALSE,2.645422269349092
Sudan,SDN,1982,616,TRUE,FALSE,2.7902851640332416
Sudan,SDN,1983,763,TRUE,FALSE,2.8830933585756897
Sudan,SDN,1984,546,TRUE,FALSE,2.737987326333431
Sudan,SDN,1985,1197,TRUE,FALSE,3.0784568180532927
Sudan,SDN,1986,1134,TRUE,FALSE,3.0549958615291417
Sudan,SDN,1987,693,TRUE,FALSE,2.841359470454855
Sudan,SDN,1988,651,TRUE,FALSE,2.81424759573192
Sudan,SDN,1989,357,TRUE,FALSE,2.5538830266438746
Sudan,SDN,1990,28,TRUE,FALSE,1.462397997898956
Sudan,SDN,1991,189,TRUE,FALSE,2.278753600952829
Sudan,SDN,1992,70,TRUE,FALSE,1.8512583487190752
Sudan,SDN,1993,1764,TRUE,FALSE,3.2467447097238415
Sudan,SDN,1994,175,TRUE,FALSE,2.24551266781415
Sudan,SDN,1995,154,TRUE,FALSE,2.1903316981702914
Sudan,SDN,1996,57,TRUE,FALSE,1.7634279935629373
Sudan,SDN,1997,37,TRUE,FALSE,1.5797835966168101
Sudan,SDN,1998,56,TRUE,FALSE,1.7558748556724915
Sudan,SDN,1999,67,TRUE,FALSE,1.8325089127062364
Sudan,SDN,2000,88,TRUE,FALSE,1.9493900066449128
Sudan,SDN,2001,2,TRUE,FALSE,0.47712125471966244
Sudan,SDN,2002,0,FALSE,TRUE,0
Sudan,SDN,2003,0,FALSE,TRUE,0
Sudan,SDN,2004,141,TRUE,FALSE,2.1522883443830563
Sudan,SDN,2005,30,TRUE,FALSE,1.4913616938342726
Sudan,SDN,2006,0,FALSE,TRUE,0
Sudan,SDN,2007,1,TRUE,FALSE,0.3010299956639812
Sudan,SDN,2008,29,TRUE,FALSE,1.4771212547196624
Sudan,SDN,2009,50,TRUE,FALSE,1.7075701760979363
Sudan,SDN,2010,0,FALSE,TRUE,0
Sudan,SDN,2011,0,FALSE,TRUE,0
Sudan,SDN,2012,0,FALSE,TRUE,0
Sudan,SDN,2013,0,FALSE,TRUE,0
Sudan,SDN,2014,0,FALSE,TRUE,0
Sudan,SDN,2015,0,FALSE,TRUE,0
Sudan,SDN,2016,0,FALSE,TRUE,0
Sudan,SDN,2017,0,FALSE,TRUE,0
Sudan,SDN,2018,0,FALSE,TRUE,0
Sudan,SDN,2019,0,FALSE,TRUE,0
Sudan,SDN,2020,65,TRUE,FALSE,1.8195439355418688
Suriname,SUR,1980,0,FALSE,TRUE,0
Suriname,SUR,1981,0,FALSE,TRUE,0
Suriname,SUR,1982,7,TRUE,FALSE,0.9030899869919435
Suriname,SUR,1983,0,FALSE,TRUE,0
Suriname,SUR,1984,0,FALSE,TRUE,0
Suriname,SUR,1985,0,FALSE,TRUE,0
Suriname,SUR,1986,0,FALSE,TRUE,0
Suriname,SUR,1987,0,FALSE,TRUE,0
Suriname,SUR,1988,0,FALSE,TRUE,0
Suriname,SUR,1989,0,FALSE,TRUE,0
Suriname,SUR,1990,0,FALSE,TRUE,0
Suriname,SUR,1991,0,FALSE,TRUE,0
Suriname,SUR,1992,0,FALSE,TRUE,0
Suriname,SUR,1993,0,FALSE,TRUE,0
Suriname,SUR,1994,0,FALSE,TRUE,0
Suriname,SUR,1995,0,FALSE,TRUE,0
Suriname,SUR,1996,0,FALSE,TRUE,0
Suriname,SUR,1997,0,FALSE,TRUE,0
Suriname,SUR,1998,0,FALSE,TRUE,0
Suriname,SUR,1999,0,FALSE,TRUE,0
Suriname,SUR,2000,0,FALSE,TRUE,0
Suriname,SUR,2001,0,FALSE,TRUE,0
Suriname,SUR,2002,0,FALSE,TRUE,0
Suriname,SUR,2003,0,FALSE,TRUE,0
Suriname,SUR,2004,0,FALSE,TRUE,0
Suriname,SUR,2005,0,FALSE,TRUE,0
Suriname,SUR,2006,0,FALSE,TRUE,0
Suriname,SUR,2007,0,FALSE,TRUE,0
Suriname,SUR,2008,0,FALSE,TRUE,0
Suriname,SUR,2010,0,FALSE,TRUE,0
Sweden,SWE,1980,0,FALSE,TRUE,0
Sweden,SWE,1981,0,FALSE,TRUE,0
Sweden,SWE,1982,0,FALSE,TRUE,0
Sweden,SWE,1983,0,FALSE,TRUE,0
Sweden,SWE,1984,0,FALSE,TRUE,0
Sweden,SWE,1985,0,FALSE,TRUE,0
Sweden,SWE,1986,0,FALSE,TRUE,0
Sweden,SWE,1987,0,FALSE,TRUE,0
Sweden,SWE,1988,0,FALSE,TRUE,0
Sweden,SWE,1989,0,FALSE,TRUE,0
Sweden,SWE,1990,0,FALSE,TRUE,0
Sweden,SWE,1991,0,FALSE,TRUE,0
Sweden,SWE,1992,7,TRUE,FALSE,0.9030899869919435
Sweden,SWE,1993,0,FALSE,TRUE,0
Sweden,SWE,1994,0,FALSE,TRUE,0
Sweden,SWE,1995,0,FALSE,TRUE,0
Sweden,SWE,1996,0,FALSE,TRUE,0
Sweden,SWE,1997,0,FALSE,TRUE,0
Sweden,SWE,1998,0,FALSE,TRUE,0
Sweden,SWE,1999,0,FALSE,TRUE,0
Sweden,SWE,2000,0,FALSE,TRUE,0
Sweden,SWE,2001,0,FALSE,TRUE,0
Sweden,SWE,2002,0,FALSE,TRUE,0
Sweden,SWE,2003,0,FALSE,TRUE,0
Sweden,SWE,2004,0,FALSE,TRUE,0
Sweden,SWE,2005,0,FALSE,TRUE,0
Sweden,SWE,2006,0,FALSE,TRUE,0
Sweden,SWE,2007,0,FALSE,TRUE,0
Sweden,SWE,2008,0,FALSE,TRUE,0
Sweden,SWE,2009,0,FALSE,TRUE,0
Sweden,SWE,2010,0,FALSE,TRUE,0
Sweden,SWE,2011,0,FALSE,TRUE,0
Sweden,SWE,2012,0,FALSE,TRUE,0
Sweden,SWE,2013,0,FALSE,TRUE,0
Sweden,SWE,2014,0,FALSE,TRUE,0
Sweden,SWE,2015,0,FALSE,TRUE,0
Sweden,SWE,2016,0,FALSE,TRUE,0
Sweden,SWE,2017,0,FALSE,TRUE,0
Sweden,SWE,2018,0,FALSE,TRUE,0
Sweden,SWE,2019,0,FALSE,TRUE,0
Sweden,SWE,2020,0,FALSE,TRUE,0
Switzerland,CHE,1980,7,TRUE,FALSE,0.9030899869919435
Switzerland,CHE,1981,21,TRUE,FALSE,1.3424226808222062
Switzerland,CHE,1982,7,TRUE,FALSE,0.9030899869919435
Switzerland,CHE,1983,0,FALSE,TRUE,0
Switzerland,CHE,1984,7,TRUE,FALSE,0.9030899869919435
Switzerland,CHE,1985,0,FALSE,TRUE,0
Switzerland,CHE,1986,0,FALSE,TRUE,0
Switzerland,CHE,1987,0,FALSE,TRUE,0
Switzerland,CHE,1988,0,FALSE,TRUE,0
Switzerland,CHE,1989,0,FALSE,TRUE,0
Switzerland,CHE,1990,0,FALSE,TRUE,0
Switzerland,CHE,1991,0,FALSE,TRUE,0
Switzerland,CHE,1992,0,FALSE,TRUE,0
Switzerland,CHE,1993,0,FALSE,TRUE,0
Switzerland,CHE,1994,0,FALSE,TRUE,0
Switzerland,CHE,1995,0,FALSE,TRUE,0
Switzerland,CHE,1996,0,FALSE,TRUE,0
Switzerland,CHE,1997,0,FALSE,TRUE,0
Switzerland,CHE,1998,0,FALSE,TRUE,0
Switzerland,CHE,1999,0,FALSE,TRUE,0
Switzerland,CHE,2000,0,FALSE,TRUE,0
Switzerland,CHE,2001,0,FALSE,TRUE,0
Switzerland,CHE,2002,0,FALSE,TRUE,0
Switzerland,CHE,2003,0,FALSE,TRUE,0
Switzerland,CHE,2004,0,FALSE,TRUE,0
Switzerland,CHE,2005,0,FALSE,TRUE,0
Switzerland,CHE,2006,0,FALSE,TRUE,0
Switzerland,CHE,2007,0,FALSE,TRUE,0
Switzerland,CHE,2008,0,FALSE,TRUE,0
Switzerland,CHE,2009,0,FALSE,TRUE,0
Switzerland,CHE,2010,0,FALSE,TRUE,0
Switzerland,CHE,2011,0,FALSE,TRUE,0
Switzerland,CHE,2012,0,FALSE,TRUE,0
Switzerland,CHE,2013,0,FALSE,TRUE,0
Switzerland,CHE,2014,0,FALSE,TRUE,0
Switzerland,CHE,2015,0,FALSE,TRUE,0
Switzerland,CHE,2016,0,FALSE,TRUE,0
Switzerland,CHE,2017,0,FALSE,TRUE,0
Switzerland,CHE,2018,0,FALSE,TRUE,0
Switzerland,CHE,2019,0,FALSE,TRUE,0
Switzerland,CHE,2020,0,FALSE,TRUE,0
Syria,SYR,1980,2184,TRUE,FALSE,3.3394514413064407
Syria,SYR,1981,1736,TRUE,FALSE,3.2397998184470986
Syria,SYR,1982,1834,TRUE,FALSE,3.263636068588108
Syria,SYR,1983,301,TRUE,FALSE,2.4800069429571505
Syria,SYR,1984,203,TRUE,FALSE,2.3096301674258988
Syria,SYR,1985,175,TRUE,FALSE,2.24551266781415
Syria,SYR,1986,280,TRUE,FALSE,2.44870631990508
Syria,SYR,1987,273,TRUE,FALSE,2.437750562820388
Syria,SYR,1988,238,TRUE,FALSE,2.3783979009481375
Syria,SYR,1989,91,TRUE,FALSE,1.9637878273455553
Syria,SYR,1990,91,TRUE,FALSE,1.9637878273455553
Syria,SYR,1991,168,TRUE,FALSE,2.2278867046136734
Syria,SYR,1992,154,TRUE,FALSE,2.1903316981702914
Syria,SYR,1993,0,FALSE,TRUE,0
Syria,SYR,1994,14,TRUE,FALSE,1.1760912590556813
Syria,SYR,1995,28,TRUE,FALSE,1.462397997898956
Syria,SYR,1996,0,FALSE,TRUE,0
Syria,SYR,1997,0,FALSE,TRUE,0
Syria,SYR,1998,0,FALSE,TRUE,0
Syria,SYR,1999,1,TRUE,FALSE,0.3010299956639812
Syria,SYR,2000,0,FALSE,TRUE,0
Syria,SYR,2001,0,FALSE,TRUE,0
Syria,SYR,2002,0,FALSE,TRUE,0
Syria,SYR,2003,0,FALSE,TRUE,0
Syria,SYR,2004,0,FALSE,TRUE,0
Syria,SYR,2005,0,FALSE,TRUE,0
Syria,SYR,2006,0,FALSE,TRUE,0
Syria,SYR,2007,0,FALSE,TRUE,0
Syria,SYR,2008,0,FALSE,TRUE,0
Syria,SYR,2009,0,FALSE,TRUE,0
Syria,SYR,2010,0,FALSE,TRUE,0
Syria,SYR,2011,0,FALSE,TRUE,0
Syria,SYR,2012,0,FALSE,TRUE,0
Syria,SYR,2013,70,TRUE,FALSE,1.8512583487190752
Syria,SYR,2014,1,TRUE,FALSE,0.3010299956639812
Syria,SYR,2015,0,FALSE,TRUE,0
Syria,SYR,2016,0,FALSE,TRUE,0
Syria,SYR,2017,82,TRUE,FALSE,1.919078092376074
Syria,SYR,2018,0,FALSE,TRUE,0
Syria,SYR,2019,0,FALSE,TRUE,0
Syria,SYR,2020,0,FALSE,TRUE,0
Tajikistan,TJK,1991,805,TRUE,FALSE,2.906335041805091
Tajikistan,TJK,1992,35,TRUE,FALSE,1.5563025007672873
Tajikistan,TJK,1993,98,TRUE,FALSE,1.99563519459755
Tajikistan,TJK,1994,182,TRUE,FALSE,2.2624510897304293
Tajikistan,TJK,1995,0,FALSE,TRUE,0
Tajikistan,TJK,1996,0,FALSE,TRUE,0
Tajikistan,TJK,1997,1,TRUE,FALSE,0.3010299956639812
Tajikistan,TJK,1998,0,FALSE,TRUE,0
Tajikistan,TJK,1999,0,FALSE,TRUE,0
Tajikistan,TJK,2000,0,FALSE,TRUE,0
Tajikistan,TJK,2001,0,FALSE,TRUE,0
Tajikistan,TJK,2002,0,FALSE,TRUE,0
Tajikistan,TJK,2003,0,FALSE,TRUE,0
Tajikistan,TJK,2004,0,FALSE,TRUE,0
Tajikistan,TJK,2005,0,FALSE,TRUE,0
Tajikistan,TJK,2006,0,FALSE,TRUE,0
Tajikistan,TJK,2007,0,FALSE,TRUE,0
Tajikistan,TJK,2008,0,FALSE,TRUE,0
Tajikistan,TJK,2009,0,FALSE,TRUE,0
Tajikistan,TJK,2010,511,TRUE,FALSE,2.709269960975831
Tajikistan,TJK,2011,0,FALSE,TRUE,0
Tajikistan,TJK,2012,0,FALSE,TRUE,0
Tajikistan,TJK,2013,0,FALSE,TRUE,0
Tajikistan,TJK,2014,0,FALSE,TRUE,0
Tajikistan,TJK,2015,0,FALSE,TRUE,0
Tajikistan,TJK,2016,0,FALSE,TRUE,0
Tajikistan,TJK,2017,0,FALSE,TRUE,0
Tajikistan,TJK,2018,0,FALSE,TRUE,0
Tajikistan,TJK,2019,0,FALSE,TRUE,0
Tajikistan,TJK,2020,1,TRUE,FALSE,0.3010299956639812
Tanzania,TZA,1980,637,TRUE,FALSE,2.8048206787211623
Tanzania,TZA,1981,483,TRUE,FALSE,2.6848453616444123
Tanzania,TZA,1982,182,TRUE,FALSE,2.2624510897304293
Tanzania,TZA,1983,707,TRUE,FALSE,2.850033257689769
Tanzania,TZA,1984,756,TRUE,FALSE,2.8790958795000727
Tanzania,TZA,1985,2380,TRUE,FALSE,3.37675939540488
Tanzania,TZA,1986,1610,TRUE,FALSE,3.207095540419218
Tanzania,TZA,1987,4046,TRUE,FALSE,3.6071332043915665
Tanzania,TZA,1988,28,TRUE,FALSE,1.462397997898956
Tanzania,TZA,1989,21,TRUE,FALSE,1.3424226808222062
Tanzania,TZA,1990,21,TRUE,FALSE,1.3424226808222062
Tanzania,TZA,1991,28,TRUE,FALSE,1.462397997898956
Tanzania,TZA,1992,63,TRUE,FALSE,1.806179973983887
Tanzania,TZA,1993,7,TRUE,FALSE,0.9030899869919435
Tanzania,TZA,1994,63,TRUE,FALSE,1.806179973983887
Tanzania,TZA,1996,10,TRUE,FALSE,1.0413926851582251
Tanzania,TZA,1997,11,TRUE,FALSE,1.0791812460476249
Tanzania,TZA,1998,73,TRUE,FALSE,1.8692317197309762
Tanzania,TZA,1999,0,FALSE,TRUE,0
Tanzania,TZA,2000,0,FALSE,TRUE,0
Tanzania,TZA,2001,0,FALSE,TRUE,0
Tanzania,TZA,2002,0,FALSE,TRUE,0
Tanzania,TZA,2003,0,FALSE,TRUE,0
Tanzania,TZA,2004,0,FALSE,TRUE,0
Tanzania,TZA,2005,0,FALSE,TRUE,0
Tanzania,TZA,2006,0,FALSE,TRUE,0
Tanzania,TZA,2007,0,FALSE,TRUE,0
Tanzania,TZA,2008,0,FALSE,TRUE,0
Tanzania,TZA,2009,0,FALSE,TRUE,0
Tanzania,TZA,2010,0,FALSE,TRUE,0
Tanzania,TZA,2011,0,FALSE,TRUE,0
Tanzania,TZA,2012,0,FALSE,TRUE,0
Tanzania,TZA,2013,0,FALSE,TRUE,0
Tanzania,TZA,2014,0,FALSE,TRUE,0
Tanzania,TZA,2015,0,FALSE,TRUE,0
Tanzania,TZA,2016,0,FALSE,TRUE,0
Tanzania,TZA,2017,0,FALSE,TRUE,0
Tanzania,TZA,2018,0,FALSE,TRUE,0
Tanzania,TZA,2019,0,FALSE,TRUE,0
Tanzania,TZA,2020,0,FALSE,TRUE,0
Thailand,THA,1980,2100,TRUE,FALSE,3.3224260524059526
Thailand,THA,1981,1799,TRUE,FALSE,3.255272505103306
Thailand,THA,1982,1932,TRUE,FALSE,3.286231854028553
Thailand,THA,1983,1008,TRUE,FALSE,3.0038911662369103
Thailand,THA,1984,567,TRUE,FALSE,2.754348335711019
Thailand,THA,1985,455,TRUE,FALSE,2.658964842664435
Thailand,THA,1986,658,TRUE,FALSE,2.8188854145940097
Thailand,THA,1987,175,TRUE,FALSE,2.24551266781415
Thailand,THA,1988,77,TRUE,FALSE,1.8920946026904804
Thailand,THA,1989,133,TRUE,FALSE,2.1271047983648077
Thailand,THA,1990,28,TRUE,FALSE,1.462397997898956
Thailand,THA,1991,35,TRUE,FALSE,1.5563025007672873
Thailand,THA,1992,63,TRUE,FALSE,1.806179973983887
Thailand,THA,1993,49,TRUE,FALSE,1.6989700043360187
Thailand,THA,1994,7,TRUE,FALSE,0.9030899869919435
Thailand,THA,1995,14,TRUE,FALSE,1.1760912590556813
Thailand,THA,1996,1,TRUE,FALSE,0.3010299956639812
Thailand,THA,1997,21,TRUE,FALSE,1.3424226808222062
Thailand,THA,1998,34,TRUE,FALSE,1.5440680443502757
Thailand,THA,1999,27,TRUE,FALSE,1.4471580313422192
Thailand,THA,2000,22,TRUE,FALSE,1.3617278360175928
Thailand,THA,2001,0,FALSE,TRUE,0
Thailand,THA,2002,0,FALSE,TRUE,0
Thailand,THA,2003,0,FALSE,TRUE,0
Thailand,THA,2004,0,FALSE,TRUE,0
Thailand,THA,2005,0,FALSE,TRUE,0
Thailand,THA,2006,0,FALSE,TRUE,0
Thailand,THA,2007,0,FALSE,TRUE,0
Thailand,THA,2008,0,FALSE,TRUE,0
Thailand,THA,2009,0,FALSE,TRUE,0
Thailand,THA,2010,0,FALSE,TRUE,0
Thailand,THA,2011,0,FALSE,TRUE,0
Thailand,THA,2012,0,FALSE,TRUE,0
Thailand,THA,2013,0,FALSE,TRUE,0
Thailand,THA,2014,0,FALSE,TRUE,0
Thailand,THA,2015,0,FALSE,TRUE,0
Thailand,THA,2016,0,FALSE,TRUE,0
Thailand,THA,2017,0,FALSE,TRUE,0
Thailand,THA,2018,0,FALSE,TRUE,0
Thailand,THA,2019,0,FALSE,TRUE,0
Thailand,THA,2020,0,FALSE,TRUE,0
Togo,TGO,1980,1246,TRUE,FALSE,3.0958664534785427
Togo,TGO,1981,1008,TRUE,FALSE,3.0038911662369103
Togo,TGO,1982,1106,TRUE,FALSE,3.044147620878723
Togo,TGO,1983,434,TRUE,FALSE,2.6384892569546374
Togo,TGO,1984,434,TRUE,FALSE,2.6384892569546374
Togo,TGO,1985,483,TRUE,FALSE,2.6848453616444123
Togo,TGO,1986,322,TRUE,FALSE,2.509202522331103
Togo,TGO,1987,609,TRUE,FALSE,2.785329835010767
Togo,TGO,1988,175,TRUE,FALSE,2.24551266781415
Togo,TGO,1989,56,TRUE,FALSE,1.7558748556724915
Togo,TGO,1990,140,TRUE,FALSE,2.1492191126553797
Togo,TGO,1991,147,TRUE,FALSE,2.1702617153949575
Togo,TGO,1992,84,TRUE,FALSE,1.9294189257142926
Togo,TGO,1993,14,TRUE,FALSE,1.1760912590556813
Togo,TGO,1994,42,TRUE,FALSE,1.6334684555795864
Togo,TGO,1995,35,TRUE,FALSE,1.5563025007672873
Togo,TGO,1996,2,TRUE,FALSE,0.47712125471966244
Togo,TGO,1997,2,TRUE,FALSE,0.47712125471966244
Togo,TGO,1998,6,TRUE,FALSE,0.8450980400142568
Togo,TGO,1999,1,TRUE,FALSE,0.3010299956639812
Togo,TGO,2000,0,FALSE,TRUE,0
Togo,TGO,2001,0,FALSE,TRUE,0
Togo,TGO,2002,0,FALSE,TRUE,0
Togo,TGO,2003,1,TRUE,FALSE,0.3010299956639812
Togo,TGO,2004,0,FALSE,TRUE,0
Togo,TGO,2005,0,FALSE,TRUE,0
Togo,TGO,2006,0,FALSE,TRUE,0
Togo,TGO,2007,0,FALSE,TRUE,0
Togo,TGO,2008,3,TRUE,FALSE,0.6020599913279624
Togo,TGO,2009,7,TRUE,FALSE,0.9030899869919435
Togo,TGO,2010,0,FALSE,TRUE,0
Togo,TGO,2011,0,FALSE,TRUE,0
Togo,TGO,2012,0,FALSE,TRUE,0
Togo,TGO,2013,0,FALSE,TRUE,0
Togo,TGO,2014,0,FALSE,TRUE,0
Togo,TGO,2015,0,FALSE,TRUE,0
Togo,TGO,2016,0,FALSE,TRUE,0
Togo,TGO,2017,0,FALSE,TRUE,0
Togo,TGO,2018,0,FALSE,TRUE,0
Togo,TGO,2019,16,TRUE,FALSE,1.2304489213782739
Togo,TGO,2020,18,TRUE,FALSE,1.2787536009528289
Tonga,TON,1980,0,FALSE,TRUE,0
Tonga,TON,1981,0,FALSE,TRUE,0
Tonga,TON,1982,0,FALSE,TRUE,0
Tonga,TON,1983,0,FALSE,TRUE,0
Tonga,TON,1984,0,FALSE,TRUE,0
Tonga,TON,1985,0,FALSE,TRUE,0
Tonga,TON,1986,0,FALSE,TRUE,0
Tonga,TON,1987,0,FALSE,TRUE,0
Tonga,TON,1988,0,FALSE,TRUE,0
Tonga,TON,1989,0,FALSE,TRUE,0
Tonga,TON,1990,0,FALSE,TRUE,0
Tonga,TON,1991,0,FALSE,TRUE,0
Tonga,TON,1992,0,FALSE,TRUE,0
Tonga,TON,1993,0,FALSE,TRUE,0
Tonga,TON,1994,0,FALSE,TRUE,0
Tonga,TON,1995,0,FALSE,TRUE,0
Tonga,TON,1996,0,FALSE,TRUE,0
Tonga,TON,1997,0,FALSE,TRUE,0
Tonga,TON,1998,0,FALSE,TRUE,0
Tonga,TON,1999,0,FALSE,TRUE,0
Tonga,TON,2000,0,FALSE,TRUE,0
Tonga,TON,2001,0,FALSE,TRUE,0
Tonga,TON,2002,0,FALSE,TRUE,0
Tonga,TON,2003,0,FALSE,TRUE,0
Tonga,TON,2004,0,FALSE,TRUE,0
Tonga,TON,2005,0,FALSE,TRUE,0
Tonga,TON,2006,0,FALSE,TRUE,0
Tonga,TON,2007,0,FALSE,TRUE,0
Tonga,TON,2008,0,FALSE,TRUE,0
Tonga,TON,2010,0,FALSE,TRUE,0
Trinidad and Tobago,TTO,1980,0,FALSE,TRUE,0
Trinidad and Tobago,TTO,1981,0,FALSE,TRUE,0
Trinidad and Tobago,TTO,1982,0,FALSE,TRUE,0
Trinidad and Tobago,TTO,1983,0,FALSE,TRUE,0
Trinidad and Tobago,TTO,1984,0,FALSE,TRUE,0
Trinidad and Tobago,TTO,1985,0,FALSE,TRUE,0
Trinidad and Tobago,TTO,1986,0,FALSE,TRUE,0
Trinidad and Tobago,TTO,1987,0,FALSE,TRUE,0
Trinidad and Tobago,TTO,1988,0,FALSE,TRUE,0
Trinidad and Tobago,TTO,1989,0,FALSE,TRUE,0
Trinidad and Tobago,TTO,1990,0,FALSE,TRUE,0
Trinidad and Tobago,TTO,1991,0,FALSE,TRUE,0
Trinidad and Tobago,TTO,1992,0,FALSE,TRUE,0
Trinidad and Tobago,TTO,1993,0,FALSE,TRUE,0
Trinidad and Tobago,TTO,1994,0,FALSE,TRUE,0
Trinidad and Tobago,TTO,1995,0,FALSE,TRUE,0
Trinidad and Tobago,TTO,1996,0,FALSE,TRUE,0
Trinidad and Tobago,TTO,1997,0,FALSE,TRUE,0
Trinidad and Tobago,TTO,1998,0,FALSE,TRUE,0
Trinidad and Tobago,TTO,1999,0,FALSE,TRUE,0
Trinidad and Tobago,TTO,2000,0,FALSE,TRUE,0
Trinidad and Tobago,TTO,2001,0,FALSE,TRUE,0
Trinidad and Tobago,TTO,2002,0,FALSE,TRUE,0
Trinidad and Tobago,TTO,2003,0,FALSE,TRUE,0
Trinidad and Tobago,TTO,2004,0,FALSE,TRUE,0
Trinidad and Tobago,TTO,2005,0,FALSE,TRUE,0
Trinidad and Tobago,TTO,2006,0,FALSE,TRUE,0
Trinidad and Tobago,TTO,2007,0,FALSE,TRUE,0
Trinidad and Tobago,TTO,2008,0,FALSE,TRUE,0
Trinidad and Tobago,TTO,2010,0,FALSE,TRUE,0
Tunisia,TUN,1980,105,TRUE,FALSE,2.0253058652647704
Tunisia,TUN,1981,280,TRUE,FALSE,2.44870631990508
Tunisia,TUN,1982,42,TRUE,FALSE,1.6334684555795864
Tunisia,TUN,1983,28,TRUE,FALSE,1.462397997898956
Tunisia,TUN,1984,154,TRUE,FALSE,2.1903316981702914
Tunisia,TUN,1985,133,TRUE,FALSE,2.1271047983648077
Tunisia,TUN,1986,77,TRUE,FALSE,1.8920946026904804
Tunisia,TUN,1987,161,TRUE,FALSE,2.2095150145426308
Tunisia,TUN,1988,14,TRUE,FALSE,1.1760912590556813
Tunisia,TUN,1989,0,FALSE,TRUE,0
Tunisia,TUN,1990,0,FALSE,TRUE,0
Tunisia,TUN,1991,21,TRUE,FALSE,1.3424226808222062
Tunisia,TUN,1992,28,TRUE,FALSE,1.462397997898956
Tunisia,TUN,1993,0,FALSE,TRUE,0
Tunisia,TUN,1994,0,FALSE,TRUE,0
Tunisia,TUN,1995,0,FALSE,TRUE,0
Tunisia,TUN,1996,0,FALSE,TRUE,0
Tunisia,TUN,1997,0,FALSE,TRUE,0
Tunisia,TUN,1998,0,FALSE,TRUE,0
Tunisia,TUN,1999,0,FALSE,TRUE,0
Tunisia,TUN,2000,0,FALSE,TRUE,0
Tunisia,TUN,2001,0,FALSE,TRUE,0
Tunisia,TUN,2002,0,FALSE,TRUE,0
Tunisia,TUN,2003,0,FALSE,TRUE,0
Tunisia,TUN,2004,0,FALSE,TRUE,0
Tunisia,TUN,2005,0,FALSE,TRUE,0
Tunisia,TUN,2006,0,FALSE,TRUE,0
Tunisia,TUN,2007,0,FALSE,TRUE,0
Tunisia,TUN,2008,0,FALSE,TRUE,0
Tunisia,TUN,2009,0,FALSE,TRUE,0
Tunisia,TUN,2010,0,FALSE,TRUE,0
Tunisia,TUN,2011,0,FALSE,TRUE,0
Tunisia,TUN,2012,0,FALSE,TRUE,0
Tunisia,TUN,2013,0,FALSE,TRUE,0
Tunisia,TUN,2014,0,FALSE,TRUE,0
Tunisia,TUN,2015,0,FALSE,TRUE,0
Tunisia,TUN,2016,0,FALSE,TRUE,0
Tunisia,TUN,2017,0,FALSE,TRUE,0
Tunisia,TUN,2018,0,FALSE,TRUE,0
Tunisia,TUN,2019,0,FALSE,TRUE,0
Tunisia,TUN,2020,0,FALSE,TRUE,0
Turkey,TUR,1980,1274,TRUE,FALSE,3.1055101847699738
Turkey,TUR,1981,1036,TRUE,FALSE,3.015778756389041
Turkey,TUR,1982,1533,TRUE,FALSE,3.185825359612962
Turkey,TUR,1983,1155,TRUE,FALSE,3.0629578340845103
Turkey,TUR,1984,581,TRUE,FALSE,2.7649229846498886
Turkey,TUR,1985,616,TRUE,FALSE,2.7902851640332416
Turkey,TUR,1986,224,TRUE,FALSE,2.3521825181113627
Turkey,TUR,1987,49,TRUE,FALSE,1.6989700043360187
Turkey,TUR,1988,126,TRUE,FALSE,2.103803720955957
Turkey,TUR,1989,98,TRUE,FALSE,1.99563519459755
Turkey,TUR,1990,168,TRUE,FALSE,2.2278867046136734
Turkey,TUR,1991,0,FALSE,TRUE,0
Turkey,TUR,1992,0,FALSE,TRUE,0
Turkey,TUR,1993,168,TRUE,FALSE,2.2278867046136734
Turkey,TUR,1994,224,TRUE,FALSE,2.3521825181113627
Turkey,TUR,1995,224,TRUE,FALSE,2.3521825181113627
Turkey,TUR,1996,21,TRUE,FALSE,1.3424226808222062
Turkey,TUR,1997,7,TRUE,FALSE,0.9030899869919435
Turkey,TUR,1998,29,TRUE,FALSE,1.4771212547196624
Turkey,TUR,1999,0,FALSE,TRUE,0
Turkey,TUR,2000,0,FALSE,TRUE,0
Turkey,TUR,2001,0,FALSE,TRUE,0
Turkey,TUR,2002,0,FALSE,TRUE,0
Turkey,TUR,2003,0,FALSE,TRUE,0
Turkey,TUR,2004,0,FALSE,TRUE,0
Turkey,TUR,2005,0,FALSE,TRUE,0
Turkey,TUR,2006,0,FALSE,TRUE,0
Turkey,TUR,2007,0,FALSE,TRUE,0
Turkey,TUR,2008,0,FALSE,TRUE,0
Turkey,TUR,2009,0,FALSE,TRUE,0
Turkey,TUR,2010,0,FALSE,TRUE,0
Turkey,TUR,2011,0,FALSE,TRUE,0
Turkey,TUR,2012,0,FALSE,TRUE,0
Turkey,TUR,2013,0,FALSE,TRUE,0
Turkey,TUR,2014,0,FALSE,TRUE,0
Turkey,TUR,2015,0,FALSE,TRUE,0
Turkey,TUR,2016,0,FALSE,TRUE,0
Turkey,TUR,2017,0,FALSE,TRUE,0
Turkey,TUR,2018,0,FALSE,TRUE,0
Turkey,TUR,2019,0,FALSE,TRUE,0
Turkey,TUR,2020,0,FALSE,TRUE,0
Turkmenistan,TKM,1991,112,TRUE,FALSE,2.0530784434834195
Turkmenistan,TKM,1992,28,TRUE,FALSE,1.462397997898956
Turkmenistan,TKM,1993,14,TRUE,FALSE,1.1760912590556813
Turkmenistan,TKM,1994,42,TRUE,FALSE,1.6334684555795864
Turkmenistan,TKM,1995,56,TRUE,FALSE,1.7558748556724915
Turkmenistan,TKM,1996,2,TRUE,FALSE,0.47712125471966244
Turkmenistan,TKM,1997,0,FALSE,TRUE,0
Turkmenistan,TKM,1998,0,FALSE,TRUE,0
Turkmenistan,TKM,1999,0,FALSE,TRUE,0
Turkmenistan,TKM,2000,0,FALSE,TRUE,0
Turkmenistan,TKM,2001,0,FALSE,TRUE,0
Turkmenistan,TKM,2002,0,FALSE,TRUE,0
Turkmenistan,TKM,2003,0,FALSE,TRUE,0
Turkmenistan,TKM,2004,0,FALSE,TRUE,0
Turkmenistan,TKM,2005,0,FALSE,TRUE,0
Turkmenistan,TKM,2006,0,FALSE,TRUE,0
Turkmenistan,TKM,2007,0,FALSE,TRUE,0
Turkmenistan,TKM,2008,0,FALSE,TRUE,0
Turkmenistan,TKM,2009,0,FALSE,TRUE,0
Turkmenistan,TKM,2010,3,TRUE,FALSE,0.6020599913279624
Turkmenistan,TKM,2011,0,FALSE,TRUE,0
Turkmenistan,TKM,2012,0,FALSE,TRUE,0
Turkmenistan,TKM,2013,0,FALSE,TRUE,0
Turkmenistan,TKM,2014,0,FALSE,TRUE,0
Turkmenistan,TKM,2015,0,FALSE,TRUE,0
Turkmenistan,TKM,2016,0,FALSE,TRUE,0
Turkmenistan,TKM,2017,0,FALSE,TRUE,0
Turkmenistan,TKM,2018,0,FALSE,TRUE,0
Turkmenistan,TKM,2019,0,FALSE,TRUE,0
Turkmenistan,TKM,2020,0,FALSE,TRUE,0
Tuvalu,TUV,1980,0,FALSE,TRUE,0
Tuvalu,TUV,1981,0,FALSE,TRUE,0
Tuvalu,TUV,1982,0,FALSE,TRUE,0
Tuvalu,TUV,1983,0,FALSE,TRUE,0
Tuvalu,TUV,1984,0,FALSE,TRUE,0
Tuvalu,TUV,1985,0,FALSE,TRUE,0
Tuvalu,TUV,1986,0,FALSE,TRUE,0
Tuvalu,TUV,1987,0,FALSE,TRUE,0
Tuvalu,TUV,1988,0,FALSE,TRUE,0
Tuvalu,TUV,1989,0,FALSE,TRUE,0
Tuvalu,TUV,1990,0,FALSE,TRUE,0
Tuvalu,TUV,1991,0,FALSE,TRUE,0
Tuvalu,TUV,1992,0,FALSE,TRUE,0
Tuvalu,TUV,1993,0,FALSE,TRUE,0
Tuvalu,TUV,1994,0,FALSE,TRUE,0
Tuvalu,TUV,1995,0,FALSE,TRUE,0
Tuvalu,TUV,1996,0,FALSE,TRUE,0
Tuvalu,TUV,1997,0,FALSE,TRUE,0
Tuvalu,TUV,1999,0,FALSE,TRUE,0
Tuvalu,TUV,2000,0,FALSE,TRUE,0
Tuvalu,TUV,2001,0,FALSE,TRUE,0
Tuvalu,TUV,2002,0,FALSE,TRUE,0
Tuvalu,TUV,2003,0,FALSE,TRUE,0
Tuvalu,TUV,2004,0,FALSE,TRUE,0
Tuvalu,TUV,2005,0,FALSE,TRUE,0
Tuvalu,TUV,2006,0,FALSE,TRUE,0
Tuvalu,TUV,2007,0,FALSE,TRUE,0
Tuvalu,TUV,2008,0,FALSE,TRUE,0
Tuvalu,TUV,2010,0,FALSE,TRUE,0
Uganda,UGA,1980,259,TRUE,FALSE,2.4149733479708178
Uganda,UGA,1981,868,TRUE,FALSE,2.9390197764486663
Uganda,UGA,1982,119,TRUE,FALSE,2.0791812460476247
Uganda,UGA,1983,882,TRUE,FALSE,2.9459607035775686
Uganda,UGA,1984,112,TRUE,FALSE,2.0530784434834195
Uganda,UGA,1988,105,TRUE,FALSE,2.0253058652647704
Uganda,UGA,1989,56,TRUE,FALSE,1.7558748556724915
Uganda,UGA,1990,196,TRUE,FALSE,2.294466226161593
Uganda,UGA,1991,154,TRUE,FALSE,2.1903316981702914
Uganda,UGA,1992,105,TRUE,FALSE,2.0253058652647704
Uganda,UGA,1994,2485,TRUE,FALSE,3.395501124305626
Uganda,UGA,1995,700,TRUE,FALSE,2.8457180179666586
Uganda,UGA,1996,134,TRUE,FALSE,2.130333768495006
Uganda,UGA,1997,39,TRUE,FALSE,1.6020599913279623
Uganda,UGA,1998,51,TRUE,FALSE,1.7160033436347992
Uganda,UGA,1999,0,FALSE,TRUE,0
Uganda,UGA,2000,0,FALSE,TRUE,0
Uganda,UGA,2001,0,FALSE,TRUE,0
Uganda,UGA,2002,0,FALSE,TRUE,0
Uganda,UGA,2003,0,FALSE,TRUE,0
Uganda,UGA,2004,0,FALSE,TRUE,0
Uganda,UGA,2005,0,FALSE,TRUE,0
Uganda,UGA,2006,0,FALSE,TRUE,0
Uganda,UGA,2007,0,FALSE,TRUE,0
Uganda,UGA,2008,0,FALSE,TRUE,0
Uganda,UGA,2009,9,TRUE,FALSE,1
Uganda,UGA,2010,4,TRUE,FALSE,0.6989700043360189
Uganda,UGA,2011,0,FALSE,TRUE,0
Uganda,UGA,2012,0,FALSE,TRUE,0
Uganda,UGA,2013,0,FALSE,TRUE,0
Uganda,UGA,2014,0,FALSE,TRUE,0
Uganda,UGA,2015,0,FALSE,TRUE,0
Uganda,UGA,2016,0,FALSE,TRUE,0
Uganda,UGA,2017,0,FALSE,TRUE,0
Uganda,UGA,2018,0,FALSE,TRUE,0
Uganda,UGA,2019,0,FALSE,TRUE,0
Uganda,UGA,2020,0,FALSE,TRUE,0
Ukraine,UKR,1991,21,TRUE,FALSE,1.3424226808222062
Ukraine,UKR,1992,84,TRUE,FALSE,1.9294189257142926
Ukraine,UKR,1993,35,TRUE,FALSE,1.5563025007672873
Ukraine,UKR,1994,98,TRUE,FALSE,1.99563519459755
Ukraine,UKR,1995,7,TRUE,FALSE,0.9030899869919435
Ukraine,UKR,1996,1,TRUE,FALSE,0.3010299956639812
Ukraine,UKR,1997,0,FALSE,TRUE,0
Ukraine,UKR,1998,0,FALSE,TRUE,0
Ukraine,UKR,1999,0,FALSE,TRUE,0
Ukraine,UKR,2000,0,FALSE,TRUE,0
Ukraine,UKR,2001,0,FALSE,TRUE,0
Ukraine,UKR,2002,0,FALSE,TRUE,0
Ukraine,UKR,2003,0,FALSE,TRUE,0
Ukraine,UKR,2004,0,FALSE,TRUE,0
Ukraine,UKR,2005,0,FALSE,TRUE,0
Ukraine,UKR,2006,0,FALSE,TRUE,0
Ukraine,UKR,2007,0,FALSE,TRUE,0
Ukraine,UKR,2008,0,FALSE,TRUE,0
Ukraine,UKR,2009,0,FALSE,TRUE,0
Ukraine,UKR,2010,0,FALSE,TRUE,0
Ukraine,UKR,2011,0,FALSE,TRUE,0
Ukraine,UKR,2012,0,FALSE,TRUE,0
Ukraine,UKR,2013,0,FALSE,TRUE,0
Ukraine,UKR,2014,0,FALSE,TRUE,0
Ukraine,UKR,2015,2,TRUE,FALSE,0.47712125471966244
Ukraine,UKR,2016,0,FALSE,TRUE,0
Ukraine,UKR,2017,0,FALSE,TRUE,0
Ukraine,UKR,2018,0,FALSE,TRUE,0
Ukraine,UKR,2019,0,FALSE,TRUE,0
Ukraine,UKR,2020,0,FALSE,TRUE,0
United Arab Emirates,ARE,1980,336,TRUE,FALSE,2.5276299008713385
United Arab Emirates,ARE,1981,259,TRUE,FALSE,2.4149733479708178
United Arab Emirates,ARE,1982,406,TRUE,FALSE,2.60959440922522
United Arab Emirates,ARE,1983,91,TRUE,FALSE,1.9637878273455553
United Arab Emirates,ARE,1984,147,TRUE,FALSE,2.1702617153949575
United Arab Emirates,ARE,1985,49,TRUE,FALSE,1.6989700043360187
United Arab Emirates,ARE,1986,42,TRUE,FALSE,1.6334684555795864
United Arab Emirates,ARE,1988,63,TRUE,FALSE,1.806179973983887
United Arab Emirates,ARE,1989,0,FALSE,TRUE,0
United Arab Emirates,ARE,1990,0,FALSE,TRUE,0
United Arab Emirates,ARE,1991,0,FALSE,TRUE,0
United Arab Emirates,ARE,1992,14,TRUE,FALSE,1.1760912590556813
United Arab Emirates,ARE,1993,0,FALSE,TRUE,0
United Arab Emirates,ARE,1994,0,FALSE,TRUE,0
United Arab Emirates,ARE,1995,0,FALSE,TRUE,0
United Arab Emirates,ARE,1996,0,FALSE,TRUE,0
United Arab Emirates,ARE,1997,0,FALSE,TRUE,0
United Arab Emirates,ARE,1998,0,FALSE,TRUE,0
United Arab Emirates,ARE,1999,0,FALSE,TRUE,0
United Arab Emirates,ARE,2000,0,FALSE,TRUE,0
United Arab Emirates,ARE,2001,0,FALSE,TRUE,0
United Arab Emirates,ARE,2002,0,FALSE,TRUE,0
United Arab Emirates,ARE,2003,0,FALSE,TRUE,0
United Arab Emirates,ARE,2004,0,FALSE,TRUE,0
United Arab Emirates,ARE,2005,0,FALSE,TRUE,0
United Arab Emirates,ARE,2006,0,FALSE,TRUE,0
United Arab Emirates,ARE,2007,0,FALSE,TRUE,0
United Arab Emirates,ARE,2008,0,FALSE,TRUE,0
United Arab Emirates,ARE,2009,0,FALSE,TRUE,0
United Arab Emirates,ARE,2010,0,FALSE,TRUE,0
United Arab Emirates,ARE,2011,0,FALSE,TRUE,0
United Arab Emirates,ARE,2012,0,FALSE,TRUE,0
United Arab Emirates,ARE,2013,0,FALSE,TRUE,0
United Arab Emirates,ARE,2014,0,FALSE,TRUE,0
United Arab Emirates,ARE,2015,0,FALSE,TRUE,0
United Arab Emirates,ARE,2016,0,FALSE,TRUE,0
United Arab Emirates,ARE,2017,0,FALSE,TRUE,0
United Arab Emirates,ARE,2018,0,FALSE,TRUE,0
United Arab Emirates,ARE,2019,0,FALSE,TRUE,0
United Arab Emirates,ARE,2020,0,FALSE,TRUE,0
United Kingdom,GBR,1980,21,TRUE,FALSE,1.3424226808222062
United Kingdom,GBR,1981,14,TRUE,FALSE,1.1760912590556813
United Kingdom,GBR,1982,21,TRUE,FALSE,1.3424226808222062
United Kingdom,GBR,1983,35,TRUE,FALSE,1.5563025007672873
United Kingdom,GBR,1984,42,TRUE,FALSE,1.6334684555795864
United Kingdom,GBR,1985,14,TRUE,FALSE,1.1760912590556813
United Kingdom,GBR,1986,0,FALSE,TRUE,0
United Kingdom,GBR,1987,0,FALSE,TRUE,0
United Kingdom,GBR,1988,7,TRUE,FALSE,0.9030899869919435
United Kingdom,GBR,1989,0,FALSE,TRUE,0
United Kingdom,GBR,1990,0,FALSE,TRUE,0
United Kingdom,GBR,1991,35,TRUE,FALSE,1.5563025007672873
United Kingdom,GBR,1992,21,TRUE,FALSE,1.3424226808222062
United Kingdom,GBR,1993,7,TRUE,FALSE,0.9030899869919435
United Kingdom,GBR,1994,0,FALSE,TRUE,0
United Kingdom,GBR,1995,0,FALSE,TRUE,0
United Kingdom,GBR,1996,0,FALSE,TRUE,0
United Kingdom,GBR,1997,0,FALSE,TRUE,0
United Kingdom,GBR,1998,0,FALSE,TRUE,0
United Kingdom,GBR,1999,0,FALSE,TRUE,0
United Kingdom,GBR,2000,0,FALSE,TRUE,0
United Kingdom,GBR,2001,0,FALSE,TRUE,0
United Kingdom,GBR,2002,0,FALSE,TRUE,0
United Kingdom,GBR,2003,0,FALSE,TRUE,0
United Kingdom,GBR,2004,0,FALSE,TRUE,0
United Kingdom,GBR,2005,0,FALSE,TRUE,0
United Kingdom,GBR,2006,0,FALSE,TRUE,0
United Kingdom,GBR,2007,0,FALSE,TRUE,0
United Kingdom,GBR,2008,0,FALSE,TRUE,0
United Kingdom,GBR,2009,0,FALSE,TRUE,0
United Kingdom,GBR,2010,0,FALSE,TRUE,0
United Kingdom,GBR,2011,0,FALSE,TRUE,0
United Kingdom,GBR,2012,0,FALSE,TRUE,0
United Kingdom,GBR,2013,0,FALSE,TRUE,0
United Kingdom,GBR,2014,0,FALSE,TRUE,0
United Kingdom,GBR,2015,0,FALSE,TRUE,0
United Kingdom,GBR,2016,0,FALSE,TRUE,0
United Kingdom,GBR,2017,0,FALSE,TRUE,0
United Kingdom,GBR,2018,0,FALSE,TRUE,0
United Kingdom,GBR,2019,0,FALSE,TRUE,0
United Kingdom,GBR,2020,0,FALSE,TRUE,0
United States,USA,1980,56,TRUE,FALSE,1.7558748556724915
United States,USA,1981,42,TRUE,FALSE,1.6334684555795864
United States,USA,1982,56,TRUE,FALSE,1.7558748556724915
United States,USA,1983,105,TRUE,FALSE,2.0253058652647704
United States,USA,1984,56,TRUE,FALSE,1.7558748556724915
United States,USA,1985,49,TRUE,FALSE,1.6989700043360187
United States,USA,1986,63,TRUE,FALSE,1.806179973983887
United States,USA,1987,0,FALSE,TRUE,0
United States,USA,1988,0,FALSE,TRUE,0
United States,USA,1989,0,FALSE,TRUE,0
United States,USA,1990,0,FALSE,TRUE,0
United States,USA,1991,0,FALSE,TRUE,0
United States,USA,1992,0,FALSE,TRUE,0
United States,USA,1993,0,FALSE,TRUE,0
United States,USA,1994,0,FALSE,TRUE,0
United States,USA,1995,0,FALSE,TRUE,0
United States,USA,1996,0,FALSE,TRUE,0
United States,USA,1997,0,FALSE,TRUE,0
United States,USA,1998,0,FALSE,TRUE,0
United States,USA,1999,0,FALSE,TRUE,0
United States,USA,2000,0,FALSE,TRUE,0
United States,USA,2001,0,FALSE,TRUE,0
United States,USA,2002,0,FALSE,TRUE,0
United States,USA,2003,0,FALSE,TRUE,0
United States,USA,2004,0,FALSE,TRUE,0
United States,USA,2005,0,FALSE,TRUE,0
United States,USA,2006,0,FALSE,TRUE,0
United States,USA,2007,0,FALSE,TRUE,0
United States,USA,2008,0,FALSE,TRUE,0
United States,USA,2009,0,FALSE,TRUE,0
United States,USA,2010,0,FALSE,TRUE,0
United States,USA,2011,0,FALSE,TRUE,0
United States,USA,2012,0,FALSE,TRUE,0
United States,USA,2013,0,FALSE,TRUE,0
United States,USA,2014,0,FALSE,TRUE,0
United States,USA,2015,0,FALSE,TRUE,0
United States,USA,2016,0,FALSE,TRUE,0
United States,USA,2017,0,FALSE,TRUE,0
United States,USA,2018,0,FALSE,TRUE,0
United States,USA,2019,0,FALSE,TRUE,0
United States,USA,2020,0,FALSE,TRUE,0
Uruguay,URY,1980,0,FALSE,TRUE,0
Uruguay,URY,1981,0,FALSE,TRUE,0
Uruguay,URY,1982,0,FALSE,TRUE,0
Uruguay,URY,1983,0,FALSE,TRUE,0
Uruguay,URY,1984,0,FALSE,TRUE,0
Uruguay,URY,1985,0,FALSE,TRUE,0
Uruguay,URY,1986,0,FALSE,TRUE,0
Uruguay,URY,1987,0,FALSE,TRUE,0
Uruguay,URY,1988,0,FALSE,TRUE,0
Uruguay,URY,1989,0,FALSE,TRUE,0
Uruguay,URY,1990,0,FALSE,TRUE,0
Uruguay,URY,1991,0,FALSE,TRUE,0
Uruguay,URY,1992,0,FALSE,TRUE,0
Uruguay,URY,1993,0,FALSE,TRUE,0
Uruguay,URY,1994,0,FALSE,TRUE,0
Uruguay,URY,1995,0,FALSE,TRUE,0
Uruguay,URY,1996,0,FALSE,TRUE,0
Uruguay,URY,1997,0,FALSE,TRUE,0
Uruguay,URY,1998,0,FALSE,TRUE,0
Uruguay,URY,1999,0,FALSE,TRUE,0
Uruguay,URY,2000,0,FALSE,TRUE,0
Uruguay,URY,2001,0,FALSE,TRUE,0
Uruguay,URY,2002,0,FALSE,TRUE,0
Uruguay,URY,2003,0,FALSE,TRUE,0
Uruguay,URY,2004,0,FALSE,TRUE,0
Uruguay,URY,2005,0,FALSE,TRUE,0
Uruguay,URY,2006,0,FALSE,TRUE,0
Uruguay,URY,2007,0,FALSE,TRUE,0
Uruguay,URY,2008,0,FALSE,TRUE,0
Uruguay,URY,2009,0,FALSE,TRUE,0
Uruguay,URY,2010,0,FALSE,TRUE,0
Uruguay,URY,2011,0,FALSE,TRUE,0
Uruguay,URY,2012,0,FALSE,TRUE,0
Uruguay,URY,2013,0,FALSE,TRUE,0
Uruguay,URY,2014,0,FALSE,TRUE,0
Uruguay,URY,2015,0,FALSE,TRUE,0
Uruguay,URY,2016,0,FALSE,TRUE,0
Uruguay,URY,2017,0,FALSE,TRUE,0
Uruguay,URY,2018,0,FALSE,TRUE,0
Uruguay,URY,2019,0,FALSE,TRUE,0
Uruguay,URY,2020,0,FALSE,TRUE,0
Uzbekistan,UZB,1991,140,TRUE,FALSE,2.1492191126553797
Uzbekistan,UZB,1992,77,TRUE,FALSE,1.8920946026904804
Uzbekistan,UZB,1993,476,TRUE,FALSE,2.678518379040114
Uzbekistan,UZB,1994,819,TRUE,FALSE,2.9138138523837167
Uzbekistan,UZB,1995,7,TRUE,FALSE,0.9030899869919435
Uzbekistan,UZB,1996,0,FALSE,TRUE,0
Uzbekistan,UZB,1997,0,FALSE,TRUE,0
Uzbekistan,UZB,1998,0,FALSE,TRUE,0
Uzbekistan,UZB,1999,0,FALSE,TRUE,0
Uzbekistan,UZB,2000,0,FALSE,TRUE,0
Uzbekistan,UZB,2001,0,FALSE,TRUE,0
Uzbekistan,UZB,2002,0,FALSE,TRUE,0
Uzbekistan,UZB,2003,0,FALSE,TRUE,0
Uzbekistan,UZB,2004,0,FALSE,TRUE,0
Uzbekistan,UZB,2005,0,FALSE,TRUE,0
Uzbekistan,UZB,2006,0,FALSE,TRUE,0
Uzbekistan,UZB,2007,0,FALSE,TRUE,0
Uzbekistan,UZB,2008,0,FALSE,TRUE,0
Uzbekistan,UZB,2009,0,FALSE,TRUE,0
Uzbekistan,UZB,2010,0,FALSE,TRUE,0
Uzbekistan,UZB,2011,0,FALSE,TRUE,0
Uzbekistan,UZB,2012,0,FALSE,TRUE,0
Uzbekistan,UZB,2013,0,FALSE,TRUE,0
Uzbekistan,UZB,2014,0,FALSE,TRUE,0
Uzbekistan,UZB,2015,0,FALSE,TRUE,0
Uzbekistan,UZB,2016,0,FALSE,TRUE,0
Uzbekistan,UZB,2017,0,FALSE,TRUE,0
Uzbekistan,UZB,2018,0,FALSE,TRUE,0
Uzbekistan,UZB,2019,0,FALSE,TRUE,0
Uzbekistan,UZB,2020,0,FALSE,TRUE,0
Vanuatu,VUT,1980,14,TRUE,FALSE,1.1760912590556813
Vanuatu,VUT,1981,7,TRUE,FALSE,0.9030899869919435
Vanuatu,VUT,1982,14,TRUE,FALSE,1.1760912590556813
Vanuatu,VUT,1983,0,FALSE,TRUE,0
Vanuatu,VUT,1984,0,FALSE,TRUE,0
Vanuatu,VUT,1985,0,FALSE,TRUE,0
Vanuatu,VUT,1986,0,FALSE,TRUE,0
Vanuatu,VUT,1987,0,FALSE,TRUE,0
Vanuatu,VUT,1988,0,FALSE,TRUE,0
Vanuatu,VUT,1989,0,FALSE,TRUE,0
Vanuatu,VUT,1990,0,FALSE,TRUE,0
Vanuatu,VUT,1991,0,FALSE,TRUE,0
Vanuatu,VUT,1992,0,FALSE,TRUE,0
Vanuatu,VUT,1993,0,FALSE,TRUE,0
Vanuatu,VUT,1994,0,FALSE,TRUE,0
Vanuatu,VUT,1995,0,FALSE,TRUE,0
Vanuatu,VUT,1996,0,FALSE,TRUE,0
Vanuatu,VUT,1997,0,FALSE,TRUE,0
Vanuatu,VUT,1998,0,FALSE,TRUE,0
Vanuatu,VUT,1999,0,FALSE,TRUE,0
Vanuatu,VUT,2000,0,FALSE,TRUE,0
Vanuatu,VUT,2001,0,FALSE,TRUE,0
Vanuatu,VUT,2002,0,FALSE,TRUE,0
Vanuatu,VUT,2003,0,FALSE,TRUE,0
Vanuatu,VUT,2004,0,FALSE,TRUE,0
Vanuatu,VUT,2005,0,FALSE,TRUE,0
Vanuatu,VUT,2006,0,FALSE,TRUE,0
Vanuatu,VUT,2007,0,FALSE,TRUE,0
Vanuatu,VUT,2008,0,FALSE,TRUE,0
Vanuatu,VUT,2010,0,FALSE,TRUE,0
Venezuela,VEN,1980,77,TRUE,FALSE,1.8920946026904804
Venezuela,VEN,1981,476,TRUE,FALSE,2.678518379040114
Venezuela,VEN,1982,210,TRUE,FALSE,2.3242824552976926
Venezuela,VEN,1983,63,TRUE,FALSE,1.806179973983887
Venezuela,VEN,1984,63,TRUE,FALSE,1.806179973983887
Venezuela,VEN,1985,56,TRUE,FALSE,1.7558748556724915
Venezuela,VEN,1986,189,TRUE,FALSE,2.278753600952829
Venezuela,VEN,1987,322,TRUE,FALSE,2.509202522331103
Venezuela,VEN,1988,119,TRUE,FALSE,2.0791812460476247
Venezuela,VEN,1989,112,TRUE,FALSE,2.0530784434834195
Venezuela,VEN,1990,0,FALSE,TRUE,0
Venezuela,VEN,1991,0,FALSE,TRUE,0
Venezuela,VEN,1992,0,FALSE,TRUE,0
Venezuela,VEN,1993,0,FALSE,TRUE,0
Venezuela,VEN,1994,0,FALSE,TRUE,0
Venezuela,VEN,1995,0,FALSE,TRUE,0
Venezuela,VEN,1996,0,FALSE,TRUE,0
Venezuela,VEN,1997,0,FALSE,TRUE,0
Venezuela,VEN,1998,0,FALSE,TRUE,0
Venezuela,VEN,1999,0,FALSE,TRUE,0
Venezuela,VEN,2000,0,FALSE,TRUE,0
Venezuela,VEN,2001,0,FALSE,TRUE,0
Venezuela,VEN,2002,0,FALSE,TRUE,0
Venezuela,VEN,2003,0,FALSE,TRUE,0
Venezuela,VEN,2004,0,FALSE,TRUE,0
Venezuela,VEN,2005,0,FALSE,TRUE,0
Venezuela,VEN,2006,0,FALSE,TRUE,0
Venezuela,VEN,2007,0,FALSE,TRUE,0
Venezuela,VEN,2008,0,FALSE,TRUE,0
Venezuela,VEN,2009,0,FALSE,TRUE,0
Venezuela,VEN,2010,0,FALSE,TRUE,0
Venezuela,VEN,2011,0,FALSE,TRUE,0
Venezuela,VEN,2012,0,FALSE,TRUE,0
Venezuela,VEN,2013,0,FALSE,TRUE,0
Venezuela,VEN,2014,0,FALSE,TRUE,0
Venezuela,VEN,2015,0,FALSE,TRUE,0
Venezuela,VEN,2016,0,FALSE,TRUE,0
Venezuela,VEN,2017,0,FALSE,TRUE,0
Venezuela,VEN,2018,0,FALSE,TRUE,0
Venezuela,VEN,2019,0,FALSE,TRUE,0
Venezuela,VEN,2020,0,FALSE,TRUE,0
Vietnam,VNM,1980,12187,TRUE,FALSE,4.085932445550636
Vietnam,VNM,1981,4508,TRUE,FALSE,3.6540802353065707
Vietnam,VNM,1982,6279,TRUE,FALSE,3.797959643737196
Vietnam,VNM,1983,7763,TRUE,FALSE,3.8900855267163252
Vietnam,VNM,1984,8106,TRUE,FALSE,3.9088601730172767
Vietnam,VNM,1985,11200,TRUE,FALSE,4.0492567972322275
Vietnam,VNM,1986,6566,TRUE,FALSE,3.8173670162875943
Vietnam,VNM,1987,10143,TRUE,FALSE,4.0062092405376575
Vietnam,VNM,1988,5873,TRUE,FALSE,3.7689339421867816
Vietnam,VNM,1989,2989,TRUE,FALSE,3.4756711883244296
Vietnam,VNM,1990,5061,TRUE,FALSE,3.7043221408222355
Vietnam,VNM,1991,4284,TRUE,FALSE,3.631950826259217
Vietnam,VNM,1992,3899,TRUE,FALSE,3.591064607026499
Vietnam,VNM,1993,3164,TRUE,FALSE,3.500373714353374
Vietnam,VNM,1994,847,TRUE,FALSE,2.9283958522567137
Vietnam,VNM,1995,959,TRUE,FALSE,2.9822712330395684
Vietnam,VNM,1996,2,TRUE,FALSE,0.47712125471966244
Vietnam,VNM,1997,1,TRUE,FALSE,0.3010299956639812
Vietnam,VNM,1998,0,FALSE,TRUE,0
Vietnam,VNM,1999,0,FALSE,TRUE,0
Vietnam,VNM,2000,0,FALSE,TRUE,0
Vietnam,VNM,2001,0,FALSE,TRUE,0
Vietnam,VNM,2002,0,FALSE,TRUE,0
Vietnam,VNM,2003,0,FALSE,TRUE,0
Vietnam,VNM,2004,0,FALSE,TRUE,0
Vietnam,VNM,2005,0,FALSE,TRUE,0
Vietnam,VNM,2006,0,FALSE,TRUE,0
Vietnam,VNM,2007,0,FALSE,TRUE,0
Vietnam,VNM,2008,0,FALSE,TRUE,0
Vietnam,VNM,2009,0,FALSE,TRUE,0
Vietnam,VNM,2010,0,FALSE,TRUE,0
Vietnam,VNM,2011,0,FALSE,TRUE,0
Vietnam,VNM,2012,0,FALSE,TRUE,0
Vietnam,VNM,2013,0,FALSE,TRUE,0
Vietnam,VNM,2014,0,FALSE,TRUE,0
Vietnam,VNM,2015,0,FALSE,TRUE,0
Vietnam,VNM,2016,0,FALSE,TRUE,0
Vietnam,VNM,2017,0,FALSE,TRUE,0
Vietnam,VNM,2018,0,FALSE,TRUE,0
Vietnam,VNM,2019,0,FALSE,TRUE,0
Vietnam,VNM,2020,0,FALSE,TRUE,0
Yemen,YEM,1980,5054,TRUE,FALSE,3.70372115992702
Yemen,YEM,1981,3787,TRUE,FALSE,3.578409970331236
Yemen,YEM,1982,1645,TRUE,FALSE,3.216429830876251
Yemen,YEM,1983,4431,TRUE,FALSE,3.646599751720373
Yemen,YEM,1984,5369,TRUE,FALSE,3.7299742856995555
Yemen,YEM,1985,2352,TRUE,FALSE,3.3716219271760215
Yemen,YEM,1986,4207,TRUE,FALSE,3.6240757311456826
Yemen,YEM,1987,1253,TRUE,FALSE,3.0982975364946976
Yemen,YEM,1988,798,TRUE,FALSE,2.902546779313991
Yemen,YEM,1989,4907,TRUE,FALSE,3.6909045540549665
Yemen,YEM,1991,189,TRUE,FALSE,2.278753600952829
Yemen,YEM,1992,315,TRUE,FALSE,2.499687082618404
Yemen,YEM,1993,406,TRUE,FALSE,2.60959440922522
Yemen,YEM,1994,1211,TRUE,FALSE,3.0835026198302673
Yemen,YEM,1995,315,TRUE,FALSE,2.499687082618404
Yemen,YEM,1996,8,TRUE,FALSE,0.9542425094393249
Yemen,YEM,1997,0,FALSE,TRUE,0
Yemen,YEM,1998,18,TRUE,FALSE,1.2787536009528289
Yemen,YEM,1999,28,TRUE,FALSE,1.462397997898956
Yemen,YEM,2000,0,FALSE,TRUE,0
Yemen,YEM,2001,0,FALSE,TRUE,0
Yemen,YEM,2002,0,FALSE,TRUE,0
Yemen,YEM,2003,0,FALSE,TRUE,0
Yemen,YEM,2004,0,FALSE,TRUE,0
Yemen,YEM,2005,956,TRUE,FALSE,2.9809119377768436
Yemen,YEM,2006,1,TRUE,FALSE,0.3010299956639812
Yemen,YEM,2007,0,FALSE,TRUE,0
Yemen,YEM,2008,0,FALSE,TRUE,0
Yemen,YEM,2009,0,FALSE,TRUE,0
Yemen,YEM,2010,0,FALSE,TRUE,0
Yemen,YEM,2011,10,TRUE,FALSE,1.0413926851582251
Yemen,YEM,2012,2,TRUE,FALSE,0.47712125471966244
Yemen,YEM,2013,1,TRUE,FALSE,0.3010299956639812
Yemen,YEM,2014,0,FALSE,TRUE,0
Yemen,YEM,2015,0,FALSE,TRUE,0
Yemen,YEM,2016,0,FALSE,TRUE,0
Yemen,YEM,2017,0,FALSE,TRUE,0
Yemen,YEM,2018,0,FALSE,TRUE,0
Yemen,YEM,2019,1,TRUE,FALSE,0.3010299956639812
Yemen,YEM,2020,34,TRUE,FALSE,1.5440680443502757
Zambia,ZMB,1980,1932,TRUE,FALSE,3.286231854028553
Zambia,ZMB,1981,3003,TRUE,FALSE,3.4776999283321306
Zambia,ZMB,1982,1701,TRUE,FALSE,3.230959555748569
Zambia,ZMB,1983,1274,TRUE,FALSE,3.1055101847699738
Zambia,ZMB,1984,1239,TRUE,FALSE,3.093421685162235
Zambia,ZMB,1985,896,TRUE,FALSE,2.952792443044092
Zambia,ZMB,1986,938,TRUE,FALSE,2.972665592266111
Zambia,ZMB,1987,483,TRUE,FALSE,2.6848453616444123
Zambia,ZMB,1988,595,TRUE,FALSE,2.7752462597402365
Zambia,ZMB,1989,329,TRUE,FALSE,2.5185139398778875
Zambia,ZMB,1990,553,TRUE,FALSE,2.74350976472843
Zambia,ZMB,1992,35,TRUE,FALSE,1.5563025007672873
Zambia,ZMB,1993,2590,TRUE,FALSE,3.413467412985825
Zambia,ZMB,1994,98,TRUE,FALSE,1.99563519459755
Zambia,ZMB,1995,42,TRUE,FALSE,1.6334684555795864
Zambia,ZMB,1996,0,FALSE,TRUE,0
Zambia,ZMB,1997,6,TRUE,FALSE,0.8450980400142568
Zambia,ZMB,1998,7,TRUE,FALSE,0.9030899869919435
Zambia,ZMB,1999,32,TRUE,FALSE,1.5185139398778875
Zambia,ZMB,2000,0,FALSE,TRUE,0
Zambia,ZMB,2001,6,TRUE,FALSE,0.8450980400142568
Zambia,ZMB,2002,4,TRUE,FALSE,0.6989700043360189
Zambia,ZMB,2003,0,FALSE,TRUE,0
Zambia,ZMB,2004,0,FALSE,TRUE,0
Zambia,ZMB,2005,0,FALSE,TRUE,0
Zambia,ZMB,2006,0,FALSE,TRUE,0
Zambia,ZMB,2007,0,FALSE,TRUE,0
Zambia,ZMB,2008,0,FALSE,TRUE,0
Zambia,ZMB,2009,0,FALSE,TRUE,0
Zambia,ZMB,2010,0,FALSE,TRUE,0
Zambia,ZMB,2011,0,FALSE,TRUE,0
Zambia,ZMB,2012,0,FALSE,TRUE,0
Zambia,ZMB,2013,0,FALSE,TRUE,0
Zambia,ZMB,2014,0,FALSE,TRUE,0
Zambia,ZMB,2015,0,FALSE,TRUE,0
Zambia,ZMB,2016,0,FALSE,TRUE,0
Zambia,ZMB,2017,0,FALSE,TRUE,0
Zambia,ZMB,2018,0,FALSE,TRUE,0
Zambia,ZMB,2019,2,TRUE,FALSE,0.47712125471966244
Zambia,ZMB,2020,0,FALSE,TRUE,0
Zimbabwe,ZWE,1980,224,TRUE,FALSE,2.3521825181113627
Zimbabwe,ZWE,1981,196,TRUE,FALSE,2.294466226161593
Zimbabwe,ZWE,1982,63,TRUE,FALSE,1.806179973983887
Zimbabwe,ZWE,1983,21,TRUE,FALSE,1.3424226808222062
Zimbabwe,ZWE,1984,28,TRUE,FALSE,1.462397997898956
Zimbabwe,ZWE,1985,483,TRUE,FALSE,2.6848453616444123
Zimbabwe,ZWE,1986,644,TRUE,FALSE,2.8095597146352675
Zimbabwe,ZWE,1987,35,TRUE,FALSE,1.5563025007672873
Zimbabwe,ZWE,1988,28,TRUE,FALSE,1.462397997898956
Zimbabwe,ZWE,1989,7,TRUE,FALSE,0.9030899869919435
Zimbabwe,ZWE,1990,0,FALSE,TRUE,0
Zimbabwe,ZWE,1991,0,FALSE,TRUE,0
Zimbabwe,ZWE,1992,0,FALSE,TRUE,0
Zimbabwe,ZWE,1993,0,FALSE,TRUE,0
Zimbabwe,ZWE,1994,35,TRUE,FALSE,1.5563025007672873
Zimbabwe,ZWE,1995,7,TRUE,FALSE,0.9030899869919435
Zimbabwe,ZWE,1996,1,TRUE,FALSE,0.3010299956639812
Zimbabwe,ZWE,1997,3,TRUE,FALSE,0.6020599913279624
Zimbabwe,ZWE,1998,19,TRUE,FALSE,1.3010299956639813
Zimbabwe,ZWE,1999,2,TRUE,FALSE,0.47712125471966244
Zimbabwe,ZWE,2000,0,FALSE,TRUE,0
Zimbabwe,ZWE,2001,0,FALSE,TRUE,0
Zimbabwe,ZWE,2002,0,FALSE,TRUE,0
Zimbabwe,ZWE,2003,0,FALSE,TRUE,0
Zimbabwe,ZWE,2004,0,FALSE,TRUE,0
Zimbabwe,ZWE,2005,0,FALSE,TRUE,0
Zimbabwe,ZWE,2006,0,FALSE,TRUE,0
Zimbabwe,ZWE,2007,0,FALSE,TRUE,0
Zimbabwe,ZWE,2008,0,FALSE,TRUE,0
Zimbabwe,ZWE,2009,0,FALSE,TRUE,0
Zimbabwe,ZWE,2010,0,FALSE,TRUE,0
Zimbabwe,ZWE,2011,0,FALSE,TRUE,0
Zimbabwe,ZWE,2012,0,FALSE,TRUE,0
Zimbabwe,ZWE,2013,0,FALSE,TRUE,0
Zimbabwe,ZWE,2014,0,FALSE,TRUE,0
Zimbabwe,ZWE,2015,0,FALSE,TRUE,0
Zimbabwe,ZWE,2016,0,FALSE,TRUE,0
Zimbabwe,ZWE,2017,0,FALSE,TRUE,0
Zimbabwe,ZWE,2018,0,FALSE,TRUE,0
Zimbabwe,ZWE,2019,0,FALSE,TRUE,0
Zimbabwe,ZWE,2020,0,FALSE,TRUE,0
